2026-07-24 23:30:55 | INFO  | [20260724_233055] 策略启动, 初始资金 ¥8,000
2026-07-24 23:30:55 | WARNING | [20260724_233055] 银行ETF amount为估算值 (MAE 1-3%)
2026-07-24 23:30:55 | INFO  | NAV 2026-07-24 | 净值7,995 | 现金7,995 | 市值0 | 日收益+0.00% | 持仓0只
2026-07-24 23:30:55 | INFO  | NAV 2026-07-25 | 净值16,045 | 现金7,995 | 市值8,050 | 日收益+0.69% | 持仓1只
2026-07-24 23:30:55 | ERROR | [20260724_233055] 模拟异常: 除零错误
Traceback (most recent call last):
  File "c:\Users\Administrator\Documents\AgentETF\logger.py", line 392, in <module>
    1 / 0
    ~~^~~
ZeroDivisionError: division by zero
2026-07-24 23:40:49 | INFO  | [20260724_234049] ========================================
2026-07-24 23:40:49 | INFO  | [20260724_234049] 系统启动 | 模式: 回测 | 资金: 8,000
2026-07-24 23:41:01 | INFO  | [20260724_234049] 开始回测...
2026-07-24 23:41:01 | WARNING | [20260724_234049] 2025-09-01 回测异常: 'Index' object has no attribute 'strftime'
2026-07-24 23:41:01 | WARNING | [20260724_234049] 2025-09-02 回测异常: 'Index' object has no attribute 'strftime'
2026-07-24 23:41:01 | WARNING | [20260724_234049] 2025-09-03 回测异常: 'Index' object has no attribute 'strftime'
2026-07-24 23:41:01 | WARNING | [20260724_234049] 2025-09-04 回测异常: 'Index' object has no attribute 'strftime'
2026-07-24 23:41:01 | WARNING | [20260724_234049] 2025-09-05 回测异常: 'Index' object has no attribute 'strftime'
2026-07-24 23:41:01 | WARNING | [20260724_234049] 2025-09-08 回测异常: 'Index' object has no attribute 'strftime'
2026-07-24 23:41:01 | WARNING | [20260724_234049] 2025-09-09 回测异常: 'Index' object has no attribute 'strftime'
2026-07-24 23:41:01 | WARNING | [20260724_234049] 2025-09-10 回测异常: 'Index' object has no attribute 'strftime'
2026-07-24 23:41:01 | WARNING | [20260724_234049] 2025-09-11 回测异常: 'Index' object has no attribute 'strftime'
2026-07-24 23:41:01 | WARNING | [20260724_234049] 2025-09-12 回测异常: 'Index' object has no attribute 'strftime'
2026-07-24 23:41:01 | WARNING | [20260724_234049] 2025-09-15 回测异常: 'Index' object has no attribute 'strftime'
2026-07-24 23:41:01 | WARNING | [20260724_234049] 2025-09-16 回测异常: 'Index' object has no attribute 'strftime'
2026-07-24 23:41:01 | WARNING | [20260724_234049] 2025-09-17 回测异常: 'Index' object has no attribute 'strftime'
2026-07-24 23:41:01 | WARNING | [20260724_234049] 2025-09-18 回测异常: 'Index' object has no attribute 'strftime'
2026-07-24 23:41:01 | WARNING | [20260724_234049] 2025-09-19 回测异常: 'Index' object has no attribute 'strftime'
2026-07-24 23:41:01 | WARNING | [20260724_234049] 2025-09-22 回测异常: 'Index' object has no attribute 'strftime'
2026-07-24 23:41:01 | WARNING | [20260724_234049] 2025-09-23 回测异常: 'Index' object has no attribute 'strftime'
2026-07-24 23:41:01 | WARNING | [20260724_234049] 2025-09-24 回测异常: 'Index' object has no attribute 'strftime'
2026-07-24 23:41:01 | WARNING | [20260724_234049] 2025-09-25 回测异常: 'Index' object has no attribute 'strftime'
2026-07-24 23:41:01 | WARNING | [20260724_234049] 2025-09-26 回测异常: 'Index' object has no attribute 'strftime'
2026-07-24 23:41:01 | WARNING | [20260724_234049] 2025-09-29 回测异常: 'Index' object has no attribute 'strftime'
2026-07-24 23:41:01 | WARNING | [20260724_234049] 2025-09-30 回测异常: 'Index' object has no attribute 'strftime'
2026-07-24 23:41:01 | WARNING | [20260724_234049] 2025-10-09 回测异常: 'Index' object has no attribute 'strftime'
2026-07-24 23:41:01 | WARNING | [20260724_234049] 2025-10-10 回测异常: 'Index' object has no attribute 'strftime'
2026-07-24 23:41:01 | WARNING | [20260724_234049] 2025-10-13 回测异常: 'Index' object has no attribute 'strftime'
2026-07-24 23:41:01 | WARNING | [20260724_234049] 2025-10-14 回测异常: 'Index' object has no attribute 'strftime'
2026-07-24 23:41:01 | WARNING | [20260724_234049] 2025-10-15 回测异常: 'Index' object has no attribute 'strftime'
2026-07-24 23:41:01 | WARNING | [20260724_234049] 2025-10-16 回测异常: 'Index' object has no attribute 'strftime'
2026-07-24 23:41:01 | WARNING | [20260724_234049] 2025-10-17 回测异常: 'Index' object has no attribute 'strftime'
2026-07-24 23:41:01 | WARNING | [20260724_234049] 2025-10-20 回测异常: 'Index' object has no attribute 'strftime'
2026-07-24 23:41:01 | WARNING | [20260724_234049] 2025-10-21 回测异常: 'Index' object has no attribute 'strftime'
2026-07-24 23:41:01 | WARNING | [20260724_234049] 2025-10-22 回测异常: 'Index' object has no attribute 'strftime'
2026-07-24 23:41:01 | WARNING | [20260724_234049] 2025-10-23 回测异常: 'Index' object has no attribute 'strftime'
2026-07-24 23:41:01 | WARNING | [20260724_234049] 2025-10-24 回测异常: 'Index' object has no attribute 'strftime'
2026-07-24 23:41:02 | WARNING | [20260724_234049] 2025-10-27 回测异常: 'Index' object has no attribute 'strftime'
2026-07-24 23:41:02 | WARNING | [20260724_234049] 2025-10-28 回测异常: 'Index' object has no attribute 'strftime'
2026-07-24 23:41:02 | WARNING | [20260724_234049] 2025-10-29 回测异常: 'Index' object has no attribute 'strftime'
2026-07-24 23:41:02 | WARNING | [20260724_234049] 2025-10-30 回测异常: 'Index' object has no attribute 'strftime'
2026-07-24 23:41:02 | WARNING | [20260724_234049] 2025-10-31 回测异常: 'Index' object has no attribute 'strftime'
2026-07-24 23:41:02 | WARNING | [20260724_234049] 2025-11-03 回测异常: 'Index' object has no attribute 'strftime'
2026-07-24 23:41:02 | WARNING | [20260724_234049] 2025-11-04 回测异常: 'Index' object has no attribute 'strftime'
2026-07-24 23:41:02 | WARNING | [20260724_234049] 2025-11-05 回测异常: 'Index' object has no attribute 'strftime'
2026-07-24 23:41:02 | WARNING | [20260724_234049] 2025-11-06 回测异常: 'Index' object has no attribute 'strftime'
2026-07-24 23:41:02 | WARNING | [20260724_234049] 2025-11-07 回测异常: 'Index' object has no attribute 'strftime'
2026-07-24 23:41:02 | WARNING | [20260724_234049] 2025-11-10 回测异常: 'Index' object has no attribute 'strftime'
2026-07-24 23:41:02 | WARNING | [20260724_234049] 2025-11-11 回测异常: 'Index' object has no attribute 'strftime'
2026-07-24 23:41:02 | WARNING | [20260724_234049] 2025-11-12 回测异常: 'Index' object has no attribute 'strftime'
2026-07-24 23:41:02 | WARNING | [20260724_234049] 2025-11-13 回测异常: 'Index' object has no attribute 'strftime'
2026-07-24 23:41:02 | WARNING | [20260724_234049] 2025-11-14 回测异常: 'Index' object has no attribute 'strftime'
2026-07-24 23:41:02 | WARNING | [20260724_234049] 2025-11-17 回测异常: 'Index' object has no attribute 'strftime'
2026-07-24 23:41:02 | WARNING | [20260724_234049] 2025-11-18 回测异常: 'Index' object has no attribute 'strftime'
2026-07-24 23:41:02 | WARNING | [20260724_234049] 2025-11-19 回测异常: 'Index' object has no attribute 'strftime'
2026-07-24 23:41:02 | WARNING | [20260724_234049] 2025-11-20 回测异常: 'Index' object has no attribute 'strftime'
2026-07-24 23:41:02 | WARNING | [20260724_234049] 2025-11-21 回测异常: 'Index' object has no attribute 'strftime'
2026-07-24 23:41:02 | WARNING | [20260724_234049] 2025-11-24 回测异常: 'Index' object has no attribute 'strftime'
2026-07-24 23:41:02 | WARNING | [20260724_234049] 2025-11-25 回测异常: 'Index' object has no attribute 'strftime'
2026-07-24 23:41:02 | WARNING | [20260724_234049] 2025-11-26 回测异常: 'Index' object has no attribute 'strftime'
2026-07-24 23:41:02 | WARNING | [20260724_234049] 2025-11-27 回测异常: 'Index' object has no attribute 'strftime'
2026-07-24 23:41:02 | WARNING | [20260724_234049] 2025-11-28 回测异常: 'Index' object has no attribute 'strftime'
2026-07-24 23:41:02 | WARNING | [20260724_234049] 2025-12-01 回测异常: 'Index' object has no attribute 'strftime'
2026-07-24 23:41:02 | WARNING | [20260724_234049] 2025-12-02 回测异常: 'Index' object has no attribute 'strftime'
2026-07-24 23:41:02 | WARNING | [20260724_234049] 2025-12-03 回测异常: 'Index' object has no attribute 'strftime'
2026-07-24 23:41:02 | WARNING | [20260724_234049] 2025-12-04 回测异常: 'Index' object has no attribute 'strftime'
2026-07-24 23:41:02 | WARNING | [20260724_234049] 2025-12-05 回测异常: 'Index' object has no attribute 'strftime'
2026-07-24 23:41:02 | WARNING | [20260724_234049] 2025-12-08 回测异常: 'Index' object has no attribute 'strftime'
2026-07-24 23:41:02 | WARNING | [20260724_234049] 2025-12-09 回测异常: 'Index' object has no attribute 'strftime'
2026-07-24 23:41:02 | WARNING | [20260724_234049] 2025-12-10 回测异常: 'Index' object has no attribute 'strftime'
2026-07-24 23:41:02 | WARNING | [20260724_234049] 2025-12-11 回测异常: 'Index' object has no attribute 'strftime'
2026-07-24 23:41:02 | WARNING | [20260724_234049] 2025-12-12 回测异常: 'Index' object has no attribute 'strftime'
2026-07-24 23:41:02 | WARNING | [20260724_234049] 2025-12-15 回测异常: 'Index' object has no attribute 'strftime'
2026-07-24 23:41:02 | WARNING | [20260724_234049] 2025-12-16 回测异常: 'Index' object has no attribute 'strftime'
2026-07-24 23:41:02 | WARNING | [20260724_234049] 2025-12-17 回测异常: 'Index' object has no attribute 'strftime'
2026-07-24 23:41:02 | WARNING | [20260724_234049] 2025-12-18 回测异常: 'Index' object has no attribute 'strftime'
2026-07-24 23:41:02 | WARNING | [20260724_234049] 2025-12-19 回测异常: 'Index' object has no attribute 'strftime'
2026-07-24 23:41:02 | WARNING | [20260724_234049] 2025-12-22 回测异常: 'Index' object has no attribute 'strftime'
2026-07-24 23:41:02 | WARNING | [20260724_234049] 2025-12-23 回测异常: 'Index' object has no attribute 'strftime'
2026-07-24 23:41:02 | WARNING | [20260724_234049] 2025-12-24 回测异常: 'Index' object has no attribute 'strftime'
2026-07-24 23:41:02 | WARNING | [20260724_234049] 2025-12-25 回测异常: 'Index' object has no attribute 'strftime'
2026-07-24 23:41:02 | WARNING | [20260724_234049] 2025-12-26 回测异常: 'Index' object has no attribute 'strftime'
2026-07-24 23:41:02 | WARNING | [20260724_234049] 2025-12-29 回测异常: 'Index' object has no attribute 'strftime'
2026-07-24 23:41:02 | WARNING | [20260724_234049] 2025-12-30 回测异常: 'Index' object has no attribute 'strftime'
2026-07-24 23:41:02 | WARNING | [20260724_234049] 2025-12-31 回测异常: 'Index' object has no attribute 'strftime'
2026-07-24 23:41:02 | WARNING | [20260724_234049] 2026-01-05 回测异常: 'Index' object has no attribute 'strftime'
2026-07-24 23:41:02 | WARNING | [20260724_234049] 2026-01-06 回测异常: 'Index' object has no attribute 'strftime'
2026-07-24 23:41:02 | WARNING | [20260724_234049] 2026-01-07 回测异常: 'Index' object has no attribute 'strftime'
2026-07-24 23:41:02 | WARNING | [20260724_234049] 2026-01-08 回测异常: 'Index' object has no attribute 'strftime'
2026-07-24 23:41:02 | WARNING | [20260724_234049] 2026-01-09 回测异常: 'Index' object has no attribute 'strftime'
2026-07-24 23:41:02 | WARNING | [20260724_234049] 2026-01-12 回测异常: 'Index' object has no attribute 'strftime'
2026-07-24 23:41:02 | WARNING | [20260724_234049] 2026-01-13 回测异常: 'Index' object has no attribute 'strftime'
2026-07-24 23:41:02 | WARNING | [20260724_234049] 2026-01-14 回测异常: 'Index' object has no attribute 'strftime'
2026-07-24 23:41:02 | WARNING | [20260724_234049] 2026-01-15 回测异常: 'Index' object has no attribute 'strftime'
2026-07-24 23:41:02 | WARNING | [20260724_234049] 2026-01-16 回测异常: 'Index' object has no attribute 'strftime'
2026-07-24 23:41:02 | WARNING | [20260724_234049] 2026-01-19 回测异常: 'Index' object has no attribute 'strftime'
2026-07-24 23:41:02 | WARNING | [20260724_234049] 2026-01-20 回测异常: 'Index' object has no attribute 'strftime'
2026-07-24 23:41:02 | WARNING | [20260724_234049] 2026-01-21 回测异常: 'Index' object has no attribute 'strftime'
2026-07-24 23:41:02 | WARNING | [20260724_234049] 2026-01-22 回测异常: 'Index' object has no attribute 'strftime'
2026-07-24 23:41:02 | WARNING | [20260724_234049] 2026-01-23 回测异常: 'Index' object has no attribute 'strftime'
2026-07-24 23:41:02 | WARNING | [20260724_234049] 2026-01-26 回测异常: 'Index' object has no attribute 'strftime'
2026-07-24 23:41:02 | WARNING | [20260724_234049] 2026-01-27 回测异常: 'Index' object has no attribute 'strftime'
2026-07-24 23:41:02 | WARNING | [20260724_234049] 2026-01-28 回测异常: 'Index' object has no attribute 'strftime'
2026-07-24 23:41:02 | WARNING | [20260724_234049] 2026-01-29 回测异常: 'Index' object has no attribute 'strftime'
2026-07-24 23:41:02 | WARNING | [20260724_234049] 2026-01-30 回测异常: 'Index' object has no attribute 'strftime'
2026-07-24 23:41:02 | WARNING | [20260724_234049] 2026-02-02 回测异常: 'Index' object has no attribute 'strftime'
2026-07-24 23:41:02 | WARNING | [20260724_234049] 2026-02-03 回测异常: 'Index' object has no attribute 'strftime'
2026-07-24 23:41:02 | WARNING | [20260724_234049] 2026-02-04 回测异常: 'Index' object has no attribute 'strftime'
2026-07-24 23:41:02 | WARNING | [20260724_234049] 2026-02-05 回测异常: 'Index' object has no attribute 'strftime'
2026-07-24 23:41:02 | WARNING | [20260724_234049] 2026-02-06 回测异常: 'Index' object has no attribute 'strftime'
2026-07-24 23:41:02 | WARNING | [20260724_234049] 2026-02-09 回测异常: 'Index' object has no attribute 'strftime'
2026-07-24 23:41:02 | WARNING | [20260724_234049] 2026-02-10 回测异常: 'Index' object has no attribute 'strftime'
2026-07-24 23:41:02 | WARNING | [20260724_234049] 2026-02-11 回测异常: 'Index' object has no attribute 'strftime'
2026-07-24 23:41:02 | WARNING | [20260724_234049] 2026-02-12 回测异常: 'Index' object has no attribute 'strftime'
2026-07-24 23:41:02 | WARNING | [20260724_234049] 2026-02-13 回测异常: 'Index' object has no attribute 'strftime'
2026-07-24 23:41:02 | WARNING | [20260724_234049] 2026-02-24 回测异常: 'Index' object has no attribute 'strftime'
2026-07-24 23:41:02 | WARNING | [20260724_234049] 2026-02-25 回测异常: 'Index' object has no attribute 'strftime'
2026-07-24 23:41:02 | WARNING | [20260724_234049] 2026-02-26 回测异常: 'Index' object has no attribute 'strftime'
2026-07-24 23:41:02 | WARNING | [20260724_234049] 2026-02-27 回测异常: 'Index' object has no attribute 'strftime'
2026-07-24 23:41:02 | WARNING | [20260724_234049] 2026-03-02 回测异常: 'Index' object has no attribute 'strftime'
2026-07-24 23:41:02 | WARNING | [20260724_234049] 2026-03-03 回测异常: 'Index' object has no attribute 'strftime'
2026-07-24 23:41:02 | WARNING | [20260724_234049] 2026-03-04 回测异常: 'Index' object has no attribute 'strftime'
2026-07-24 23:41:02 | WARNING | [20260724_234049] 2026-03-05 回测异常: 'Index' object has no attribute 'strftime'
2026-07-24 23:41:02 | WARNING | [20260724_234049] 2026-03-06 回测异常: 'Index' object has no attribute 'strftime'
2026-07-24 23:41:02 | WARNING | [20260724_234049] 2026-03-09 回测异常: 'Index' object has no attribute 'strftime'
2026-07-24 23:41:03 | WARNING | [20260724_234049] 2026-03-10 回测异常: 'Index' object has no attribute 'strftime'
2026-07-24 23:41:03 | WARNING | [20260724_234049] 2026-03-11 回测异常: 'Index' object has no attribute 'strftime'
2026-07-24 23:41:03 | WARNING | [20260724_234049] 2026-03-12 回测异常: 'Index' object has no attribute 'strftime'
2026-07-24 23:41:03 | WARNING | [20260724_234049] 2026-03-13 回测异常: 'Index' object has no attribute 'strftime'
2026-07-24 23:41:03 | WARNING | [20260724_234049] 2026-03-16 回测异常: 'Index' object has no attribute 'strftime'
2026-07-24 23:41:03 | WARNING | [20260724_234049] 2026-03-17 回测异常: 'Index' object has no attribute 'strftime'
2026-07-24 23:41:03 | WARNING | [20260724_234049] 2026-03-18 回测异常: 'Index' object has no attribute 'strftime'
2026-07-24 23:41:03 | WARNING | [20260724_234049] 2026-03-19 回测异常: 'Index' object has no attribute 'strftime'
2026-07-24 23:41:03 | WARNING | [20260724_234049] 2026-03-20 回测异常: 'Index' object has no attribute 'strftime'
2026-07-24 23:41:03 | WARNING | [20260724_234049] 2026-03-23 回测异常: 'Index' object has no attribute 'strftime'
2026-07-24 23:41:03 | WARNING | [20260724_234049] 2026-03-24 回测异常: 'Index' object has no attribute 'strftime'
2026-07-24 23:41:03 | WARNING | [20260724_234049] 2026-03-25 回测异常: 'Index' object has no attribute 'strftime'
2026-07-24 23:41:03 | WARNING | [20260724_234049] 2026-03-26 回测异常: 'Index' object has no attribute 'strftime'
2026-07-24 23:41:03 | WARNING | [20260724_234049] 2026-03-27 回测异常: 'Index' object has no attribute 'strftime'
2026-07-24 23:41:03 | WARNING | [20260724_234049] 2026-03-30 回测异常: 'Index' object has no attribute 'strftime'
2026-07-24 23:41:03 | WARNING | [20260724_234049] 2026-03-31 回测异常: 'Index' object has no attribute 'strftime'
2026-07-24 23:41:03 | WARNING | [20260724_234049] 2026-04-01 回测异常: 'Index' object has no attribute 'strftime'
2026-07-24 23:41:03 | WARNING | [20260724_234049] 2026-04-02 回测异常: 'Index' object has no attribute 'strftime'
2026-07-24 23:41:03 | WARNING | [20260724_234049] 2026-04-03 回测异常: 'Index' object has no attribute 'strftime'
2026-07-24 23:41:03 | WARNING | [20260724_234049] 2026-04-07 回测异常: 'Index' object has no attribute 'strftime'
2026-07-24 23:41:03 | WARNING | [20260724_234049] 2026-04-08 回测异常: 'Index' object has no attribute 'strftime'
2026-07-24 23:41:03 | WARNING | [20260724_234049] 2026-04-09 回测异常: 'Index' object has no attribute 'strftime'
2026-07-24 23:41:03 | WARNING | [20260724_234049] 2026-04-10 回测异常: 'Index' object has no attribute 'strftime'
2026-07-24 23:41:03 | WARNING | [20260724_234049] 2026-04-13 回测异常: 'Index' object has no attribute 'strftime'
2026-07-24 23:41:03 | WARNING | [20260724_234049] 2026-04-14 回测异常: 'Index' object has no attribute 'strftime'
2026-07-24 23:41:03 | WARNING | [20260724_234049] 2026-04-15 回测异常: 'Index' object has no attribute 'strftime'
2026-07-24 23:41:03 | WARNING | [20260724_234049] 2026-04-16 回测异常: 'Index' object has no attribute 'strftime'
2026-07-24 23:41:03 | WARNING | [20260724_234049] 2026-04-17 回测异常: 'Index' object has no attribute 'strftime'
2026-07-24 23:41:03 | WARNING | [20260724_234049] 2026-04-20 回测异常: 'Index' object has no attribute 'strftime'
2026-07-24 23:41:03 | WARNING | [20260724_234049] 2026-04-21 回测异常: 'Index' object has no attribute 'strftime'
2026-07-24 23:41:03 | WARNING | [20260724_234049] 2026-04-22 回测异常: 'Index' object has no attribute 'strftime'
2026-07-24 23:41:03 | WARNING | [20260724_234049] 2026-04-23 回测异常: 'Index' object has no attribute 'strftime'
2026-07-24 23:41:03 | WARNING | [20260724_234049] 2026-04-24 回测异常: 'Index' object has no attribute 'strftime'
2026-07-24 23:41:03 | WARNING | [20260724_234049] 2026-04-27 回测异常: 'Index' object has no attribute 'strftime'
2026-07-24 23:41:03 | WARNING | [20260724_234049] 2026-04-28 回测异常: 'Index' object has no attribute 'strftime'
2026-07-24 23:41:03 | WARNING | [20260724_234049] 2026-04-29 回测异常: 'Index' object has no attribute 'strftime'
2026-07-24 23:41:03 | WARNING | [20260724_234049] 2026-04-30 回测异常: 'Index' object has no attribute 'strftime'
2026-07-24 23:41:03 | WARNING | [20260724_234049] 2026-05-06 回测异常: 'Index' object has no attribute 'strftime'
2026-07-24 23:41:03 | WARNING | [20260724_234049] 2026-05-07 回测异常: 'Index' object has no attribute 'strftime'
2026-07-24 23:41:03 | WARNING | [20260724_234049] 2026-05-08 回测异常: 'Index' object has no attribute 'strftime'
2026-07-24 23:41:03 | WARNING | [20260724_234049] 2026-05-11 回测异常: 'Index' object has no attribute 'strftime'
2026-07-24 23:41:03 | WARNING | [20260724_234049] 2026-05-12 回测异常: 'Index' object has no attribute 'strftime'
2026-07-24 23:41:03 | WARNING | [20260724_234049] 2026-05-13 回测异常: 'Index' object has no attribute 'strftime'
2026-07-24 23:41:03 | WARNING | [20260724_234049] 2026-05-14 回测异常: 'Index' object has no attribute 'strftime'
2026-07-24 23:41:03 | WARNING | [20260724_234049] 2026-05-15 回测异常: 'Index' object has no attribute 'strftime'
2026-07-24 23:41:03 | WARNING | [20260724_234049] 2026-05-18 回测异常: 'Index' object has no attribute 'strftime'
2026-07-24 23:41:03 | WARNING | [20260724_234049] 2026-05-19 回测异常: 'Index' object has no attribute 'strftime'
2026-07-24 23:41:03 | WARNING | [20260724_234049] 2026-05-20 回测异常: 'Index' object has no attribute 'strftime'
2026-07-24 23:41:03 | WARNING | [20260724_234049] 2026-05-21 回测异常: 'Index' object has no attribute 'strftime'
2026-07-24 23:41:03 | WARNING | [20260724_234049] 2026-05-22 回测异常: 'Index' object has no attribute 'strftime'
2026-07-24 23:41:03 | WARNING | [20260724_234049] 2026-05-25 回测异常: 'Index' object has no attribute 'strftime'
2026-07-24 23:41:03 | WARNING | [20260724_234049] 2026-05-26 回测异常: 'Index' object has no attribute 'strftime'
2026-07-24 23:41:03 | WARNING | [20260724_234049] 2026-05-27 回测异常: 'Index' object has no attribute 'strftime'
2026-07-24 23:41:03 | WARNING | [20260724_234049] 2026-05-28 回测异常: 'Index' object has no attribute 'strftime'
2026-07-24 23:41:03 | WARNING | [20260724_234049] 2026-05-29 回测异常: 'Index' object has no attribute 'strftime'
2026-07-24 23:41:03 | WARNING | [20260724_234049] 2026-06-01 回测异常: 'Index' object has no attribute 'strftime'
2026-07-24 23:41:03 | WARNING | [20260724_234049] 2026-06-02 回测异常: 'Index' object has no attribute 'strftime'
2026-07-24 23:41:03 | WARNING | [20260724_234049] 2026-06-03 回测异常: 'Index' object has no attribute 'strftime'
2026-07-24 23:41:03 | WARNING | [20260724_234049] 2026-06-04 回测异常: 'Index' object has no attribute 'strftime'
2026-07-24 23:41:03 | WARNING | [20260724_234049] 2026-06-05 回测异常: 'Index' object has no attribute 'strftime'
2026-07-24 23:41:03 | WARNING | [20260724_234049] 2026-06-08 回测异常: 'Index' object has no attribute 'strftime'
2026-07-24 23:41:03 | WARNING | [20260724_234049] 2026-06-09 回测异常: 'Index' object has no attribute 'strftime'
2026-07-24 23:41:03 | WARNING | [20260724_234049] 2026-06-10 回测异常: 'Index' object has no attribute 'strftime'
2026-07-24 23:41:03 | WARNING | [20260724_234049] 2026-06-11 回测异常: 'Index' object has no attribute 'strftime'
2026-07-24 23:41:03 | WARNING | [20260724_234049] 2026-06-12 回测异常: 'Index' object has no attribute 'strftime'
2026-07-24 23:41:03 | WARNING | [20260724_234049] 2026-06-15 回测异常: 'Index' object has no attribute 'strftime'
2026-07-24 23:41:03 | WARNING | [20260724_234049] 2026-06-16 回测异常: 'Index' object has no attribute 'strftime'
2026-07-24 23:41:03 | WARNING | [20260724_234049] 2026-06-17 回测异常: 'Index' object has no attribute 'strftime'
2026-07-24 23:41:03 | WARNING | [20260724_234049] 2026-06-18 回测异常: 'Index' object has no attribute 'strftime'
2026-07-24 23:41:03 | WARNING | [20260724_234049] 2026-06-22 回测异常: 'Index' object has no attribute 'strftime'
2026-07-24 23:41:03 | WARNING | [20260724_234049] 2026-06-23 回测异常: 'Index' object has no attribute 'strftime'
2026-07-24 23:41:03 | WARNING | [20260724_234049] 2026-06-24 回测异常: 'Index' object has no attribute 'strftime'
2026-07-24 23:41:03 | WARNING | [20260724_234049] 2026-06-25 回测异常: 'Index' object has no attribute 'strftime'
2026-07-24 23:41:03 | WARNING | [20260724_234049] 2026-06-26 回测异常: 'Index' object has no attribute 'strftime'
2026-07-24 23:41:03 | WARNING | [20260724_234049] 2026-06-29 回测异常: 'Index' object has no attribute 'strftime'
2026-07-24 23:41:03 | WARNING | [20260724_234049] 2026-06-30 回测异常: 'Index' object has no attribute 'strftime'
2026-07-24 23:41:03 | WARNING | [20260724_234049] 2026-07-01 回测异常: 'Index' object has no attribute 'strftime'
2026-07-24 23:41:03 | WARNING | [20260724_234049] 2026-07-02 回测异常: 'Index' object has no attribute 'strftime'
2026-07-24 23:41:03 | WARNING | [20260724_234049] 2026-07-03 回测异常: 'Index' object has no attribute 'strftime'
2026-07-24 23:41:03 | WARNING | [20260724_234049] 2026-07-06 回测异常: 'Index' object has no attribute 'strftime'
2026-07-24 23:41:03 | WARNING | [20260724_234049] 2026-07-07 回测异常: 'Index' object has no attribute 'strftime'
2026-07-24 23:41:03 | WARNING | [20260724_234049] 2026-07-08 回测异常: 'Index' object has no attribute 'strftime'
2026-07-24 23:41:03 | WARNING | [20260724_234049] 2026-07-09 回测异常: 'Index' object has no attribute 'strftime'
2026-07-24 23:41:03 | WARNING | [20260724_234049] 2026-07-10 回测异常: 'Index' object has no attribute 'strftime'
2026-07-24 23:41:03 | WARNING | [20260724_234049] 2026-07-13 回测异常: 'Index' object has no attribute 'strftime'
2026-07-24 23:41:03 | WARNING | [20260724_234049] 2026-07-14 回测异常: 'Index' object has no attribute 'strftime'
2026-07-24 23:41:03 | WARNING | [20260724_234049] 2026-07-15 回测异常: 'Index' object has no attribute 'strftime'
2026-07-24 23:41:03 | WARNING | [20260724_234049] 2026-07-16 回测异常: 'Index' object has no attribute 'strftime'
2026-07-24 23:41:04 | WARNING | [20260724_234049] 2026-07-17 回测异常: 'Index' object has no attribute 'strftime'
2026-07-24 23:41:04 | WARNING | [20260724_234049] 2026-07-20 回测异常: 'Index' object has no attribute 'strftime'
2026-07-24 23:41:04 | WARNING | [20260724_234049] 2026-07-21 回测异常: 'Index' object has no attribute 'strftime'
2026-07-24 23:41:04 | WARNING | [20260724_234049] 2026-07-22 回测异常: 'Index' object has no attribute 'strftime'
2026-07-24 23:41:04 | WARNING | [20260724_234049] 2026-07-23 回测异常: 'Index' object has no attribute 'strftime'
2026-07-24 23:41:04 | WARNING | [20260724_234049] 2026-07-24 回测异常: 'Index' object has no attribute 'strftime'
2026-07-24 23:41:52 | INFO  | [20260724_234151] ========================================
2026-07-24 23:41:52 | INFO  | [20260724_234151] 系统启动 | 模式: 回测 | 资金: 8,000
2026-07-24 23:42:03 | INFO  | [20260724_234151] 开始回测...
2026-07-24 23:42:03 | DEBUG | [20260724_234151] 信号异常 中证500ETF: All arrays must be of the same length
2026-07-24 23:42:03 | DEBUG | [20260724_234151] 信号异常 中证1000ETF: All arrays must be of the same length
2026-07-24 23:42:03 | DEBUG | [20260724_234151] 信号异常 银行ETF: All arrays must be of the same length
2026-07-24 23:42:03 | DEBUG | [20260724_234151] 信号异常 券商ETF: All arrays must be of the same length
2026-07-24 23:42:03 | DEBUG | [20260724_234151] 信号异常 房地产ETF: All arrays must be of the same length
2026-07-24 23:42:03 | DEBUG | [20260724_234151] 信号异常 食品饮料ETF: All arrays must be of the same length
2026-07-24 23:42:03 | DEBUG | [20260724_234151] 信号异常 养殖ETF: All arrays must be of the same length
2026-07-24 23:42:03 | DEBUG | [20260724_234151] 信号异常 酒ETF: All arrays must be of the same length
2026-07-24 23:42:03 | DEBUG | [20260724_234151] 信号异常 家电ETF: All arrays must be of the same length
2026-07-24 23:42:03 | DEBUG | [20260724_234151] 信号异常 医药ETF: All arrays must be of the same length
2026-07-24 23:42:03 | DEBUG | [20260724_234151] 信号异常 创新药ETF: All arrays must be of the same length
2026-07-24 23:42:03 | DEBUG | [20260724_234151] 信号异常 医疗ETF: All arrays must be of the same length
2026-07-24 23:42:03 | DEBUG | [20260724_234151] 信号异常 计算机ETF: All arrays must be of the same length
2026-07-24 23:42:03 | DEBUG | [20260724_234151] 信号异常 人工智能ETF: All arrays must be of the same length
2026-07-24 23:42:03 | DEBUG | [20260724_234151] 信号异常 新能源车ETF: All arrays must be of the same length
2026-07-24 23:42:03 | DEBUG | [20260724_234151] 信号异常 电力ETF: All arrays must be of the same length
2026-07-24 23:42:03 | DEBUG | [20260724_234151] 信号异常 光伏ETF: All arrays must be of the same length
2026-07-24 23:42:03 | DEBUG | [20260724_234151] 信号异常 军工ETF: All arrays must be of the same length
2026-07-24 23:42:03 | DEBUG | [20260724_234151] 信号异常 国防ETF: All arrays must be of the same length
2026-07-24 23:42:03 | DEBUG | [20260724_234151] 信号异常 稀土ETF: All arrays must be of the same length
2026-07-24 23:42:03 | DEBUG | [20260724_234151] 信号异常 有色金属ETF: All arrays must be of the same length
2026-07-24 23:42:03 | DEBUG | [20260724_234151] 信号异常 煤炭ETF: All arrays must be of the same length
2026-07-24 23:42:03 | DEBUG | [20260724_234151] 信号异常 化工ETF: All arrays must be of the same length
2026-07-24 23:42:03 | DEBUG | [20260724_234151] 信号异常 钢铁ETF: All arrays must be of the same length
2026-07-24 23:42:03 | DEBUG | [20260724_234151] 信号异常 油气ETF: All arrays must be of the same length
2026-07-24 23:42:03 | DEBUG | [20260724_234151] 信号异常 传媒ETF: All arrays must be of the same length
2026-07-24 23:42:03 | DEBUG | [20260724_234151] 信号异常 游戏ETF: All arrays must be of the same length
2026-07-24 23:42:03 | DEBUG | [20260724_234151] 信号异常 机器人ETF: All arrays must be of the same length
2026-07-24 23:42:03 | DEBUG | [20260724_234151] 信号异常 汽车ETF: All arrays must be of the same length
2026-07-24 23:42:03 | DEBUG | [20260724_234151] 信号异常 基建ETF: All arrays must be of the same length
2026-07-24 23:42:03 | DEBUG | [20260724_234151] 信号异常 红利ETF: All arrays must be of the same length
2026-07-24 23:42:03 | DEBUG | [20260724_234151] 信号异常 中证红利ETF: All arrays must be of the same length
2026-07-24 23:42:03 | WARNING | [20260724_234151] 2025-09-01 回测异常: Account.holdings_value() missing 1 required positional argument: 'prices'
2026-07-24 23:42:03 | DEBUG | [20260724_234151] 信号异常 中证500ETF: All arrays must be of the same length
2026-07-24 23:42:03 | DEBUG | [20260724_234151] 信号异常 中证1000ETF: All arrays must be of the same length
2026-07-24 23:42:03 | DEBUG | [20260724_234151] 信号异常 银行ETF: All arrays must be of the same length
2026-07-24 23:42:03 | DEBUG | [20260724_234151] 信号异常 券商ETF: All arrays must be of the same length
2026-07-24 23:42:03 | DEBUG | [20260724_234151] 信号异常 房地产ETF: All arrays must be of the same length
2026-07-24 23:42:03 | DEBUG | [20260724_234151] 信号异常 食品饮料ETF: All arrays must be of the same length
2026-07-24 23:42:03 | DEBUG | [20260724_234151] 信号异常 养殖ETF: All arrays must be of the same length
2026-07-24 23:42:03 | DEBUG | [20260724_234151] 信号异常 酒ETF: All arrays must be of the same length
2026-07-24 23:42:03 | DEBUG | [20260724_234151] 信号异常 家电ETF: All arrays must be of the same length
2026-07-24 23:42:03 | DEBUG | [20260724_234151] 信号异常 医药ETF: All arrays must be of the same length
2026-07-24 23:42:03 | DEBUG | [20260724_234151] 信号异常 创新药ETF: All arrays must be of the same length
2026-07-24 23:42:03 | DEBUG | [20260724_234151] 信号异常 医疗ETF: All arrays must be of the same length
2026-07-24 23:42:03 | DEBUG | [20260724_234151] 信号异常 计算机ETF: All arrays must be of the same length
2026-07-24 23:42:03 | DEBUG | [20260724_234151] 信号异常 人工智能ETF: All arrays must be of the same length
2026-07-24 23:42:03 | DEBUG | [20260724_234151] 信号异常 新能源车ETF: All arrays must be of the same length
2026-07-24 23:42:03 | DEBUG | [20260724_234151] 信号异常 电力ETF: All arrays must be of the same length
2026-07-24 23:42:03 | DEBUG | [20260724_234151] 信号异常 光伏ETF: All arrays must be of the same length
2026-07-24 23:42:03 | DEBUG | [20260724_234151] 信号异常 军工ETF: All arrays must be of the same length
2026-07-24 23:42:03 | DEBUG | [20260724_234151] 信号异常 国防ETF: All arrays must be of the same length
2026-07-24 23:42:03 | DEBUG | [20260724_234151] 信号异常 稀土ETF: All arrays must be of the same length
2026-07-24 23:42:03 | DEBUG | [20260724_234151] 信号异常 有色金属ETF: All arrays must be of the same length
2026-07-24 23:42:03 | DEBUG | [20260724_234151] 信号异常 煤炭ETF: All arrays must be of the same length
2026-07-24 23:42:03 | DEBUG | [20260724_234151] 信号异常 化工ETF: All arrays must be of the same length
2026-07-24 23:42:03 | DEBUG | [20260724_234151] 信号异常 钢铁ETF: All arrays must be of the same length
2026-07-24 23:42:03 | DEBUG | [20260724_234151] 信号异常 油气ETF: All arrays must be of the same length
2026-07-24 23:42:03 | DEBUG | [20260724_234151] 信号异常 传媒ETF: All arrays must be of the same length
2026-07-24 23:42:03 | DEBUG | [20260724_234151] 信号异常 游戏ETF: All arrays must be of the same length
2026-07-24 23:42:03 | DEBUG | [20260724_234151] 信号异常 机器人ETF: All arrays must be of the same length
2026-07-24 23:42:03 | DEBUG | [20260724_234151] 信号异常 汽车ETF: All arrays must be of the same length
2026-07-24 23:42:03 | DEBUG | [20260724_234151] 信号异常 基建ETF: All arrays must be of the same length
2026-07-24 23:42:03 | DEBUG | [20260724_234151] 信号异常 红利ETF: All arrays must be of the same length
2026-07-24 23:42:03 | DEBUG | [20260724_234151] 信号异常 中证红利ETF: All arrays must be of the same length
2026-07-24 23:42:03 | WARNING | [20260724_234151] 2025-09-02 回测异常: Account.holdings_value() missing 1 required positional argument: 'prices'
2026-07-24 23:42:03 | DEBUG | [20260724_234151] 信号异常 中证500ETF: All arrays must be of the same length
2026-07-24 23:42:03 | DEBUG | [20260724_234151] 信号异常 中证1000ETF: All arrays must be of the same length
2026-07-24 23:42:03 | DEBUG | [20260724_234151] 信号异常 银行ETF: All arrays must be of the same length
2026-07-24 23:42:03 | DEBUG | [20260724_234151] 信号异常 券商ETF: All arrays must be of the same length
2026-07-24 23:42:03 | DEBUG | [20260724_234151] 信号异常 房地产ETF: All arrays must be of the same length
2026-07-24 23:42:03 | DEBUG | [20260724_234151] 信号异常 食品饮料ETF: All arrays must be of the same length
2026-07-24 23:42:03 | DEBUG | [20260724_234151] 信号异常 养殖ETF: All arrays must be of the same length
2026-07-24 23:42:03 | DEBUG | [20260724_234151] 信号异常 酒ETF: All arrays must be of the same length
2026-07-24 23:42:03 | DEBUG | [20260724_234151] 信号异常 家电ETF: All arrays must be of the same length
2026-07-24 23:42:03 | DEBUG | [20260724_234151] 信号异常 医药ETF: All arrays must be of the same length
2026-07-24 23:42:03 | DEBUG | [20260724_234151] 信号异常 创新药ETF: All arrays must be of the same length
2026-07-24 23:42:03 | DEBUG | [20260724_234151] 信号异常 医疗ETF: All arrays must be of the same length
2026-07-24 23:42:03 | DEBUG | [20260724_234151] 信号异常 计算机ETF: All arrays must be of the same length
2026-07-24 23:42:03 | DEBUG | [20260724_234151] 信号异常 人工智能ETF: All arrays must be of the same length
2026-07-24 23:42:03 | DEBUG | [20260724_234151] 信号异常 新能源车ETF: All arrays must be of the same length
2026-07-24 23:42:03 | DEBUG | [20260724_234151] 信号异常 电力ETF: All arrays must be of the same length
2026-07-24 23:42:03 | DEBUG | [20260724_234151] 信号异常 光伏ETF: All arrays must be of the same length
2026-07-24 23:42:03 | DEBUG | [20260724_234151] 信号异常 军工ETF: All arrays must be of the same length
2026-07-24 23:42:03 | DEBUG | [20260724_234151] 信号异常 国防ETF: All arrays must be of the same length
2026-07-24 23:42:03 | DEBUG | [20260724_234151] 信号异常 稀土ETF: All arrays must be of the same length
2026-07-24 23:42:03 | DEBUG | [20260724_234151] 信号异常 有色金属ETF: All arrays must be of the same length
2026-07-24 23:42:03 | DEBUG | [20260724_234151] 信号异常 煤炭ETF: All arrays must be of the same length
2026-07-24 23:42:03 | DEBUG | [20260724_234151] 信号异常 化工ETF: All arrays must be of the same length
2026-07-24 23:42:03 | DEBUG | [20260724_234151] 信号异常 钢铁ETF: All arrays must be of the same length
2026-07-24 23:42:03 | DEBUG | [20260724_234151] 信号异常 油气ETF: All arrays must be of the same length
2026-07-24 23:42:03 | DEBUG | [20260724_234151] 信号异常 传媒ETF: All arrays must be of the same length
2026-07-24 23:42:03 | DEBUG | [20260724_234151] 信号异常 游戏ETF: All arrays must be of the same length
2026-07-24 23:42:03 | DEBUG | [20260724_234151] 信号异常 机器人ETF: All arrays must be of the same length
2026-07-24 23:42:03 | DEBUG | [20260724_234151] 信号异常 汽车ETF: All arrays must be of the same length
2026-07-24 23:42:03 | DEBUG | [20260724_234151] 信号异常 基建ETF: All arrays must be of the same length
2026-07-24 23:42:03 | DEBUG | [20260724_234151] 信号异常 红利ETF: All arrays must be of the same length
2026-07-24 23:42:03 | DEBUG | [20260724_234151] 信号异常 中证红利ETF: All arrays must be of the same length
2026-07-24 23:42:03 | WARNING | [20260724_234151] 2025-09-03 回测异常: Account.holdings_value() missing 1 required positional argument: 'prices'
2026-07-24 23:42:03 | DEBUG | [20260724_234151] 信号异常 中证500ETF: All arrays must be of the same length
2026-07-24 23:42:03 | DEBUG | [20260724_234151] 信号异常 中证1000ETF: All arrays must be of the same length
2026-07-24 23:42:03 | DEBUG | [20260724_234151] 信号异常 银行ETF: All arrays must be of the same length
2026-07-24 23:42:03 | DEBUG | [20260724_234151] 信号异常 券商ETF: All arrays must be of the same length
2026-07-24 23:42:03 | DEBUG | [20260724_234151] 信号异常 房地产ETF: All arrays must be of the same length
2026-07-24 23:42:03 | DEBUG | [20260724_234151] 信号异常 食品饮料ETF: All arrays must be of the same length
2026-07-24 23:42:03 | DEBUG | [20260724_234151] 信号异常 养殖ETF: All arrays must be of the same length
2026-07-24 23:42:03 | DEBUG | [20260724_234151] 信号异常 酒ETF: All arrays must be of the same length
2026-07-24 23:42:03 | DEBUG | [20260724_234151] 信号异常 家电ETF: All arrays must be of the same length
2026-07-24 23:42:03 | DEBUG | [20260724_234151] 信号异常 医药ETF: All arrays must be of the same length
2026-07-24 23:42:03 | DEBUG | [20260724_234151] 信号异常 创新药ETF: All arrays must be of the same length
2026-07-24 23:42:03 | DEBUG | [20260724_234151] 信号异常 医疗ETF: All arrays must be of the same length
2026-07-24 23:42:03 | DEBUG | [20260724_234151] 信号异常 计算机ETF: All arrays must be of the same length
2026-07-24 23:42:03 | DEBUG | [20260724_234151] 信号异常 人工智能ETF: All arrays must be of the same length
2026-07-24 23:42:03 | DEBUG | [20260724_234151] 信号异常 新能源车ETF: All arrays must be of the same length
2026-07-24 23:42:03 | DEBUG | [20260724_234151] 信号异常 电力ETF: All arrays must be of the same length
2026-07-24 23:42:03 | DEBUG | [20260724_234151] 信号异常 光伏ETF: All arrays must be of the same length
2026-07-24 23:42:03 | DEBUG | [20260724_234151] 信号异常 军工ETF: All arrays must be of the same length
2026-07-24 23:42:03 | DEBUG | [20260724_234151] 信号异常 国防ETF: All arrays must be of the same length
2026-07-24 23:42:03 | DEBUG | [20260724_234151] 信号异常 稀土ETF: All arrays must be of the same length
2026-07-24 23:42:03 | DEBUG | [20260724_234151] 信号异常 有色金属ETF: All arrays must be of the same length
2026-07-24 23:42:03 | DEBUG | [20260724_234151] 信号异常 煤炭ETF: All arrays must be of the same length
2026-07-24 23:42:03 | DEBUG | [20260724_234151] 信号异常 化工ETF: All arrays must be of the same length
2026-07-24 23:42:03 | DEBUG | [20260724_234151] 信号异常 钢铁ETF: All arrays must be of the same length
2026-07-24 23:42:03 | DEBUG | [20260724_234151] 信号异常 油气ETF: All arrays must be of the same length
2026-07-24 23:42:03 | DEBUG | [20260724_234151] 信号异常 传媒ETF: All arrays must be of the same length
2026-07-24 23:42:03 | DEBUG | [20260724_234151] 信号异常 游戏ETF: All arrays must be of the same length
2026-07-24 23:42:03 | DEBUG | [20260724_234151] 信号异常 机器人ETF: All arrays must be of the same length
2026-07-24 23:42:03 | DEBUG | [20260724_234151] 信号异常 汽车ETF: All arrays must be of the same length
2026-07-24 23:42:03 | DEBUG | [20260724_234151] 信号异常 基建ETF: All arrays must be of the same length
2026-07-24 23:42:03 | DEBUG | [20260724_234151] 信号异常 红利ETF: All arrays must be of the same length
2026-07-24 23:42:03 | DEBUG | [20260724_234151] 信号异常 中证红利ETF: All arrays must be of the same length
2026-07-24 23:42:03 | WARNING | [20260724_234151] 2025-09-04 回测异常: Account.holdings_value() missing 1 required positional argument: 'prices'
2026-07-24 23:42:04 | DEBUG | [20260724_234151] 信号异常 中证500ETF: All arrays must be of the same length
2026-07-24 23:42:04 | DEBUG | [20260724_234151] 信号异常 中证1000ETF: All arrays must be of the same length
2026-07-24 23:42:04 | DEBUG | [20260724_234151] 信号异常 银行ETF: All arrays must be of the same length
2026-07-24 23:42:04 | DEBUG | [20260724_234151] 信号异常 券商ETF: All arrays must be of the same length
2026-07-24 23:42:04 | DEBUG | [20260724_234151] 信号异常 房地产ETF: All arrays must be of the same length
2026-07-24 23:42:04 | DEBUG | [20260724_234151] 信号异常 食品饮料ETF: All arrays must be of the same length
2026-07-24 23:42:04 | DEBUG | [20260724_234151] 信号异常 养殖ETF: All arrays must be of the same length
2026-07-24 23:42:04 | DEBUG | [20260724_234151] 信号异常 酒ETF: All arrays must be of the same length
2026-07-24 23:42:04 | DEBUG | [20260724_234151] 信号异常 家电ETF: All arrays must be of the same length
2026-07-24 23:42:04 | DEBUG | [20260724_234151] 信号异常 医药ETF: All arrays must be of the same length
2026-07-24 23:42:04 | DEBUG | [20260724_234151] 信号异常 创新药ETF: All arrays must be of the same length
2026-07-24 23:42:04 | DEBUG | [20260724_234151] 信号异常 医疗ETF: All arrays must be of the same length
2026-07-24 23:42:04 | DEBUG | [20260724_234151] 信号异常 计算机ETF: All arrays must be of the same length
2026-07-24 23:42:04 | DEBUG | [20260724_234151] 信号异常 人工智能ETF: All arrays must be of the same length
2026-07-24 23:42:04 | DEBUG | [20260724_234151] 信号异常 新能源车ETF: All arrays must be of the same length
2026-07-24 23:42:04 | DEBUG | [20260724_234151] 信号异常 电力ETF: All arrays must be of the same length
2026-07-24 23:42:04 | DEBUG | [20260724_234151] 信号异常 光伏ETF: All arrays must be of the same length
2026-07-24 23:42:04 | DEBUG | [20260724_234151] 信号异常 军工ETF: All arrays must be of the same length
2026-07-24 23:42:04 | DEBUG | [20260724_234151] 信号异常 国防ETF: All arrays must be of the same length
2026-07-24 23:42:04 | DEBUG | [20260724_234151] 信号异常 稀土ETF: All arrays must be of the same length
2026-07-24 23:42:04 | DEBUG | [20260724_234151] 信号异常 有色金属ETF: All arrays must be of the same length
2026-07-24 23:42:04 | DEBUG | [20260724_234151] 信号异常 煤炭ETF: All arrays must be of the same length
2026-07-24 23:42:04 | DEBUG | [20260724_234151] 信号异常 化工ETF: All arrays must be of the same length
2026-07-24 23:42:04 | DEBUG | [20260724_234151] 信号异常 钢铁ETF: All arrays must be of the same length
2026-07-24 23:42:04 | DEBUG | [20260724_234151] 信号异常 油气ETF: All arrays must be of the same length
2026-07-24 23:42:04 | DEBUG | [20260724_234151] 信号异常 传媒ETF: All arrays must be of the same length
2026-07-24 23:42:04 | DEBUG | [20260724_234151] 信号异常 游戏ETF: All arrays must be of the same length
2026-07-24 23:42:04 | DEBUG | [20260724_234151] 信号异常 机器人ETF: All arrays must be of the same length
2026-07-24 23:42:04 | DEBUG | [20260724_234151] 信号异常 汽车ETF: All arrays must be of the same length
2026-07-24 23:42:04 | DEBUG | [20260724_234151] 信号异常 基建ETF: All arrays must be of the same length
2026-07-24 23:42:04 | DEBUG | [20260724_234151] 信号异常 红利ETF: All arrays must be of the same length
2026-07-24 23:42:04 | DEBUG | [20260724_234151] 信号异常 中证红利ETF: All arrays must be of the same length
2026-07-24 23:42:04 | WARNING | [20260724_234151] 2025-09-05 回测异常: Account.holdings_value() missing 1 required positional argument: 'prices'
2026-07-24 23:42:04 | DEBUG | [20260724_234151] 信号异常 中证500ETF: All arrays must be of the same length
2026-07-24 23:42:04 | DEBUG | [20260724_234151] 信号异常 中证1000ETF: All arrays must be of the same length
2026-07-24 23:42:04 | DEBUG | [20260724_234151] 信号异常 银行ETF: All arrays must be of the same length
2026-07-24 23:42:04 | DEBUG | [20260724_234151] 信号异常 券商ETF: All arrays must be of the same length
2026-07-24 23:42:04 | DEBUG | [20260724_234151] 信号异常 房地产ETF: All arrays must be of the same length
2026-07-24 23:42:04 | DEBUG | [20260724_234151] 信号异常 食品饮料ETF: All arrays must be of the same length
2026-07-24 23:42:04 | DEBUG | [20260724_234151] 信号异常 养殖ETF: All arrays must be of the same length
2026-07-24 23:42:04 | DEBUG | [20260724_234151] 信号异常 酒ETF: All arrays must be of the same length
2026-07-24 23:42:04 | DEBUG | [20260724_234151] 信号异常 家电ETF: All arrays must be of the same length
2026-07-24 23:42:04 | DEBUG | [20260724_234151] 信号异常 医药ETF: All arrays must be of the same length
2026-07-24 23:42:04 | DEBUG | [20260724_234151] 信号异常 创新药ETF: All arrays must be of the same length
2026-07-24 23:42:04 | DEBUG | [20260724_234151] 信号异常 医疗ETF: All arrays must be of the same length
2026-07-24 23:42:04 | DEBUG | [20260724_234151] 信号异常 计算机ETF: All arrays must be of the same length
2026-07-24 23:42:04 | DEBUG | [20260724_234151] 信号异常 人工智能ETF: All arrays must be of the same length
2026-07-24 23:42:04 | DEBUG | [20260724_234151] 信号异常 新能源车ETF: All arrays must be of the same length
2026-07-24 23:42:04 | DEBUG | [20260724_234151] 信号异常 电力ETF: All arrays must be of the same length
2026-07-24 23:42:04 | DEBUG | [20260724_234151] 信号异常 光伏ETF: All arrays must be of the same length
2026-07-24 23:42:04 | DEBUG | [20260724_234151] 信号异常 军工ETF: All arrays must be of the same length
2026-07-24 23:42:04 | DEBUG | [20260724_234151] 信号异常 国防ETF: All arrays must be of the same length
2026-07-24 23:42:04 | DEBUG | [20260724_234151] 信号异常 稀土ETF: All arrays must be of the same length
2026-07-24 23:42:04 | DEBUG | [20260724_234151] 信号异常 有色金属ETF: All arrays must be of the same length
2026-07-24 23:42:04 | DEBUG | [20260724_234151] 信号异常 煤炭ETF: All arrays must be of the same length
2026-07-24 23:42:04 | DEBUG | [20260724_234151] 信号异常 化工ETF: All arrays must be of the same length
2026-07-24 23:42:04 | DEBUG | [20260724_234151] 信号异常 钢铁ETF: All arrays must be of the same length
2026-07-24 23:42:04 | DEBUG | [20260724_234151] 信号异常 油气ETF: All arrays must be of the same length
2026-07-24 23:42:04 | DEBUG | [20260724_234151] 信号异常 传媒ETF: All arrays must be of the same length
2026-07-24 23:42:04 | DEBUG | [20260724_234151] 信号异常 游戏ETF: All arrays must be of the same length
2026-07-24 23:42:04 | DEBUG | [20260724_234151] 信号异常 机器人ETF: All arrays must be of the same length
2026-07-24 23:42:04 | DEBUG | [20260724_234151] 信号异常 汽车ETF: All arrays must be of the same length
2026-07-24 23:42:04 | DEBUG | [20260724_234151] 信号异常 基建ETF: All arrays must be of the same length
2026-07-24 23:42:04 | DEBUG | [20260724_234151] 信号异常 红利ETF: All arrays must be of the same length
2026-07-24 23:42:04 | DEBUG | [20260724_234151] 信号异常 中证红利ETF: All arrays must be of the same length
2026-07-24 23:42:04 | WARNING | [20260724_234151] 2025-09-08 回测异常: Account.holdings_value() missing 1 required positional argument: 'prices'
2026-07-24 23:42:04 | DEBUG | [20260724_234151] 信号异常 中证500ETF: All arrays must be of the same length
2026-07-24 23:42:04 | DEBUG | [20260724_234151] 信号异常 中证1000ETF: All arrays must be of the same length
2026-07-24 23:42:04 | DEBUG | [20260724_234151] 信号异常 银行ETF: All arrays must be of the same length
2026-07-24 23:42:04 | DEBUG | [20260724_234151] 信号异常 券商ETF: All arrays must be of the same length
2026-07-24 23:42:04 | DEBUG | [20260724_234151] 信号异常 房地产ETF: All arrays must be of the same length
2026-07-24 23:42:04 | DEBUG | [20260724_234151] 信号异常 食品饮料ETF: All arrays must be of the same length
2026-07-24 23:42:04 | DEBUG | [20260724_234151] 信号异常 养殖ETF: All arrays must be of the same length
2026-07-24 23:42:04 | DEBUG | [20260724_234151] 信号异常 酒ETF: All arrays must be of the same length
2026-07-24 23:42:04 | DEBUG | [20260724_234151] 信号异常 家电ETF: All arrays must be of the same length
2026-07-24 23:42:04 | DEBUG | [20260724_234151] 信号异常 医药ETF: All arrays must be of the same length
2026-07-24 23:42:04 | DEBUG | [20260724_234151] 信号异常 创新药ETF: All arrays must be of the same length
2026-07-24 23:42:04 | DEBUG | [20260724_234151] 信号异常 医疗ETF: All arrays must be of the same length
2026-07-24 23:42:04 | DEBUG | [20260724_234151] 信号异常 计算机ETF: All arrays must be of the same length
2026-07-24 23:42:04 | DEBUG | [20260724_234151] 信号异常 人工智能ETF: All arrays must be of the same length
2026-07-24 23:42:04 | DEBUG | [20260724_234151] 信号异常 新能源车ETF: All arrays must be of the same length
2026-07-24 23:42:04 | DEBUG | [20260724_234151] 信号异常 电力ETF: All arrays must be of the same length
2026-07-24 23:42:04 | DEBUG | [20260724_234151] 信号异常 光伏ETF: All arrays must be of the same length
2026-07-24 23:42:04 | DEBUG | [20260724_234151] 信号异常 军工ETF: All arrays must be of the same length
2026-07-24 23:42:04 | DEBUG | [20260724_234151] 信号异常 国防ETF: All arrays must be of the same length
2026-07-24 23:42:04 | DEBUG | [20260724_234151] 信号异常 稀土ETF: All arrays must be of the same length
2026-07-24 23:42:04 | DEBUG | [20260724_234151] 信号异常 有色金属ETF: All arrays must be of the same length
2026-07-24 23:42:04 | DEBUG | [20260724_234151] 信号异常 煤炭ETF: All arrays must be of the same length
2026-07-24 23:42:04 | DEBUG | [20260724_234151] 信号异常 化工ETF: All arrays must be of the same length
2026-07-24 23:42:04 | DEBUG | [20260724_234151] 信号异常 钢铁ETF: All arrays must be of the same length
2026-07-24 23:42:04 | DEBUG | [20260724_234151] 信号异常 油气ETF: All arrays must be of the same length
2026-07-24 23:42:04 | DEBUG | [20260724_234151] 信号异常 传媒ETF: All arrays must be of the same length
2026-07-24 23:42:04 | DEBUG | [20260724_234151] 信号异常 游戏ETF: All arrays must be of the same length
2026-07-24 23:42:04 | DEBUG | [20260724_234151] 信号异常 机器人ETF: All arrays must be of the same length
2026-07-24 23:42:04 | DEBUG | [20260724_234151] 信号异常 汽车ETF: All arrays must be of the same length
2026-07-24 23:42:04 | DEBUG | [20260724_234151] 信号异常 基建ETF: All arrays must be of the same length
2026-07-24 23:42:04 | DEBUG | [20260724_234151] 信号异常 红利ETF: All arrays must be of the same length
2026-07-24 23:42:04 | DEBUG | [20260724_234151] 信号异常 中证红利ETF: All arrays must be of the same length
2026-07-24 23:42:04 | WARNING | [20260724_234151] 2025-09-09 回测异常: Account.holdings_value() missing 1 required positional argument: 'prices'
2026-07-24 23:42:04 | DEBUG | [20260724_234151] 信号异常 中证500ETF: All arrays must be of the same length
2026-07-24 23:42:04 | DEBUG | [20260724_234151] 信号异常 中证1000ETF: All arrays must be of the same length
2026-07-24 23:42:04 | DEBUG | [20260724_234151] 信号异常 银行ETF: All arrays must be of the same length
2026-07-24 23:42:04 | DEBUG | [20260724_234151] 信号异常 券商ETF: All arrays must be of the same length
2026-07-24 23:42:04 | DEBUG | [20260724_234151] 信号异常 房地产ETF: All arrays must be of the same length
2026-07-24 23:42:04 | DEBUG | [20260724_234151] 信号异常 食品饮料ETF: All arrays must be of the same length
2026-07-24 23:42:04 | DEBUG | [20260724_234151] 信号异常 养殖ETF: All arrays must be of the same length
2026-07-24 23:42:04 | DEBUG | [20260724_234151] 信号异常 酒ETF: All arrays must be of the same length
2026-07-24 23:42:04 | DEBUG | [20260724_234151] 信号异常 家电ETF: All arrays must be of the same length
2026-07-24 23:42:04 | DEBUG | [20260724_234151] 信号异常 医药ETF: All arrays must be of the same length
2026-07-24 23:42:04 | DEBUG | [20260724_234151] 信号异常 创新药ETF: All arrays must be of the same length
2026-07-24 23:42:04 | DEBUG | [20260724_234151] 信号异常 医疗ETF: All arrays must be of the same length
2026-07-24 23:42:04 | DEBUG | [20260724_234151] 信号异常 计算机ETF: All arrays must be of the same length
2026-07-24 23:42:04 | DEBUG | [20260724_234151] 信号异常 人工智能ETF: All arrays must be of the same length
2026-07-24 23:42:04 | DEBUG | [20260724_234151] 信号异常 新能源车ETF: All arrays must be of the same length
2026-07-24 23:42:04 | DEBUG | [20260724_234151] 信号异常 电力ETF: All arrays must be of the same length
2026-07-24 23:42:04 | DEBUG | [20260724_234151] 信号异常 光伏ETF: All arrays must be of the same length
2026-07-24 23:42:04 | DEBUG | [20260724_234151] 信号异常 军工ETF: All arrays must be of the same length
2026-07-24 23:42:04 | DEBUG | [20260724_234151] 信号异常 国防ETF: All arrays must be of the same length
2026-07-24 23:42:04 | DEBUG | [20260724_234151] 信号异常 稀土ETF: All arrays must be of the same length
2026-07-24 23:42:04 | DEBUG | [20260724_234151] 信号异常 有色金属ETF: All arrays must be of the same length
2026-07-24 23:42:04 | DEBUG | [20260724_234151] 信号异常 煤炭ETF: All arrays must be of the same length
2026-07-24 23:42:04 | DEBUG | [20260724_234151] 信号异常 化工ETF: All arrays must be of the same length
2026-07-24 23:42:04 | DEBUG | [20260724_234151] 信号异常 钢铁ETF: All arrays must be of the same length
2026-07-24 23:42:04 | DEBUG | [20260724_234151] 信号异常 油气ETF: All arrays must be of the same length
2026-07-24 23:42:04 | DEBUG | [20260724_234151] 信号异常 传媒ETF: All arrays must be of the same length
2026-07-24 23:42:04 | DEBUG | [20260724_234151] 信号异常 游戏ETF: All arrays must be of the same length
2026-07-24 23:42:04 | DEBUG | [20260724_234151] 信号异常 机器人ETF: All arrays must be of the same length
2026-07-24 23:42:04 | DEBUG | [20260724_234151] 信号异常 汽车ETF: All arrays must be of the same length
2026-07-24 23:42:04 | DEBUG | [20260724_234151] 信号异常 基建ETF: All arrays must be of the same length
2026-07-24 23:42:04 | DEBUG | [20260724_234151] 信号异常 红利ETF: All arrays must be of the same length
2026-07-24 23:42:04 | DEBUG | [20260724_234151] 信号异常 中证红利ETF: All arrays must be of the same length
2026-07-24 23:42:04 | WARNING | [20260724_234151] 2025-09-10 回测异常: Account.holdings_value() missing 1 required positional argument: 'prices'
2026-07-24 23:42:04 | DEBUG | [20260724_234151] 信号异常 中证500ETF: All arrays must be of the same length
2026-07-24 23:42:04 | DEBUG | [20260724_234151] 信号异常 中证1000ETF: All arrays must be of the same length
2026-07-24 23:42:04 | DEBUG | [20260724_234151] 信号异常 银行ETF: All arrays must be of the same length
2026-07-24 23:42:04 | DEBUG | [20260724_234151] 信号异常 券商ETF: All arrays must be of the same length
2026-07-24 23:42:04 | DEBUG | [20260724_234151] 信号异常 房地产ETF: All arrays must be of the same length
2026-07-24 23:42:04 | DEBUG | [20260724_234151] 信号异常 食品饮料ETF: All arrays must be of the same length
2026-07-24 23:42:04 | DEBUG | [20260724_234151] 信号异常 养殖ETF: All arrays must be of the same length
2026-07-24 23:42:04 | DEBUG | [20260724_234151] 信号异常 酒ETF: All arrays must be of the same length
2026-07-24 23:42:04 | DEBUG | [20260724_234151] 信号异常 家电ETF: All arrays must be of the same length
2026-07-24 23:42:04 | DEBUG | [20260724_234151] 信号异常 医药ETF: All arrays must be of the same length
2026-07-24 23:42:04 | DEBUG | [20260724_234151] 信号异常 创新药ETF: All arrays must be of the same length
2026-07-24 23:42:04 | DEBUG | [20260724_234151] 信号异常 医疗ETF: All arrays must be of the same length
2026-07-24 23:42:04 | DEBUG | [20260724_234151] 信号异常 计算机ETF: All arrays must be of the same length
2026-07-24 23:42:04 | DEBUG | [20260724_234151] 信号异常 人工智能ETF: All arrays must be of the same length
2026-07-24 23:42:04 | DEBUG | [20260724_234151] 信号异常 新能源车ETF: All arrays must be of the same length
2026-07-24 23:42:04 | DEBUG | [20260724_234151] 信号异常 电力ETF: All arrays must be of the same length
2026-07-24 23:42:04 | DEBUG | [20260724_234151] 信号异常 光伏ETF: All arrays must be of the same length
2026-07-24 23:42:04 | DEBUG | [20260724_234151] 信号异常 军工ETF: All arrays must be of the same length
2026-07-24 23:42:04 | DEBUG | [20260724_234151] 信号异常 国防ETF: All arrays must be of the same length
2026-07-24 23:42:04 | DEBUG | [20260724_234151] 信号异常 稀土ETF: All arrays must be of the same length
2026-07-24 23:42:04 | DEBUG | [20260724_234151] 信号异常 有色金属ETF: All arrays must be of the same length
2026-07-24 23:42:04 | DEBUG | [20260724_234151] 信号异常 煤炭ETF: All arrays must be of the same length
2026-07-24 23:42:04 | DEBUG | [20260724_234151] 信号异常 化工ETF: All arrays must be of the same length
2026-07-24 23:42:04 | DEBUG | [20260724_234151] 信号异常 钢铁ETF: All arrays must be of the same length
2026-07-24 23:42:04 | DEBUG | [20260724_234151] 信号异常 油气ETF: All arrays must be of the same length
2026-07-24 23:42:04 | DEBUG | [20260724_234151] 信号异常 传媒ETF: All arrays must be of the same length
2026-07-24 23:42:04 | DEBUG | [20260724_234151] 信号异常 游戏ETF: All arrays must be of the same length
2026-07-24 23:42:04 | DEBUG | [20260724_234151] 信号异常 机器人ETF: All arrays must be of the same length
2026-07-24 23:42:04 | DEBUG | [20260724_234151] 信号异常 汽车ETF: All arrays must be of the same length
2026-07-24 23:42:04 | DEBUG | [20260724_234151] 信号异常 基建ETF: All arrays must be of the same length
2026-07-24 23:42:04 | DEBUG | [20260724_234151] 信号异常 红利ETF: All arrays must be of the same length
2026-07-24 23:42:04 | DEBUG | [20260724_234151] 信号异常 中证红利ETF: All arrays must be of the same length
2026-07-24 23:42:04 | WARNING | [20260724_234151] 2025-09-11 回测异常: Account.holdings_value() missing 1 required positional argument: 'prices'
2026-07-24 23:42:04 | DEBUG | [20260724_234151] 信号异常 中证500ETF: All arrays must be of the same length
2026-07-24 23:42:04 | DEBUG | [20260724_234151] 信号异常 中证1000ETF: All arrays must be of the same length
2026-07-24 23:42:04 | DEBUG | [20260724_234151] 信号异常 银行ETF: All arrays must be of the same length
2026-07-24 23:42:04 | DEBUG | [20260724_234151] 信号异常 券商ETF: All arrays must be of the same length
2026-07-24 23:42:04 | DEBUG | [20260724_234151] 信号异常 房地产ETF: All arrays must be of the same length
2026-07-24 23:42:04 | DEBUG | [20260724_234151] 信号异常 食品饮料ETF: All arrays must be of the same length
2026-07-24 23:42:04 | DEBUG | [20260724_234151] 信号异常 养殖ETF: All arrays must be of the same length
2026-07-24 23:42:04 | DEBUG | [20260724_234151] 信号异常 酒ETF: All arrays must be of the same length
2026-07-24 23:42:04 | DEBUG | [20260724_234151] 信号异常 家电ETF: All arrays must be of the same length
2026-07-24 23:42:04 | DEBUG | [20260724_234151] 信号异常 医药ETF: All arrays must be of the same length
2026-07-24 23:42:04 | DEBUG | [20260724_234151] 信号异常 创新药ETF: All arrays must be of the same length
2026-07-24 23:42:04 | DEBUG | [20260724_234151] 信号异常 医疗ETF: All arrays must be of the same length
2026-07-24 23:42:04 | DEBUG | [20260724_234151] 信号异常 计算机ETF: All arrays must be of the same length
2026-07-24 23:42:04 | DEBUG | [20260724_234151] 信号异常 人工智能ETF: All arrays must be of the same length
2026-07-24 23:42:04 | DEBUG | [20260724_234151] 信号异常 新能源车ETF: All arrays must be of the same length
2026-07-24 23:42:04 | DEBUG | [20260724_234151] 信号异常 电力ETF: All arrays must be of the same length
2026-07-24 23:42:04 | DEBUG | [20260724_234151] 信号异常 光伏ETF: All arrays must be of the same length
2026-07-24 23:42:04 | DEBUG | [20260724_234151] 信号异常 军工ETF: All arrays must be of the same length
2026-07-24 23:42:04 | DEBUG | [20260724_234151] 信号异常 国防ETF: All arrays must be of the same length
2026-07-24 23:42:04 | DEBUG | [20260724_234151] 信号异常 稀土ETF: All arrays must be of the same length
2026-07-24 23:42:04 | DEBUG | [20260724_234151] 信号异常 有色金属ETF: All arrays must be of the same length
2026-07-24 23:42:04 | DEBUG | [20260724_234151] 信号异常 煤炭ETF: All arrays must be of the same length
2026-07-24 23:42:04 | DEBUG | [20260724_234151] 信号异常 化工ETF: All arrays must be of the same length
2026-07-24 23:42:04 | DEBUG | [20260724_234151] 信号异常 钢铁ETF: All arrays must be of the same length
2026-07-24 23:42:04 | DEBUG | [20260724_234151] 信号异常 油气ETF: All arrays must be of the same length
2026-07-24 23:42:04 | DEBUG | [20260724_234151] 信号异常 传媒ETF: All arrays must be of the same length
2026-07-24 23:42:04 | DEBUG | [20260724_234151] 信号异常 游戏ETF: All arrays must be of the same length
2026-07-24 23:42:04 | DEBUG | [20260724_234151] 信号异常 机器人ETF: All arrays must be of the same length
2026-07-24 23:42:04 | DEBUG | [20260724_234151] 信号异常 汽车ETF: All arrays must be of the same length
2026-07-24 23:42:04 | DEBUG | [20260724_234151] 信号异常 基建ETF: All arrays must be of the same length
2026-07-24 23:42:04 | DEBUG | [20260724_234151] 信号异常 红利ETF: All arrays must be of the same length
2026-07-24 23:42:04 | DEBUG | [20260724_234151] 信号异常 中证红利ETF: All arrays must be of the same length
2026-07-24 23:42:04 | WARNING | [20260724_234151] 2025-09-12 回测异常: Account.holdings_value() missing 1 required positional argument: 'prices'
2026-07-24 23:42:04 | DEBUG | [20260724_234151] 信号异常 中证500ETF: All arrays must be of the same length
2026-07-24 23:42:04 | DEBUG | [20260724_234151] 信号异常 中证1000ETF: All arrays must be of the same length
2026-07-24 23:42:04 | DEBUG | [20260724_234151] 信号异常 银行ETF: All arrays must be of the same length
2026-07-24 23:42:04 | DEBUG | [20260724_234151] 信号异常 券商ETF: All arrays must be of the same length
2026-07-24 23:42:04 | DEBUG | [20260724_234151] 信号异常 房地产ETF: All arrays must be of the same length
2026-07-24 23:42:04 | DEBUG | [20260724_234151] 信号异常 食品饮料ETF: All arrays must be of the same length
2026-07-24 23:42:04 | DEBUG | [20260724_234151] 信号异常 养殖ETF: All arrays must be of the same length
2026-07-24 23:42:04 | DEBUG | [20260724_234151] 信号异常 酒ETF: All arrays must be of the same length
2026-07-24 23:42:04 | DEBUG | [20260724_234151] 信号异常 家电ETF: All arrays must be of the same length
2026-07-24 23:42:04 | DEBUG | [20260724_234151] 信号异常 医药ETF: All arrays must be of the same length
2026-07-24 23:42:04 | DEBUG | [20260724_234151] 信号异常 创新药ETF: All arrays must be of the same length
2026-07-24 23:42:04 | DEBUG | [20260724_234151] 信号异常 医疗ETF: All arrays must be of the same length
2026-07-24 23:42:04 | DEBUG | [20260724_234151] 信号异常 计算机ETF: All arrays must be of the same length
2026-07-24 23:42:04 | DEBUG | [20260724_234151] 信号异常 人工智能ETF: All arrays must be of the same length
2026-07-24 23:42:04 | DEBUG | [20260724_234151] 信号异常 新能源车ETF: All arrays must be of the same length
2026-07-24 23:42:04 | DEBUG | [20260724_234151] 信号异常 电力ETF: All arrays must be of the same length
2026-07-24 23:42:04 | DEBUG | [20260724_234151] 信号异常 光伏ETF: All arrays must be of the same length
2026-07-24 23:42:04 | DEBUG | [20260724_234151] 信号异常 军工ETF: All arrays must be of the same length
2026-07-24 23:42:04 | DEBUG | [20260724_234151] 信号异常 国防ETF: All arrays must be of the same length
2026-07-24 23:42:04 | DEBUG | [20260724_234151] 信号异常 稀土ETF: All arrays must be of the same length
2026-07-24 23:42:04 | DEBUG | [20260724_234151] 信号异常 有色金属ETF: All arrays must be of the same length
2026-07-24 23:42:04 | DEBUG | [20260724_234151] 信号异常 煤炭ETF: All arrays must be of the same length
2026-07-24 23:42:04 | DEBUG | [20260724_234151] 信号异常 化工ETF: All arrays must be of the same length
2026-07-24 23:42:04 | DEBUG | [20260724_234151] 信号异常 钢铁ETF: All arrays must be of the same length
2026-07-24 23:42:04 | DEBUG | [20260724_234151] 信号异常 油气ETF: All arrays must be of the same length
2026-07-24 23:42:04 | DEBUG | [20260724_234151] 信号异常 传媒ETF: All arrays must be of the same length
2026-07-24 23:42:04 | DEBUG | [20260724_234151] 信号异常 游戏ETF: All arrays must be of the same length
2026-07-24 23:42:04 | DEBUG | [20260724_234151] 信号异常 机器人ETF: All arrays must be of the same length
2026-07-24 23:42:04 | DEBUG | [20260724_234151] 信号异常 汽车ETF: All arrays must be of the same length
2026-07-24 23:42:04 | DEBUG | [20260724_234151] 信号异常 基建ETF: All arrays must be of the same length
2026-07-24 23:42:04 | DEBUG | [20260724_234151] 信号异常 红利ETF: All arrays must be of the same length
2026-07-24 23:42:04 | DEBUG | [20260724_234151] 信号异常 中证红利ETF: All arrays must be of the same length
2026-07-24 23:42:04 | WARNING | [20260724_234151] 2025-09-15 回测异常: Account.holdings_value() missing 1 required positional argument: 'prices'
2026-07-24 23:42:04 | DEBUG | [20260724_234151] 信号异常 中证500ETF: All arrays must be of the same length
2026-07-24 23:42:04 | DEBUG | [20260724_234151] 信号异常 中证1000ETF: All arrays must be of the same length
2026-07-24 23:42:04 | DEBUG | [20260724_234151] 信号异常 银行ETF: All arrays must be of the same length
2026-07-24 23:42:04 | DEBUG | [20260724_234151] 信号异常 券商ETF: All arrays must be of the same length
2026-07-24 23:42:04 | DEBUG | [20260724_234151] 信号异常 房地产ETF: All arrays must be of the same length
2026-07-24 23:42:04 | DEBUG | [20260724_234151] 信号异常 食品饮料ETF: All arrays must be of the same length
2026-07-24 23:42:04 | DEBUG | [20260724_234151] 信号异常 养殖ETF: All arrays must be of the same length
2026-07-24 23:42:04 | DEBUG | [20260724_234151] 信号异常 酒ETF: All arrays must be of the same length
2026-07-24 23:42:04 | DEBUG | [20260724_234151] 信号异常 家电ETF: All arrays must be of the same length
2026-07-24 23:42:04 | DEBUG | [20260724_234151] 信号异常 医药ETF: All arrays must be of the same length
2026-07-24 23:42:04 | DEBUG | [20260724_234151] 信号异常 创新药ETF: All arrays must be of the same length
2026-07-24 23:42:04 | DEBUG | [20260724_234151] 信号异常 医疗ETF: All arrays must be of the same length
2026-07-24 23:42:04 | DEBUG | [20260724_234151] 信号异常 计算机ETF: All arrays must be of the same length
2026-07-24 23:42:04 | DEBUG | [20260724_234151] 信号异常 人工智能ETF: All arrays must be of the same length
2026-07-24 23:42:04 | DEBUG | [20260724_234151] 信号异常 新能源车ETF: All arrays must be of the same length
2026-07-24 23:42:04 | DEBUG | [20260724_234151] 信号异常 电力ETF: All arrays must be of the same length
2026-07-24 23:42:04 | DEBUG | [20260724_234151] 信号异常 光伏ETF: All arrays must be of the same length
2026-07-24 23:42:04 | DEBUG | [20260724_234151] 信号异常 军工ETF: All arrays must be of the same length
2026-07-24 23:42:04 | DEBUG | [20260724_234151] 信号异常 国防ETF: All arrays must be of the same length
2026-07-24 23:42:04 | DEBUG | [20260724_234151] 信号异常 稀土ETF: All arrays must be of the same length
2026-07-24 23:42:04 | DEBUG | [20260724_234151] 信号异常 有色金属ETF: All arrays must be of the same length
2026-07-24 23:42:04 | DEBUG | [20260724_234151] 信号异常 煤炭ETF: All arrays must be of the same length
2026-07-24 23:42:04 | DEBUG | [20260724_234151] 信号异常 化工ETF: All arrays must be of the same length
2026-07-24 23:42:04 | DEBUG | [20260724_234151] 信号异常 钢铁ETF: All arrays must be of the same length
2026-07-24 23:42:04 | DEBUG | [20260724_234151] 信号异常 油气ETF: All arrays must be of the same length
2026-07-24 23:42:04 | DEBUG | [20260724_234151] 信号异常 传媒ETF: All arrays must be of the same length
2026-07-24 23:42:04 | DEBUG | [20260724_234151] 信号异常 游戏ETF: All arrays must be of the same length
2026-07-24 23:42:04 | DEBUG | [20260724_234151] 信号异常 机器人ETF: All arrays must be of the same length
2026-07-24 23:42:04 | DEBUG | [20260724_234151] 信号异常 汽车ETF: All arrays must be of the same length
2026-07-24 23:42:04 | DEBUG | [20260724_234151] 信号异常 基建ETF: All arrays must be of the same length
2026-07-24 23:42:04 | DEBUG | [20260724_234151] 信号异常 红利ETF: All arrays must be of the same length
2026-07-24 23:42:04 | DEBUG | [20260724_234151] 信号异常 中证红利ETF: All arrays must be of the same length
2026-07-24 23:42:04 | WARNING | [20260724_234151] 2025-09-16 回测异常: Account.holdings_value() missing 1 required positional argument: 'prices'
2026-07-24 23:42:04 | DEBUG | [20260724_234151] 信号异常 中证500ETF: All arrays must be of the same length
2026-07-24 23:42:04 | DEBUG | [20260724_234151] 信号异常 中证1000ETF: All arrays must be of the same length
2026-07-24 23:42:04 | DEBUG | [20260724_234151] 信号异常 银行ETF: All arrays must be of the same length
2026-07-24 23:42:04 | DEBUG | [20260724_234151] 信号异常 券商ETF: All arrays must be of the same length
2026-07-24 23:42:04 | DEBUG | [20260724_234151] 信号异常 房地产ETF: All arrays must be of the same length
2026-07-24 23:42:04 | DEBUG | [20260724_234151] 信号异常 食品饮料ETF: All arrays must be of the same length
2026-07-24 23:42:04 | DEBUG | [20260724_234151] 信号异常 养殖ETF: All arrays must be of the same length
2026-07-24 23:42:04 | DEBUG | [20260724_234151] 信号异常 酒ETF: All arrays must be of the same length
2026-07-24 23:42:04 | DEBUG | [20260724_234151] 信号异常 家电ETF: All arrays must be of the same length
2026-07-24 23:42:04 | DEBUG | [20260724_234151] 信号异常 医药ETF: All arrays must be of the same length
2026-07-24 23:42:04 | DEBUG | [20260724_234151] 信号异常 创新药ETF: All arrays must be of the same length
2026-07-24 23:42:04 | DEBUG | [20260724_234151] 信号异常 医疗ETF: All arrays must be of the same length
2026-07-24 23:42:04 | DEBUG | [20260724_234151] 信号异常 计算机ETF: All arrays must be of the same length
2026-07-24 23:42:04 | DEBUG | [20260724_234151] 信号异常 人工智能ETF: All arrays must be of the same length
2026-07-24 23:42:04 | DEBUG | [20260724_234151] 信号异常 新能源车ETF: All arrays must be of the same length
2026-07-24 23:42:04 | DEBUG | [20260724_234151] 信号异常 电力ETF: All arrays must be of the same length
2026-07-24 23:42:04 | DEBUG | [20260724_234151] 信号异常 光伏ETF: All arrays must be of the same length
2026-07-24 23:42:04 | DEBUG | [20260724_234151] 信号异常 军工ETF: All arrays must be of the same length
2026-07-24 23:42:04 | DEBUG | [20260724_234151] 信号异常 国防ETF: All arrays must be of the same length
2026-07-24 23:42:04 | DEBUG | [20260724_234151] 信号异常 稀土ETF: All arrays must be of the same length
2026-07-24 23:42:04 | DEBUG | [20260724_234151] 信号异常 有色金属ETF: All arrays must be of the same length
2026-07-24 23:42:04 | DEBUG | [20260724_234151] 信号异常 煤炭ETF: All arrays must be of the same length
2026-07-24 23:42:04 | DEBUG | [20260724_234151] 信号异常 化工ETF: All arrays must be of the same length
2026-07-24 23:42:04 | DEBUG | [20260724_234151] 信号异常 钢铁ETF: All arrays must be of the same length
2026-07-24 23:42:04 | DEBUG | [20260724_234151] 信号异常 油气ETF: All arrays must be of the same length
2026-07-24 23:42:04 | DEBUG | [20260724_234151] 信号异常 传媒ETF: All arrays must be of the same length
2026-07-24 23:42:04 | DEBUG | [20260724_234151] 信号异常 游戏ETF: All arrays must be of the same length
2026-07-24 23:42:04 | DEBUG | [20260724_234151] 信号异常 机器人ETF: All arrays must be of the same length
2026-07-24 23:42:04 | DEBUG | [20260724_234151] 信号异常 汽车ETF: All arrays must be of the same length
2026-07-24 23:42:04 | DEBUG | [20260724_234151] 信号异常 基建ETF: All arrays must be of the same length
2026-07-24 23:42:04 | DEBUG | [20260724_234151] 信号异常 红利ETF: All arrays must be of the same length
2026-07-24 23:42:04 | DEBUG | [20260724_234151] 信号异常 中证红利ETF: All arrays must be of the same length
2026-07-24 23:42:04 | WARNING | [20260724_234151] 2025-09-17 回测异常: Account.holdings_value() missing 1 required positional argument: 'prices'
2026-07-24 23:42:04 | DEBUG | [20260724_234151] 信号异常 中证500ETF: All arrays must be of the same length
2026-07-24 23:42:04 | DEBUG | [20260724_234151] 信号异常 中证1000ETF: All arrays must be of the same length
2026-07-24 23:42:04 | DEBUG | [20260724_234151] 信号异常 银行ETF: All arrays must be of the same length
2026-07-24 23:42:04 | DEBUG | [20260724_234151] 信号异常 券商ETF: All arrays must be of the same length
2026-07-24 23:42:04 | DEBUG | [20260724_234151] 信号异常 房地产ETF: All arrays must be of the same length
2026-07-24 23:42:04 | DEBUG | [20260724_234151] 信号异常 食品饮料ETF: All arrays must be of the same length
2026-07-24 23:42:04 | DEBUG | [20260724_234151] 信号异常 养殖ETF: All arrays must be of the same length
2026-07-24 23:42:04 | DEBUG | [20260724_234151] 信号异常 酒ETF: All arrays must be of the same length
2026-07-24 23:42:04 | DEBUG | [20260724_234151] 信号异常 家电ETF: All arrays must be of the same length
2026-07-24 23:42:04 | DEBUG | [20260724_234151] 信号异常 医药ETF: All arrays must be of the same length
2026-07-24 23:42:04 | DEBUG | [20260724_234151] 信号异常 创新药ETF: All arrays must be of the same length
2026-07-24 23:42:04 | DEBUG | [20260724_234151] 信号异常 医疗ETF: All arrays must be of the same length
2026-07-24 23:42:04 | DEBUG | [20260724_234151] 信号异常 计算机ETF: All arrays must be of the same length
2026-07-24 23:42:04 | DEBUG | [20260724_234151] 信号异常 人工智能ETF: All arrays must be of the same length
2026-07-24 23:42:04 | DEBUG | [20260724_234151] 信号异常 新能源车ETF: All arrays must be of the same length
2026-07-24 23:42:04 | DEBUG | [20260724_234151] 信号异常 电力ETF: All arrays must be of the same length
2026-07-24 23:42:04 | DEBUG | [20260724_234151] 信号异常 光伏ETF: All arrays must be of the same length
2026-07-24 23:42:04 | DEBUG | [20260724_234151] 信号异常 军工ETF: All arrays must be of the same length
2026-07-24 23:42:04 | DEBUG | [20260724_234151] 信号异常 国防ETF: All arrays must be of the same length
2026-07-24 23:42:04 | DEBUG | [20260724_234151] 信号异常 稀土ETF: All arrays must be of the same length
2026-07-24 23:42:04 | DEBUG | [20260724_234151] 信号异常 有色金属ETF: All arrays must be of the same length
2026-07-24 23:42:04 | DEBUG | [20260724_234151] 信号异常 煤炭ETF: All arrays must be of the same length
2026-07-24 23:42:04 | DEBUG | [20260724_234151] 信号异常 化工ETF: All arrays must be of the same length
2026-07-24 23:42:04 | DEBUG | [20260724_234151] 信号异常 钢铁ETF: All arrays must be of the same length
2026-07-24 23:42:04 | DEBUG | [20260724_234151] 信号异常 油气ETF: All arrays must be of the same length
2026-07-24 23:42:04 | DEBUG | [20260724_234151] 信号异常 传媒ETF: All arrays must be of the same length
2026-07-24 23:42:04 | DEBUG | [20260724_234151] 信号异常 游戏ETF: All arrays must be of the same length
2026-07-24 23:42:04 | DEBUG | [20260724_234151] 信号异常 机器人ETF: All arrays must be of the same length
2026-07-24 23:42:04 | DEBUG | [20260724_234151] 信号异常 汽车ETF: All arrays must be of the same length
2026-07-24 23:42:04 | DEBUG | [20260724_234151] 信号异常 基建ETF: All arrays must be of the same length
2026-07-24 23:42:04 | DEBUG | [20260724_234151] 信号异常 红利ETF: All arrays must be of the same length
2026-07-24 23:42:04 | DEBUG | [20260724_234151] 信号异常 中证红利ETF: All arrays must be of the same length
2026-07-24 23:42:04 | WARNING | [20260724_234151] 2025-09-18 回测异常: Account.holdings_value() missing 1 required positional argument: 'prices'
2026-07-24 23:42:04 | DEBUG | [20260724_234151] 信号异常 中证500ETF: All arrays must be of the same length
2026-07-24 23:42:04 | DEBUG | [20260724_234151] 信号异常 中证1000ETF: All arrays must be of the same length
2026-07-24 23:42:04 | DEBUG | [20260724_234151] 信号异常 银行ETF: All arrays must be of the same length
2026-07-24 23:42:04 | DEBUG | [20260724_234151] 信号异常 券商ETF: All arrays must be of the same length
2026-07-24 23:42:04 | DEBUG | [20260724_234151] 信号异常 房地产ETF: All arrays must be of the same length
2026-07-24 23:42:04 | DEBUG | [20260724_234151] 信号异常 食品饮料ETF: All arrays must be of the same length
2026-07-24 23:42:04 | DEBUG | [20260724_234151] 信号异常 养殖ETF: All arrays must be of the same length
2026-07-24 23:42:04 | DEBUG | [20260724_234151] 信号异常 酒ETF: All arrays must be of the same length
2026-07-24 23:42:04 | DEBUG | [20260724_234151] 信号异常 家电ETF: All arrays must be of the same length
2026-07-24 23:42:04 | DEBUG | [20260724_234151] 信号异常 医药ETF: All arrays must be of the same length
2026-07-24 23:42:04 | DEBUG | [20260724_234151] 信号异常 创新药ETF: All arrays must be of the same length
2026-07-24 23:42:04 | DEBUG | [20260724_234151] 信号异常 医疗ETF: All arrays must be of the same length
2026-07-24 23:42:04 | DEBUG | [20260724_234151] 信号异常 计算机ETF: All arrays must be of the same length
2026-07-24 23:42:04 | DEBUG | [20260724_234151] 信号异常 人工智能ETF: All arrays must be of the same length
2026-07-24 23:42:04 | DEBUG | [20260724_234151] 信号异常 新能源车ETF: All arrays must be of the same length
2026-07-24 23:42:04 | DEBUG | [20260724_234151] 信号异常 电力ETF: All arrays must be of the same length
2026-07-24 23:42:04 | DEBUG | [20260724_234151] 信号异常 光伏ETF: All arrays must be of the same length
2026-07-24 23:42:04 | DEBUG | [20260724_234151] 信号异常 军工ETF: All arrays must be of the same length
2026-07-24 23:42:04 | DEBUG | [20260724_234151] 信号异常 国防ETF: All arrays must be of the same length
2026-07-24 23:42:04 | DEBUG | [20260724_234151] 信号异常 稀土ETF: All arrays must be of the same length
2026-07-24 23:42:04 | DEBUG | [20260724_234151] 信号异常 有色金属ETF: All arrays must be of the same length
2026-07-24 23:42:04 | DEBUG | [20260724_234151] 信号异常 煤炭ETF: All arrays must be of the same length
2026-07-24 23:42:04 | DEBUG | [20260724_234151] 信号异常 化工ETF: All arrays must be of the same length
2026-07-24 23:42:04 | DEBUG | [20260724_234151] 信号异常 钢铁ETF: All arrays must be of the same length
2026-07-24 23:42:04 | DEBUG | [20260724_234151] 信号异常 油气ETF: All arrays must be of the same length
2026-07-24 23:42:04 | DEBUG | [20260724_234151] 信号异常 传媒ETF: All arrays must be of the same length
2026-07-24 23:42:04 | DEBUG | [20260724_234151] 信号异常 游戏ETF: All arrays must be of the same length
2026-07-24 23:42:04 | DEBUG | [20260724_234151] 信号异常 机器人ETF: All arrays must be of the same length
2026-07-24 23:42:04 | DEBUG | [20260724_234151] 信号异常 汽车ETF: All arrays must be of the same length
2026-07-24 23:42:04 | DEBUG | [20260724_234151] 信号异常 基建ETF: All arrays must be of the same length
2026-07-24 23:42:04 | DEBUG | [20260724_234151] 信号异常 红利ETF: All arrays must be of the same length
2026-07-24 23:42:04 | DEBUG | [20260724_234151] 信号异常 中证红利ETF: All arrays must be of the same length
2026-07-24 23:42:04 | WARNING | [20260724_234151] 2025-09-19 回测异常: Account.holdings_value() missing 1 required positional argument: 'prices'
2026-07-24 23:42:04 | DEBUG | [20260724_234151] 信号异常 中证500ETF: All arrays must be of the same length
2026-07-24 23:42:04 | DEBUG | [20260724_234151] 信号异常 中证1000ETF: All arrays must be of the same length
2026-07-24 23:42:04 | DEBUG | [20260724_234151] 信号异常 银行ETF: All arrays must be of the same length
2026-07-24 23:42:04 | DEBUG | [20260724_234151] 信号异常 券商ETF: All arrays must be of the same length
2026-07-24 23:42:04 | DEBUG | [20260724_234151] 信号异常 房地产ETF: All arrays must be of the same length
2026-07-24 23:42:04 | DEBUG | [20260724_234151] 信号异常 食品饮料ETF: All arrays must be of the same length
2026-07-24 23:42:04 | DEBUG | [20260724_234151] 信号异常 养殖ETF: All arrays must be of the same length
2026-07-24 23:42:04 | DEBUG | [20260724_234151] 信号异常 酒ETF: All arrays must be of the same length
2026-07-24 23:42:04 | DEBUG | [20260724_234151] 信号异常 家电ETF: All arrays must be of the same length
2026-07-24 23:42:04 | DEBUG | [20260724_234151] 信号异常 医药ETF: All arrays must be of the same length
2026-07-24 23:42:04 | DEBUG | [20260724_234151] 信号异常 创新药ETF: All arrays must be of the same length
2026-07-24 23:42:04 | DEBUG | [20260724_234151] 信号异常 医疗ETF: All arrays must be of the same length
2026-07-24 23:42:04 | DEBUG | [20260724_234151] 信号异常 计算机ETF: All arrays must be of the same length
2026-07-24 23:42:04 | DEBUG | [20260724_234151] 信号异常 人工智能ETF: All arrays must be of the same length
2026-07-24 23:42:04 | DEBUG | [20260724_234151] 信号异常 新能源车ETF: All arrays must be of the same length
2026-07-24 23:42:04 | DEBUG | [20260724_234151] 信号异常 电力ETF: All arrays must be of the same length
2026-07-24 23:42:04 | DEBUG | [20260724_234151] 信号异常 光伏ETF: All arrays must be of the same length
2026-07-24 23:42:04 | DEBUG | [20260724_234151] 信号异常 军工ETF: All arrays must be of the same length
2026-07-24 23:42:04 | DEBUG | [20260724_234151] 信号异常 国防ETF: All arrays must be of the same length
2026-07-24 23:42:04 | DEBUG | [20260724_234151] 信号异常 稀土ETF: All arrays must be of the same length
2026-07-24 23:42:04 | DEBUG | [20260724_234151] 信号异常 有色金属ETF: All arrays must be of the same length
2026-07-24 23:42:04 | DEBUG | [20260724_234151] 信号异常 煤炭ETF: All arrays must be of the same length
2026-07-24 23:42:04 | DEBUG | [20260724_234151] 信号异常 化工ETF: All arrays must be of the same length
2026-07-24 23:42:04 | DEBUG | [20260724_234151] 信号异常 钢铁ETF: All arrays must be of the same length
2026-07-24 23:42:04 | DEBUG | [20260724_234151] 信号异常 油气ETF: All arrays must be of the same length
2026-07-24 23:42:04 | DEBUG | [20260724_234151] 信号异常 传媒ETF: All arrays must be of the same length
2026-07-24 23:42:04 | DEBUG | [20260724_234151] 信号异常 游戏ETF: All arrays must be of the same length
2026-07-24 23:42:04 | DEBUG | [20260724_234151] 信号异常 机器人ETF: All arrays must be of the same length
2026-07-24 23:42:04 | DEBUG | [20260724_234151] 信号异常 汽车ETF: All arrays must be of the same length
2026-07-24 23:42:04 | DEBUG | [20260724_234151] 信号异常 基建ETF: All arrays must be of the same length
2026-07-24 23:42:04 | DEBUG | [20260724_234151] 信号异常 红利ETF: All arrays must be of the same length
2026-07-24 23:42:04 | DEBUG | [20260724_234151] 信号异常 中证红利ETF: All arrays must be of the same length
2026-07-24 23:42:04 | WARNING | [20260724_234151] 2025-09-22 回测异常: Account.holdings_value() missing 1 required positional argument: 'prices'
2026-07-24 23:42:04 | DEBUG | [20260724_234151] 信号异常 中证500ETF: All arrays must be of the same length
2026-07-24 23:42:04 | DEBUG | [20260724_234151] 信号异常 中证1000ETF: All arrays must be of the same length
2026-07-24 23:42:04 | DEBUG | [20260724_234151] 信号异常 银行ETF: All arrays must be of the same length
2026-07-24 23:42:04 | DEBUG | [20260724_234151] 信号异常 券商ETF: All arrays must be of the same length
2026-07-24 23:42:04 | DEBUG | [20260724_234151] 信号异常 房地产ETF: All arrays must be of the same length
2026-07-24 23:42:04 | DEBUG | [20260724_234151] 信号异常 食品饮料ETF: All arrays must be of the same length
2026-07-24 23:42:04 | DEBUG | [20260724_234151] 信号异常 养殖ETF: All arrays must be of the same length
2026-07-24 23:42:04 | DEBUG | [20260724_234151] 信号异常 酒ETF: All arrays must be of the same length
2026-07-24 23:42:04 | DEBUG | [20260724_234151] 信号异常 家电ETF: All arrays must be of the same length
2026-07-24 23:42:04 | DEBUG | [20260724_234151] 信号异常 医药ETF: All arrays must be of the same length
2026-07-24 23:42:04 | DEBUG | [20260724_234151] 信号异常 创新药ETF: All arrays must be of the same length
2026-07-24 23:42:04 | DEBUG | [20260724_234151] 信号异常 医疗ETF: All arrays must be of the same length
2026-07-24 23:42:04 | DEBUG | [20260724_234151] 信号异常 计算机ETF: All arrays must be of the same length
2026-07-24 23:42:04 | DEBUG | [20260724_234151] 信号异常 人工智能ETF: All arrays must be of the same length
2026-07-24 23:42:04 | DEBUG | [20260724_234151] 信号异常 新能源车ETF: All arrays must be of the same length
2026-07-24 23:42:04 | DEBUG | [20260724_234151] 信号异常 电力ETF: All arrays must be of the same length
2026-07-24 23:42:04 | DEBUG | [20260724_234151] 信号异常 光伏ETF: All arrays must be of the same length
2026-07-24 23:42:04 | DEBUG | [20260724_234151] 信号异常 军工ETF: All arrays must be of the same length
2026-07-24 23:42:04 | DEBUG | [20260724_234151] 信号异常 国防ETF: All arrays must be of the same length
2026-07-24 23:42:04 | DEBUG | [20260724_234151] 信号异常 稀土ETF: All arrays must be of the same length
2026-07-24 23:42:04 | DEBUG | [20260724_234151] 信号异常 有色金属ETF: All arrays must be of the same length
2026-07-24 23:42:04 | DEBUG | [20260724_234151] 信号异常 煤炭ETF: All arrays must be of the same length
2026-07-24 23:42:04 | DEBUG | [20260724_234151] 信号异常 化工ETF: All arrays must be of the same length
2026-07-24 23:42:04 | DEBUG | [20260724_234151] 信号异常 钢铁ETF: All arrays must be of the same length
2026-07-24 23:42:04 | DEBUG | [20260724_234151] 信号异常 油气ETF: All arrays must be of the same length
2026-07-24 23:42:04 | DEBUG | [20260724_234151] 信号异常 传媒ETF: All arrays must be of the same length
2026-07-24 23:42:04 | DEBUG | [20260724_234151] 信号异常 游戏ETF: All arrays must be of the same length
2026-07-24 23:42:04 | DEBUG | [20260724_234151] 信号异常 机器人ETF: All arrays must be of the same length
2026-07-24 23:42:04 | DEBUG | [20260724_234151] 信号异常 汽车ETF: All arrays must be of the same length
2026-07-24 23:42:04 | DEBUG | [20260724_234151] 信号异常 基建ETF: All arrays must be of the same length
2026-07-24 23:42:04 | DEBUG | [20260724_234151] 信号异常 红利ETF: All arrays must be of the same length
2026-07-24 23:42:04 | DEBUG | [20260724_234151] 信号异常 中证红利ETF: All arrays must be of the same length
2026-07-24 23:42:04 | WARNING | [20260724_234151] 2025-09-23 回测异常: Account.holdings_value() missing 1 required positional argument: 'prices'
2026-07-24 23:42:04 | DEBUG | [20260724_234151] 信号异常 中证500ETF: All arrays must be of the same length
2026-07-24 23:42:04 | DEBUG | [20260724_234151] 信号异常 中证1000ETF: All arrays must be of the same length
2026-07-24 23:42:04 | DEBUG | [20260724_234151] 信号异常 银行ETF: All arrays must be of the same length
2026-07-24 23:42:04 | DEBUG | [20260724_234151] 信号异常 券商ETF: All arrays must be of the same length
2026-07-24 23:42:04 | DEBUG | [20260724_234151] 信号异常 房地产ETF: All arrays must be of the same length
2026-07-24 23:42:04 | DEBUG | [20260724_234151] 信号异常 食品饮料ETF: All arrays must be of the same length
2026-07-24 23:42:04 | DEBUG | [20260724_234151] 信号异常 养殖ETF: All arrays must be of the same length
2026-07-24 23:42:04 | DEBUG | [20260724_234151] 信号异常 酒ETF: All arrays must be of the same length
2026-07-24 23:42:04 | DEBUG | [20260724_234151] 信号异常 家电ETF: All arrays must be of the same length
2026-07-24 23:42:04 | DEBUG | [20260724_234151] 信号异常 医药ETF: All arrays must be of the same length
2026-07-24 23:42:04 | DEBUG | [20260724_234151] 信号异常 创新药ETF: All arrays must be of the same length
2026-07-24 23:42:04 | DEBUG | [20260724_234151] 信号异常 医疗ETF: All arrays must be of the same length
2026-07-24 23:42:04 | DEBUG | [20260724_234151] 信号异常 计算机ETF: All arrays must be of the same length
2026-07-24 23:42:04 | DEBUG | [20260724_234151] 信号异常 人工智能ETF: All arrays must be of the same length
2026-07-24 23:42:04 | DEBUG | [20260724_234151] 信号异常 新能源车ETF: All arrays must be of the same length
2026-07-24 23:42:04 | DEBUG | [20260724_234151] 信号异常 电力ETF: All arrays must be of the same length
2026-07-24 23:42:04 | DEBUG | [20260724_234151] 信号异常 光伏ETF: All arrays must be of the same length
2026-07-24 23:42:04 | DEBUG | [20260724_234151] 信号异常 军工ETF: All arrays must be of the same length
2026-07-24 23:42:04 | DEBUG | [20260724_234151] 信号异常 国防ETF: All arrays must be of the same length
2026-07-24 23:42:04 | DEBUG | [20260724_234151] 信号异常 稀土ETF: All arrays must be of the same length
2026-07-24 23:42:04 | DEBUG | [20260724_234151] 信号异常 有色金属ETF: All arrays must be of the same length
2026-07-24 23:42:04 | DEBUG | [20260724_234151] 信号异常 煤炭ETF: All arrays must be of the same length
2026-07-24 23:42:04 | DEBUG | [20260724_234151] 信号异常 化工ETF: All arrays must be of the same length
2026-07-24 23:42:04 | DEBUG | [20260724_234151] 信号异常 钢铁ETF: All arrays must be of the same length
2026-07-24 23:42:04 | DEBUG | [20260724_234151] 信号异常 油气ETF: All arrays must be of the same length
2026-07-24 23:42:04 | DEBUG | [20260724_234151] 信号异常 传媒ETF: All arrays must be of the same length
2026-07-24 23:42:04 | DEBUG | [20260724_234151] 信号异常 游戏ETF: All arrays must be of the same length
2026-07-24 23:42:04 | DEBUG | [20260724_234151] 信号异常 机器人ETF: All arrays must be of the same length
2026-07-24 23:42:04 | DEBUG | [20260724_234151] 信号异常 汽车ETF: All arrays must be of the same length
2026-07-24 23:42:04 | DEBUG | [20260724_234151] 信号异常 基建ETF: All arrays must be of the same length
2026-07-24 23:42:04 | DEBUG | [20260724_234151] 信号异常 红利ETF: All arrays must be of the same length
2026-07-24 23:42:04 | DEBUG | [20260724_234151] 信号异常 中证红利ETF: All arrays must be of the same length
2026-07-24 23:42:04 | WARNING | [20260724_234151] 2025-09-24 回测异常: Account.holdings_value() missing 1 required positional argument: 'prices'
2026-07-24 23:42:04 | DEBUG | [20260724_234151] 信号异常 中证500ETF: All arrays must be of the same length
2026-07-24 23:42:04 | DEBUG | [20260724_234151] 信号异常 中证1000ETF: All arrays must be of the same length
2026-07-24 23:42:04 | DEBUG | [20260724_234151] 信号异常 银行ETF: All arrays must be of the same length
2026-07-24 23:42:04 | DEBUG | [20260724_234151] 信号异常 券商ETF: All arrays must be of the same length
2026-07-24 23:42:04 | DEBUG | [20260724_234151] 信号异常 房地产ETF: All arrays must be of the same length
2026-07-24 23:42:04 | DEBUG | [20260724_234151] 信号异常 食品饮料ETF: All arrays must be of the same length
2026-07-24 23:42:04 | DEBUG | [20260724_234151] 信号异常 养殖ETF: All arrays must be of the same length
2026-07-24 23:42:04 | DEBUG | [20260724_234151] 信号异常 酒ETF: All arrays must be of the same length
2026-07-24 23:42:04 | DEBUG | [20260724_234151] 信号异常 家电ETF: All arrays must be of the same length
2026-07-24 23:42:04 | DEBUG | [20260724_234151] 信号异常 医药ETF: All arrays must be of the same length
2026-07-24 23:42:04 | DEBUG | [20260724_234151] 信号异常 创新药ETF: All arrays must be of the same length
2026-07-24 23:42:04 | DEBUG | [20260724_234151] 信号异常 医疗ETF: All arrays must be of the same length
2026-07-24 23:42:04 | DEBUG | [20260724_234151] 信号异常 计算机ETF: All arrays must be of the same length
2026-07-24 23:42:04 | DEBUG | [20260724_234151] 信号异常 人工智能ETF: All arrays must be of the same length
2026-07-24 23:42:04 | DEBUG | [20260724_234151] 信号异常 新能源车ETF: All arrays must be of the same length
2026-07-24 23:42:04 | DEBUG | [20260724_234151] 信号异常 电力ETF: All arrays must be of the same length
2026-07-24 23:42:04 | DEBUG | [20260724_234151] 信号异常 光伏ETF: All arrays must be of the same length
2026-07-24 23:42:04 | DEBUG | [20260724_234151] 信号异常 军工ETF: All arrays must be of the same length
2026-07-24 23:42:04 | DEBUG | [20260724_234151] 信号异常 国防ETF: All arrays must be of the same length
2026-07-24 23:42:04 | DEBUG | [20260724_234151] 信号异常 稀土ETF: All arrays must be of the same length
2026-07-24 23:42:04 | DEBUG | [20260724_234151] 信号异常 有色金属ETF: All arrays must be of the same length
2026-07-24 23:42:04 | DEBUG | [20260724_234151] 信号异常 煤炭ETF: All arrays must be of the same length
2026-07-24 23:42:04 | DEBUG | [20260724_234151] 信号异常 化工ETF: All arrays must be of the same length
2026-07-24 23:42:04 | DEBUG | [20260724_234151] 信号异常 钢铁ETF: All arrays must be of the same length
2026-07-24 23:42:04 | DEBUG | [20260724_234151] 信号异常 油气ETF: All arrays must be of the same length
2026-07-24 23:42:04 | DEBUG | [20260724_234151] 信号异常 传媒ETF: All arrays must be of the same length
2026-07-24 23:42:04 | DEBUG | [20260724_234151] 信号异常 游戏ETF: All arrays must be of the same length
2026-07-24 23:42:04 | DEBUG | [20260724_234151] 信号异常 机器人ETF: All arrays must be of the same length
2026-07-24 23:42:04 | DEBUG | [20260724_234151] 信号异常 汽车ETF: All arrays must be of the same length
2026-07-24 23:42:04 | DEBUG | [20260724_234151] 信号异常 基建ETF: All arrays must be of the same length
2026-07-24 23:42:04 | DEBUG | [20260724_234151] 信号异常 红利ETF: All arrays must be of the same length
2026-07-24 23:42:04 | DEBUG | [20260724_234151] 信号异常 中证红利ETF: All arrays must be of the same length
2026-07-24 23:42:04 | WARNING | [20260724_234151] 2025-09-25 回测异常: Account.holdings_value() missing 1 required positional argument: 'prices'
2026-07-24 23:42:04 | DEBUG | [20260724_234151] 信号异常 中证500ETF: All arrays must be of the same length
2026-07-24 23:42:04 | DEBUG | [20260724_234151] 信号异常 中证1000ETF: All arrays must be of the same length
2026-07-24 23:42:04 | DEBUG | [20260724_234151] 信号异常 银行ETF: All arrays must be of the same length
2026-07-24 23:42:04 | DEBUG | [20260724_234151] 信号异常 券商ETF: All arrays must be of the same length
2026-07-24 23:42:04 | DEBUG | [20260724_234151] 信号异常 房地产ETF: All arrays must be of the same length
2026-07-24 23:42:04 | DEBUG | [20260724_234151] 信号异常 食品饮料ETF: All arrays must be of the same length
2026-07-24 23:42:04 | DEBUG | [20260724_234151] 信号异常 养殖ETF: All arrays must be of the same length
2026-07-24 23:42:04 | DEBUG | [20260724_234151] 信号异常 酒ETF: All arrays must be of the same length
2026-07-24 23:42:04 | DEBUG | [20260724_234151] 信号异常 家电ETF: All arrays must be of the same length
2026-07-24 23:42:04 | DEBUG | [20260724_234151] 信号异常 医药ETF: All arrays must be of the same length
2026-07-24 23:42:04 | DEBUG | [20260724_234151] 信号异常 创新药ETF: All arrays must be of the same length
2026-07-24 23:42:04 | DEBUG | [20260724_234151] 信号异常 医疗ETF: All arrays must be of the same length
2026-07-24 23:42:04 | DEBUG | [20260724_234151] 信号异常 计算机ETF: All arrays must be of the same length
2026-07-24 23:42:04 | DEBUG | [20260724_234151] 信号异常 人工智能ETF: All arrays must be of the same length
2026-07-24 23:42:04 | DEBUG | [20260724_234151] 信号异常 新能源车ETF: All arrays must be of the same length
2026-07-24 23:42:04 | DEBUG | [20260724_234151] 信号异常 电力ETF: All arrays must be of the same length
2026-07-24 23:42:04 | DEBUG | [20260724_234151] 信号异常 光伏ETF: All arrays must be of the same length
2026-07-24 23:42:04 | DEBUG | [20260724_234151] 信号异常 军工ETF: All arrays must be of the same length
2026-07-24 23:42:04 | DEBUG | [20260724_234151] 信号异常 国防ETF: All arrays must be of the same length
2026-07-24 23:42:04 | DEBUG | [20260724_234151] 信号异常 稀土ETF: All arrays must be of the same length
2026-07-24 23:42:04 | DEBUG | [20260724_234151] 信号异常 有色金属ETF: All arrays must be of the same length
2026-07-24 23:42:04 | DEBUG | [20260724_234151] 信号异常 煤炭ETF: All arrays must be of the same length
2026-07-24 23:42:04 | DEBUG | [20260724_234151] 信号异常 化工ETF: All arrays must be of the same length
2026-07-24 23:42:04 | DEBUG | [20260724_234151] 信号异常 钢铁ETF: All arrays must be of the same length
2026-07-24 23:42:04 | DEBUG | [20260724_234151] 信号异常 油气ETF: All arrays must be of the same length
2026-07-24 23:42:04 | DEBUG | [20260724_234151] 信号异常 传媒ETF: All arrays must be of the same length
2026-07-24 23:42:04 | DEBUG | [20260724_234151] 信号异常 游戏ETF: All arrays must be of the same length
2026-07-24 23:42:04 | DEBUG | [20260724_234151] 信号异常 机器人ETF: All arrays must be of the same length
2026-07-24 23:42:04 | DEBUG | [20260724_234151] 信号异常 汽车ETF: All arrays must be of the same length
2026-07-24 23:42:04 | DEBUG | [20260724_234151] 信号异常 基建ETF: All arrays must be of the same length
2026-07-24 23:42:04 | DEBUG | [20260724_234151] 信号异常 红利ETF: All arrays must be of the same length
2026-07-24 23:42:04 | DEBUG | [20260724_234151] 信号异常 中证红利ETF: All arrays must be of the same length
2026-07-24 23:42:04 | WARNING | [20260724_234151] 2025-09-26 回测异常: Account.holdings_value() missing 1 required positional argument: 'prices'
2026-07-24 23:42:04 | DEBUG | [20260724_234151] 信号异常 中证500ETF: All arrays must be of the same length
2026-07-24 23:42:04 | DEBUG | [20260724_234151] 信号异常 中证1000ETF: All arrays must be of the same length
2026-07-24 23:42:04 | DEBUG | [20260724_234151] 信号异常 银行ETF: All arrays must be of the same length
2026-07-24 23:42:04 | DEBUG | [20260724_234151] 信号异常 券商ETF: All arrays must be of the same length
2026-07-24 23:42:04 | DEBUG | [20260724_234151] 信号异常 房地产ETF: All arrays must be of the same length
2026-07-24 23:42:04 | DEBUG | [20260724_234151] 信号异常 食品饮料ETF: All arrays must be of the same length
2026-07-24 23:42:04 | DEBUG | [20260724_234151] 信号异常 养殖ETF: All arrays must be of the same length
2026-07-24 23:42:04 | DEBUG | [20260724_234151] 信号异常 酒ETF: All arrays must be of the same length
2026-07-24 23:42:04 | DEBUG | [20260724_234151] 信号异常 家电ETF: All arrays must be of the same length
2026-07-24 23:42:04 | DEBUG | [20260724_234151] 信号异常 医药ETF: All arrays must be of the same length
2026-07-24 23:42:04 | DEBUG | [20260724_234151] 信号异常 创新药ETF: All arrays must be of the same length
2026-07-24 23:42:04 | DEBUG | [20260724_234151] 信号异常 医疗ETF: All arrays must be of the same length
2026-07-24 23:42:04 | DEBUG | [20260724_234151] 信号异常 计算机ETF: All arrays must be of the same length
2026-07-24 23:42:04 | DEBUG | [20260724_234151] 信号异常 人工智能ETF: All arrays must be of the same length
2026-07-24 23:42:04 | DEBUG | [20260724_234151] 信号异常 新能源车ETF: All arrays must be of the same length
2026-07-24 23:42:04 | DEBUG | [20260724_234151] 信号异常 电力ETF: All arrays must be of the same length
2026-07-24 23:42:04 | DEBUG | [20260724_234151] 信号异常 光伏ETF: All arrays must be of the same length
2026-07-24 23:42:04 | DEBUG | [20260724_234151] 信号异常 军工ETF: All arrays must be of the same length
2026-07-24 23:42:04 | DEBUG | [20260724_234151] 信号异常 国防ETF: All arrays must be of the same length
2026-07-24 23:42:04 | DEBUG | [20260724_234151] 信号异常 稀土ETF: All arrays must be of the same length
2026-07-24 23:42:04 | DEBUG | [20260724_234151] 信号异常 有色金属ETF: All arrays must be of the same length
2026-07-24 23:42:04 | DEBUG | [20260724_234151] 信号异常 煤炭ETF: All arrays must be of the same length
2026-07-24 23:42:04 | DEBUG | [20260724_234151] 信号异常 化工ETF: All arrays must be of the same length
2026-07-24 23:42:04 | DEBUG | [20260724_234151] 信号异常 钢铁ETF: All arrays must be of the same length
2026-07-24 23:42:04 | DEBUG | [20260724_234151] 信号异常 油气ETF: All arrays must be of the same length
2026-07-24 23:42:04 | DEBUG | [20260724_234151] 信号异常 传媒ETF: All arrays must be of the same length
2026-07-24 23:42:04 | DEBUG | [20260724_234151] 信号异常 游戏ETF: All arrays must be of the same length
2026-07-24 23:42:04 | DEBUG | [20260724_234151] 信号异常 机器人ETF: All arrays must be of the same length
2026-07-24 23:42:04 | DEBUG | [20260724_234151] 信号异常 汽车ETF: All arrays must be of the same length
2026-07-24 23:42:04 | DEBUG | [20260724_234151] 信号异常 基建ETF: All arrays must be of the same length
2026-07-24 23:42:04 | DEBUG | [20260724_234151] 信号异常 红利ETF: All arrays must be of the same length
2026-07-24 23:42:04 | DEBUG | [20260724_234151] 信号异常 中证红利ETF: All arrays must be of the same length
2026-07-24 23:42:04 | WARNING | [20260724_234151] 2025-09-29 回测异常: Account.holdings_value() missing 1 required positional argument: 'prices'
2026-07-24 23:42:04 | DEBUG | [20260724_234151] 信号异常 中证500ETF: All arrays must be of the same length
2026-07-24 23:42:04 | DEBUG | [20260724_234151] 信号异常 中证1000ETF: All arrays must be of the same length
2026-07-24 23:42:04 | DEBUG | [20260724_234151] 信号异常 银行ETF: All arrays must be of the same length
2026-07-24 23:42:04 | DEBUG | [20260724_234151] 信号异常 券商ETF: All arrays must be of the same length
2026-07-24 23:42:04 | DEBUG | [20260724_234151] 信号异常 房地产ETF: All arrays must be of the same length
2026-07-24 23:42:04 | DEBUG | [20260724_234151] 信号异常 食品饮料ETF: All arrays must be of the same length
2026-07-24 23:42:04 | DEBUG | [20260724_234151] 信号异常 养殖ETF: All arrays must be of the same length
2026-07-24 23:42:04 | DEBUG | [20260724_234151] 信号异常 酒ETF: All arrays must be of the same length
2026-07-24 23:42:04 | DEBUG | [20260724_234151] 信号异常 家电ETF: All arrays must be of the same length
2026-07-24 23:42:04 | DEBUG | [20260724_234151] 信号异常 医药ETF: All arrays must be of the same length
2026-07-24 23:42:04 | DEBUG | [20260724_234151] 信号异常 创新药ETF: All arrays must be of the same length
2026-07-24 23:42:04 | DEBUG | [20260724_234151] 信号异常 医疗ETF: All arrays must be of the same length
2026-07-24 23:42:04 | DEBUG | [20260724_234151] 信号异常 计算机ETF: All arrays must be of the same length
2026-07-24 23:42:04 | DEBUG | [20260724_234151] 信号异常 人工智能ETF: All arrays must be of the same length
2026-07-24 23:42:04 | DEBUG | [20260724_234151] 信号异常 新能源车ETF: All arrays must be of the same length
2026-07-24 23:42:04 | DEBUG | [20260724_234151] 信号异常 电力ETF: All arrays must be of the same length
2026-07-24 23:42:04 | DEBUG | [20260724_234151] 信号异常 光伏ETF: All arrays must be of the same length
2026-07-24 23:42:04 | DEBUG | [20260724_234151] 信号异常 军工ETF: All arrays must be of the same length
2026-07-24 23:42:04 | DEBUG | [20260724_234151] 信号异常 国防ETF: All arrays must be of the same length
2026-07-24 23:42:04 | DEBUG | [20260724_234151] 信号异常 稀土ETF: All arrays must be of the same length
2026-07-24 23:42:04 | DEBUG | [20260724_234151] 信号异常 有色金属ETF: All arrays must be of the same length
2026-07-24 23:42:04 | DEBUG | [20260724_234151] 信号异常 煤炭ETF: All arrays must be of the same length
2026-07-24 23:42:04 | DEBUG | [20260724_234151] 信号异常 化工ETF: All arrays must be of the same length
2026-07-24 23:42:04 | DEBUG | [20260724_234151] 信号异常 钢铁ETF: All arrays must be of the same length
2026-07-24 23:42:04 | DEBUG | [20260724_234151] 信号异常 油气ETF: All arrays must be of the same length
2026-07-24 23:42:04 | DEBUG | [20260724_234151] 信号异常 传媒ETF: All arrays must be of the same length
2026-07-24 23:42:04 | DEBUG | [20260724_234151] 信号异常 游戏ETF: All arrays must be of the same length
2026-07-24 23:42:04 | DEBUG | [20260724_234151] 信号异常 机器人ETF: All arrays must be of the same length
2026-07-24 23:42:04 | DEBUG | [20260724_234151] 信号异常 汽车ETF: All arrays must be of the same length
2026-07-24 23:42:04 | DEBUG | [20260724_234151] 信号异常 基建ETF: All arrays must be of the same length
2026-07-24 23:42:04 | DEBUG | [20260724_234151] 信号异常 红利ETF: All arrays must be of the same length
2026-07-24 23:42:04 | DEBUG | [20260724_234151] 信号异常 中证红利ETF: All arrays must be of the same length
2026-07-24 23:42:04 | WARNING | [20260724_234151] 2025-09-30 回测异常: Account.holdings_value() missing 1 required positional argument: 'prices'
2026-07-24 23:42:04 | DEBUG | [20260724_234151] 信号异常 中证500ETF: All arrays must be of the same length
2026-07-24 23:42:04 | DEBUG | [20260724_234151] 信号异常 中证1000ETF: All arrays must be of the same length
2026-07-24 23:42:04 | DEBUG | [20260724_234151] 信号异常 银行ETF: All arrays must be of the same length
2026-07-24 23:42:04 | DEBUG | [20260724_234151] 信号异常 券商ETF: All arrays must be of the same length
2026-07-24 23:42:04 | DEBUG | [20260724_234151] 信号异常 房地产ETF: All arrays must be of the same length
2026-07-24 23:42:04 | DEBUG | [20260724_234151] 信号异常 食品饮料ETF: All arrays must be of the same length
2026-07-24 23:42:04 | DEBUG | [20260724_234151] 信号异常 养殖ETF: All arrays must be of the same length
2026-07-24 23:42:04 | DEBUG | [20260724_234151] 信号异常 酒ETF: All arrays must be of the same length
2026-07-24 23:42:04 | DEBUG | [20260724_234151] 信号异常 家电ETF: All arrays must be of the same length
2026-07-24 23:42:04 | DEBUG | [20260724_234151] 信号异常 医药ETF: All arrays must be of the same length
2026-07-24 23:42:04 | DEBUG | [20260724_234151] 信号异常 创新药ETF: All arrays must be of the same length
2026-07-24 23:42:04 | DEBUG | [20260724_234151] 信号异常 医疗ETF: All arrays must be of the same length
2026-07-24 23:42:04 | DEBUG | [20260724_234151] 信号异常 计算机ETF: All arrays must be of the same length
2026-07-24 23:42:04 | DEBUG | [20260724_234151] 信号异常 人工智能ETF: All arrays must be of the same length
2026-07-24 23:42:04 | DEBUG | [20260724_234151] 信号异常 新能源车ETF: All arrays must be of the same length
2026-07-24 23:42:04 | DEBUG | [20260724_234151] 信号异常 电力ETF: All arrays must be of the same length
2026-07-24 23:42:04 | DEBUG | [20260724_234151] 信号异常 光伏ETF: All arrays must be of the same length
2026-07-24 23:42:04 | DEBUG | [20260724_234151] 信号异常 军工ETF: All arrays must be of the same length
2026-07-24 23:42:04 | DEBUG | [20260724_234151] 信号异常 国防ETF: All arrays must be of the same length
2026-07-24 23:42:04 | DEBUG | [20260724_234151] 信号异常 稀土ETF: All arrays must be of the same length
2026-07-24 23:42:04 | DEBUG | [20260724_234151] 信号异常 有色金属ETF: All arrays must be of the same length
2026-07-24 23:42:04 | DEBUG | [20260724_234151] 信号异常 煤炭ETF: All arrays must be of the same length
2026-07-24 23:42:04 | DEBUG | [20260724_234151] 信号异常 化工ETF: All arrays must be of the same length
2026-07-24 23:42:04 | DEBUG | [20260724_234151] 信号异常 钢铁ETF: All arrays must be of the same length
2026-07-24 23:42:04 | DEBUG | [20260724_234151] 信号异常 油气ETF: All arrays must be of the same length
2026-07-24 23:42:04 | DEBUG | [20260724_234151] 信号异常 传媒ETF: All arrays must be of the same length
2026-07-24 23:42:04 | DEBUG | [20260724_234151] 信号异常 游戏ETF: All arrays must be of the same length
2026-07-24 23:42:04 | DEBUG | [20260724_234151] 信号异常 机器人ETF: All arrays must be of the same length
2026-07-24 23:42:04 | DEBUG | [20260724_234151] 信号异常 汽车ETF: All arrays must be of the same length
2026-07-24 23:42:04 | DEBUG | [20260724_234151] 信号异常 基建ETF: All arrays must be of the same length
2026-07-24 23:42:04 | DEBUG | [20260724_234151] 信号异常 红利ETF: All arrays must be of the same length
2026-07-24 23:42:04 | DEBUG | [20260724_234151] 信号异常 中证红利ETF: All arrays must be of the same length
2026-07-24 23:42:04 | WARNING | [20260724_234151] 2025-10-09 回测异常: Account.holdings_value() missing 1 required positional argument: 'prices'
2026-07-24 23:42:04 | DEBUG | [20260724_234151] 信号异常 中证500ETF: All arrays must be of the same length
2026-07-24 23:42:04 | DEBUG | [20260724_234151] 信号异常 中证1000ETF: All arrays must be of the same length
2026-07-24 23:42:04 | DEBUG | [20260724_234151] 信号异常 银行ETF: All arrays must be of the same length
2026-07-24 23:42:04 | DEBUG | [20260724_234151] 信号异常 券商ETF: All arrays must be of the same length
2026-07-24 23:42:04 | DEBUG | [20260724_234151] 信号异常 房地产ETF: All arrays must be of the same length
2026-07-24 23:42:04 | DEBUG | [20260724_234151] 信号异常 食品饮料ETF: All arrays must be of the same length
2026-07-24 23:42:04 | DEBUG | [20260724_234151] 信号异常 养殖ETF: All arrays must be of the same length
2026-07-24 23:42:04 | DEBUG | [20260724_234151] 信号异常 酒ETF: All arrays must be of the same length
2026-07-24 23:42:04 | DEBUG | [20260724_234151] 信号异常 家电ETF: All arrays must be of the same length
2026-07-24 23:42:04 | DEBUG | [20260724_234151] 信号异常 医药ETF: All arrays must be of the same length
2026-07-24 23:42:04 | DEBUG | [20260724_234151] 信号异常 创新药ETF: All arrays must be of the same length
2026-07-24 23:42:04 | DEBUG | [20260724_234151] 信号异常 医疗ETF: All arrays must be of the same length
2026-07-24 23:42:04 | DEBUG | [20260724_234151] 信号异常 计算机ETF: All arrays must be of the same length
2026-07-24 23:42:04 | DEBUG | [20260724_234151] 信号异常 人工智能ETF: All arrays must be of the same length
2026-07-24 23:42:04 | DEBUG | [20260724_234151] 信号异常 新能源车ETF: All arrays must be of the same length
2026-07-24 23:42:04 | DEBUG | [20260724_234151] 信号异常 电力ETF: All arrays must be of the same length
2026-07-24 23:42:04 | DEBUG | [20260724_234151] 信号异常 光伏ETF: All arrays must be of the same length
2026-07-24 23:42:04 | DEBUG | [20260724_234151] 信号异常 军工ETF: All arrays must be of the same length
2026-07-24 23:42:04 | DEBUG | [20260724_234151] 信号异常 国防ETF: All arrays must be of the same length
2026-07-24 23:42:04 | DEBUG | [20260724_234151] 信号异常 稀土ETF: All arrays must be of the same length
2026-07-24 23:42:04 | DEBUG | [20260724_234151] 信号异常 有色金属ETF: All arrays must be of the same length
2026-07-24 23:42:05 | DEBUG | [20260724_234151] 信号异常 煤炭ETF: All arrays must be of the same length
2026-07-24 23:42:05 | DEBUG | [20260724_234151] 信号异常 化工ETF: All arrays must be of the same length
2026-07-24 23:42:05 | DEBUG | [20260724_234151] 信号异常 钢铁ETF: All arrays must be of the same length
2026-07-24 23:42:05 | DEBUG | [20260724_234151] 信号异常 油气ETF: All arrays must be of the same length
2026-07-24 23:42:05 | DEBUG | [20260724_234151] 信号异常 传媒ETF: All arrays must be of the same length
2026-07-24 23:42:05 | DEBUG | [20260724_234151] 信号异常 游戏ETF: All arrays must be of the same length
2026-07-24 23:42:05 | DEBUG | [20260724_234151] 信号异常 机器人ETF: All arrays must be of the same length
2026-07-24 23:42:05 | DEBUG | [20260724_234151] 信号异常 汽车ETF: All arrays must be of the same length
2026-07-24 23:42:05 | DEBUG | [20260724_234151] 信号异常 基建ETF: All arrays must be of the same length
2026-07-24 23:42:05 | DEBUG | [20260724_234151] 信号异常 红利ETF: All arrays must be of the same length
2026-07-24 23:42:05 | DEBUG | [20260724_234151] 信号异常 中证红利ETF: All arrays must be of the same length
2026-07-24 23:42:05 | WARNING | [20260724_234151] 2025-10-10 回测异常: Account.holdings_value() missing 1 required positional argument: 'prices'
2026-07-24 23:42:05 | DEBUG | [20260724_234151] 信号异常 中证500ETF: All arrays must be of the same length
2026-07-24 23:42:05 | DEBUG | [20260724_234151] 信号异常 中证1000ETF: All arrays must be of the same length
2026-07-24 23:42:05 | DEBUG | [20260724_234151] 信号异常 银行ETF: All arrays must be of the same length
2026-07-24 23:42:05 | DEBUG | [20260724_234151] 信号异常 券商ETF: All arrays must be of the same length
2026-07-24 23:42:05 | DEBUG | [20260724_234151] 信号异常 房地产ETF: All arrays must be of the same length
2026-07-24 23:42:05 | DEBUG | [20260724_234151] 信号异常 食品饮料ETF: All arrays must be of the same length
2026-07-24 23:42:05 | DEBUG | [20260724_234151] 信号异常 养殖ETF: All arrays must be of the same length
2026-07-24 23:42:05 | DEBUG | [20260724_234151] 信号异常 酒ETF: All arrays must be of the same length
2026-07-24 23:42:05 | DEBUG | [20260724_234151] 信号异常 家电ETF: All arrays must be of the same length
2026-07-24 23:42:05 | DEBUG | [20260724_234151] 信号异常 医药ETF: All arrays must be of the same length
2026-07-24 23:42:05 | DEBUG | [20260724_234151] 信号异常 创新药ETF: All arrays must be of the same length
2026-07-24 23:42:05 | DEBUG | [20260724_234151] 信号异常 医疗ETF: All arrays must be of the same length
2026-07-24 23:42:05 | DEBUG | [20260724_234151] 信号异常 计算机ETF: All arrays must be of the same length
2026-07-24 23:42:05 | DEBUG | [20260724_234151] 信号异常 人工智能ETF: All arrays must be of the same length
2026-07-24 23:42:05 | DEBUG | [20260724_234151] 信号异常 新能源车ETF: All arrays must be of the same length
2026-07-24 23:42:05 | DEBUG | [20260724_234151] 信号异常 电力ETF: All arrays must be of the same length
2026-07-24 23:42:05 | DEBUG | [20260724_234151] 信号异常 光伏ETF: All arrays must be of the same length
2026-07-24 23:42:05 | DEBUG | [20260724_234151] 信号异常 军工ETF: All arrays must be of the same length
2026-07-24 23:42:05 | DEBUG | [20260724_234151] 信号异常 国防ETF: All arrays must be of the same length
2026-07-24 23:42:05 | DEBUG | [20260724_234151] 信号异常 稀土ETF: All arrays must be of the same length
2026-07-24 23:42:05 | DEBUG | [20260724_234151] 信号异常 有色金属ETF: All arrays must be of the same length
2026-07-24 23:42:05 | DEBUG | [20260724_234151] 信号异常 煤炭ETF: All arrays must be of the same length
2026-07-24 23:42:05 | DEBUG | [20260724_234151] 信号异常 化工ETF: All arrays must be of the same length
2026-07-24 23:42:05 | DEBUG | [20260724_234151] 信号异常 钢铁ETF: All arrays must be of the same length
2026-07-24 23:42:05 | DEBUG | [20260724_234151] 信号异常 油气ETF: All arrays must be of the same length
2026-07-24 23:42:05 | DEBUG | [20260724_234151] 信号异常 传媒ETF: All arrays must be of the same length
2026-07-24 23:42:05 | DEBUG | [20260724_234151] 信号异常 游戏ETF: All arrays must be of the same length
2026-07-24 23:42:05 | DEBUG | [20260724_234151] 信号异常 机器人ETF: All arrays must be of the same length
2026-07-24 23:42:05 | DEBUG | [20260724_234151] 信号异常 汽车ETF: All arrays must be of the same length
2026-07-24 23:42:05 | DEBUG | [20260724_234151] 信号异常 基建ETF: All arrays must be of the same length
2026-07-24 23:42:05 | DEBUG | [20260724_234151] 信号异常 红利ETF: All arrays must be of the same length
2026-07-24 23:42:05 | DEBUG | [20260724_234151] 信号异常 中证红利ETF: All arrays must be of the same length
2026-07-24 23:42:05 | WARNING | [20260724_234151] 2025-10-13 回测异常: Account.holdings_value() missing 1 required positional argument: 'prices'
2026-07-24 23:42:05 | DEBUG | [20260724_234151] 信号异常 中证500ETF: All arrays must be of the same length
2026-07-24 23:42:05 | DEBUG | [20260724_234151] 信号异常 中证1000ETF: All arrays must be of the same length
2026-07-24 23:42:05 | DEBUG | [20260724_234151] 信号异常 银行ETF: All arrays must be of the same length
2026-07-24 23:42:05 | DEBUG | [20260724_234151] 信号异常 券商ETF: All arrays must be of the same length
2026-07-24 23:42:05 | DEBUG | [20260724_234151] 信号异常 房地产ETF: All arrays must be of the same length
2026-07-24 23:42:05 | DEBUG | [20260724_234151] 信号异常 食品饮料ETF: All arrays must be of the same length
2026-07-24 23:42:05 | DEBUG | [20260724_234151] 信号异常 养殖ETF: All arrays must be of the same length
2026-07-24 23:42:05 | DEBUG | [20260724_234151] 信号异常 酒ETF: All arrays must be of the same length
2026-07-24 23:42:05 | DEBUG | [20260724_234151] 信号异常 家电ETF: All arrays must be of the same length
2026-07-24 23:42:05 | DEBUG | [20260724_234151] 信号异常 医药ETF: All arrays must be of the same length
2026-07-24 23:42:05 | DEBUG | [20260724_234151] 信号异常 创新药ETF: All arrays must be of the same length
2026-07-24 23:42:05 | DEBUG | [20260724_234151] 信号异常 医疗ETF: All arrays must be of the same length
2026-07-24 23:42:05 | DEBUG | [20260724_234151] 信号异常 计算机ETF: All arrays must be of the same length
2026-07-24 23:42:05 | DEBUG | [20260724_234151] 信号异常 人工智能ETF: All arrays must be of the same length
2026-07-24 23:42:05 | DEBUG | [20260724_234151] 信号异常 新能源车ETF: All arrays must be of the same length
2026-07-24 23:42:05 | DEBUG | [20260724_234151] 信号异常 电力ETF: All arrays must be of the same length
2026-07-24 23:42:05 | DEBUG | [20260724_234151] 信号异常 光伏ETF: All arrays must be of the same length
2026-07-24 23:42:05 | DEBUG | [20260724_234151] 信号异常 军工ETF: All arrays must be of the same length
2026-07-24 23:42:05 | DEBUG | [20260724_234151] 信号异常 国防ETF: All arrays must be of the same length
2026-07-24 23:42:05 | DEBUG | [20260724_234151] 信号异常 稀土ETF: All arrays must be of the same length
2026-07-24 23:42:05 | DEBUG | [20260724_234151] 信号异常 有色金属ETF: All arrays must be of the same length
2026-07-24 23:42:05 | DEBUG | [20260724_234151] 信号异常 煤炭ETF: All arrays must be of the same length
2026-07-24 23:42:05 | DEBUG | [20260724_234151] 信号异常 化工ETF: All arrays must be of the same length
2026-07-24 23:42:05 | DEBUG | [20260724_234151] 信号异常 钢铁ETF: All arrays must be of the same length
2026-07-24 23:42:05 | DEBUG | [20260724_234151] 信号异常 油气ETF: All arrays must be of the same length
2026-07-24 23:42:05 | DEBUG | [20260724_234151] 信号异常 传媒ETF: All arrays must be of the same length
2026-07-24 23:42:05 | DEBUG | [20260724_234151] 信号异常 游戏ETF: All arrays must be of the same length
2026-07-24 23:42:05 | DEBUG | [20260724_234151] 信号异常 机器人ETF: All arrays must be of the same length
2026-07-24 23:42:05 | DEBUG | [20260724_234151] 信号异常 汽车ETF: All arrays must be of the same length
2026-07-24 23:42:05 | DEBUG | [20260724_234151] 信号异常 基建ETF: All arrays must be of the same length
2026-07-24 23:42:05 | DEBUG | [20260724_234151] 信号异常 红利ETF: All arrays must be of the same length
2026-07-24 23:42:05 | DEBUG | [20260724_234151] 信号异常 中证红利ETF: All arrays must be of the same length
2026-07-24 23:42:05 | WARNING | [20260724_234151] 2025-10-14 回测异常: Account.holdings_value() missing 1 required positional argument: 'prices'
2026-07-24 23:42:05 | DEBUG | [20260724_234151] 信号异常 中证500ETF: All arrays must be of the same length
2026-07-24 23:42:05 | DEBUG | [20260724_234151] 信号异常 中证1000ETF: All arrays must be of the same length
2026-07-24 23:42:05 | DEBUG | [20260724_234151] 信号异常 银行ETF: All arrays must be of the same length
2026-07-24 23:42:05 | DEBUG | [20260724_234151] 信号异常 券商ETF: All arrays must be of the same length
2026-07-24 23:42:05 | DEBUG | [20260724_234151] 信号异常 房地产ETF: All arrays must be of the same length
2026-07-24 23:42:05 | DEBUG | [20260724_234151] 信号异常 食品饮料ETF: All arrays must be of the same length
2026-07-24 23:42:05 | DEBUG | [20260724_234151] 信号异常 养殖ETF: All arrays must be of the same length
2026-07-24 23:42:05 | DEBUG | [20260724_234151] 信号异常 酒ETF: All arrays must be of the same length
2026-07-24 23:42:05 | DEBUG | [20260724_234151] 信号异常 家电ETF: All arrays must be of the same length
2026-07-24 23:42:05 | DEBUG | [20260724_234151] 信号异常 医药ETF: All arrays must be of the same length
2026-07-24 23:42:05 | DEBUG | [20260724_234151] 信号异常 创新药ETF: All arrays must be of the same length
2026-07-24 23:42:05 | DEBUG | [20260724_234151] 信号异常 医疗ETF: All arrays must be of the same length
2026-07-24 23:42:05 | DEBUG | [20260724_234151] 信号异常 计算机ETF: All arrays must be of the same length
2026-07-24 23:42:05 | DEBUG | [20260724_234151] 信号异常 人工智能ETF: All arrays must be of the same length
2026-07-24 23:42:05 | DEBUG | [20260724_234151] 信号异常 新能源车ETF: All arrays must be of the same length
2026-07-24 23:42:05 | DEBUG | [20260724_234151] 信号异常 电力ETF: All arrays must be of the same length
2026-07-24 23:42:05 | DEBUG | [20260724_234151] 信号异常 光伏ETF: All arrays must be of the same length
2026-07-24 23:42:05 | DEBUG | [20260724_234151] 信号异常 军工ETF: All arrays must be of the same length
2026-07-24 23:42:05 | DEBUG | [20260724_234151] 信号异常 国防ETF: All arrays must be of the same length
2026-07-24 23:42:05 | DEBUG | [20260724_234151] 信号异常 稀土ETF: All arrays must be of the same length
2026-07-24 23:42:05 | DEBUG | [20260724_234151] 信号异常 有色金属ETF: All arrays must be of the same length
2026-07-24 23:42:05 | DEBUG | [20260724_234151] 信号异常 煤炭ETF: All arrays must be of the same length
2026-07-24 23:42:05 | DEBUG | [20260724_234151] 信号异常 化工ETF: All arrays must be of the same length
2026-07-24 23:42:05 | DEBUG | [20260724_234151] 信号异常 钢铁ETF: All arrays must be of the same length
2026-07-24 23:42:05 | DEBUG | [20260724_234151] 信号异常 油气ETF: All arrays must be of the same length
2026-07-24 23:42:05 | DEBUG | [20260724_234151] 信号异常 传媒ETF: All arrays must be of the same length
2026-07-24 23:42:05 | DEBUG | [20260724_234151] 信号异常 游戏ETF: All arrays must be of the same length
2026-07-24 23:42:05 | DEBUG | [20260724_234151] 信号异常 机器人ETF: All arrays must be of the same length
2026-07-24 23:42:05 | DEBUG | [20260724_234151] 信号异常 汽车ETF: All arrays must be of the same length
2026-07-24 23:42:05 | DEBUG | [20260724_234151] 信号异常 基建ETF: All arrays must be of the same length
2026-07-24 23:42:05 | DEBUG | [20260724_234151] 信号异常 红利ETF: All arrays must be of the same length
2026-07-24 23:42:05 | DEBUG | [20260724_234151] 信号异常 中证红利ETF: All arrays must be of the same length
2026-07-24 23:42:05 | WARNING | [20260724_234151] 2025-10-15 回测异常: Account.holdings_value() missing 1 required positional argument: 'prices'
2026-07-24 23:42:05 | DEBUG | [20260724_234151] 信号异常 中证500ETF: All arrays must be of the same length
2026-07-24 23:42:05 | DEBUG | [20260724_234151] 信号异常 中证1000ETF: All arrays must be of the same length
2026-07-24 23:42:05 | DEBUG | [20260724_234151] 信号异常 银行ETF: All arrays must be of the same length
2026-07-24 23:42:05 | DEBUG | [20260724_234151] 信号异常 券商ETF: All arrays must be of the same length
2026-07-24 23:42:05 | DEBUG | [20260724_234151] 信号异常 房地产ETF: All arrays must be of the same length
2026-07-24 23:42:05 | DEBUG | [20260724_234151] 信号异常 食品饮料ETF: All arrays must be of the same length
2026-07-24 23:42:05 | DEBUG | [20260724_234151] 信号异常 养殖ETF: All arrays must be of the same length
2026-07-24 23:42:05 | DEBUG | [20260724_234151] 信号异常 酒ETF: All arrays must be of the same length
2026-07-24 23:42:05 | DEBUG | [20260724_234151] 信号异常 家电ETF: All arrays must be of the same length
2026-07-24 23:42:05 | DEBUG | [20260724_234151] 信号异常 医药ETF: All arrays must be of the same length
2026-07-24 23:42:05 | DEBUG | [20260724_234151] 信号异常 创新药ETF: All arrays must be of the same length
2026-07-24 23:42:05 | DEBUG | [20260724_234151] 信号异常 医疗ETF: All arrays must be of the same length
2026-07-24 23:42:05 | DEBUG | [20260724_234151] 信号异常 计算机ETF: All arrays must be of the same length
2026-07-24 23:42:05 | DEBUG | [20260724_234151] 信号异常 人工智能ETF: All arrays must be of the same length
2026-07-24 23:42:05 | DEBUG | [20260724_234151] 信号异常 新能源车ETF: All arrays must be of the same length
2026-07-24 23:42:05 | DEBUG | [20260724_234151] 信号异常 电力ETF: All arrays must be of the same length
2026-07-24 23:42:05 | DEBUG | [20260724_234151] 信号异常 光伏ETF: All arrays must be of the same length
2026-07-24 23:42:05 | DEBUG | [20260724_234151] 信号异常 军工ETF: All arrays must be of the same length
2026-07-24 23:42:05 | DEBUG | [20260724_234151] 信号异常 国防ETF: All arrays must be of the same length
2026-07-24 23:42:05 | DEBUG | [20260724_234151] 信号异常 稀土ETF: All arrays must be of the same length
2026-07-24 23:42:05 | DEBUG | [20260724_234151] 信号异常 有色金属ETF: All arrays must be of the same length
2026-07-24 23:42:05 | DEBUG | [20260724_234151] 信号异常 煤炭ETF: All arrays must be of the same length
2026-07-24 23:42:05 | DEBUG | [20260724_234151] 信号异常 化工ETF: All arrays must be of the same length
2026-07-24 23:42:05 | DEBUG | [20260724_234151] 信号异常 钢铁ETF: All arrays must be of the same length
2026-07-24 23:42:05 | DEBUG | [20260724_234151] 信号异常 油气ETF: All arrays must be of the same length
2026-07-24 23:42:05 | DEBUG | [20260724_234151] 信号异常 传媒ETF: All arrays must be of the same length
2026-07-24 23:42:05 | DEBUG | [20260724_234151] 信号异常 游戏ETF: All arrays must be of the same length
2026-07-24 23:42:05 | DEBUG | [20260724_234151] 信号异常 机器人ETF: All arrays must be of the same length
2026-07-24 23:42:05 | DEBUG | [20260724_234151] 信号异常 汽车ETF: All arrays must be of the same length
2026-07-24 23:42:05 | DEBUG | [20260724_234151] 信号异常 基建ETF: All arrays must be of the same length
2026-07-24 23:42:05 | DEBUG | [20260724_234151] 信号异常 红利ETF: All arrays must be of the same length
2026-07-24 23:42:05 | DEBUG | [20260724_234151] 信号异常 中证红利ETF: All arrays must be of the same length
2026-07-24 23:42:05 | WARNING | [20260724_234151] 2025-10-16 回测异常: Account.holdings_value() missing 1 required positional argument: 'prices'
2026-07-24 23:42:05 | DEBUG | [20260724_234151] 信号异常 中证500ETF: All arrays must be of the same length
2026-07-24 23:42:05 | DEBUG | [20260724_234151] 信号异常 中证1000ETF: All arrays must be of the same length
2026-07-24 23:42:05 | DEBUG | [20260724_234151] 信号异常 银行ETF: All arrays must be of the same length
2026-07-24 23:42:05 | DEBUG | [20260724_234151] 信号异常 券商ETF: All arrays must be of the same length
2026-07-24 23:42:05 | DEBUG | [20260724_234151] 信号异常 房地产ETF: All arrays must be of the same length
2026-07-24 23:42:05 | DEBUG | [20260724_234151] 信号异常 食品饮料ETF: All arrays must be of the same length
2026-07-24 23:42:05 | DEBUG | [20260724_234151] 信号异常 养殖ETF: All arrays must be of the same length
2026-07-24 23:42:05 | DEBUG | [20260724_234151] 信号异常 酒ETF: All arrays must be of the same length
2026-07-24 23:42:05 | DEBUG | [20260724_234151] 信号异常 家电ETF: All arrays must be of the same length
2026-07-24 23:42:05 | DEBUG | [20260724_234151] 信号异常 医药ETF: All arrays must be of the same length
2026-07-24 23:42:05 | DEBUG | [20260724_234151] 信号异常 创新药ETF: All arrays must be of the same length
2026-07-24 23:42:05 | DEBUG | [20260724_234151] 信号异常 医疗ETF: All arrays must be of the same length
2026-07-24 23:42:05 | DEBUG | [20260724_234151] 信号异常 计算机ETF: All arrays must be of the same length
2026-07-24 23:42:05 | DEBUG | [20260724_234151] 信号异常 人工智能ETF: All arrays must be of the same length
2026-07-24 23:42:05 | DEBUG | [20260724_234151] 信号异常 新能源车ETF: All arrays must be of the same length
2026-07-24 23:42:05 | DEBUG | [20260724_234151] 信号异常 电力ETF: All arrays must be of the same length
2026-07-24 23:42:05 | DEBUG | [20260724_234151] 信号异常 光伏ETF: All arrays must be of the same length
2026-07-24 23:42:05 | DEBUG | [20260724_234151] 信号异常 军工ETF: All arrays must be of the same length
2026-07-24 23:42:05 | DEBUG | [20260724_234151] 信号异常 国防ETF: All arrays must be of the same length
2026-07-24 23:42:05 | DEBUG | [20260724_234151] 信号异常 稀土ETF: All arrays must be of the same length
2026-07-24 23:42:05 | DEBUG | [20260724_234151] 信号异常 有色金属ETF: All arrays must be of the same length
2026-07-24 23:42:05 | DEBUG | [20260724_234151] 信号异常 煤炭ETF: All arrays must be of the same length
2026-07-24 23:42:05 | DEBUG | [20260724_234151] 信号异常 化工ETF: All arrays must be of the same length
2026-07-24 23:42:05 | DEBUG | [20260724_234151] 信号异常 钢铁ETF: All arrays must be of the same length
2026-07-24 23:42:05 | DEBUG | [20260724_234151] 信号异常 油气ETF: All arrays must be of the same length
2026-07-24 23:42:05 | DEBUG | [20260724_234151] 信号异常 传媒ETF: All arrays must be of the same length
2026-07-24 23:42:05 | DEBUG | [20260724_234151] 信号异常 游戏ETF: All arrays must be of the same length
2026-07-24 23:42:05 | DEBUG | [20260724_234151] 信号异常 机器人ETF: All arrays must be of the same length
2026-07-24 23:42:05 | DEBUG | [20260724_234151] 信号异常 汽车ETF: All arrays must be of the same length
2026-07-24 23:42:05 | DEBUG | [20260724_234151] 信号异常 基建ETF: All arrays must be of the same length
2026-07-24 23:42:05 | DEBUG | [20260724_234151] 信号异常 红利ETF: All arrays must be of the same length
2026-07-24 23:42:05 | DEBUG | [20260724_234151] 信号异常 中证红利ETF: All arrays must be of the same length
2026-07-24 23:42:05 | WARNING | [20260724_234151] 2025-10-17 回测异常: Account.holdings_value() missing 1 required positional argument: 'prices'
2026-07-24 23:42:05 | DEBUG | [20260724_234151] 信号异常 中证500ETF: All arrays must be of the same length
2026-07-24 23:42:05 | DEBUG | [20260724_234151] 信号异常 中证1000ETF: All arrays must be of the same length
2026-07-24 23:42:05 | DEBUG | [20260724_234151] 信号异常 银行ETF: All arrays must be of the same length
2026-07-24 23:42:05 | DEBUG | [20260724_234151] 信号异常 券商ETF: All arrays must be of the same length
2026-07-24 23:42:05 | DEBUG | [20260724_234151] 信号异常 房地产ETF: All arrays must be of the same length
2026-07-24 23:42:05 | DEBUG | [20260724_234151] 信号异常 食品饮料ETF: All arrays must be of the same length
2026-07-24 23:42:05 | DEBUG | [20260724_234151] 信号异常 养殖ETF: All arrays must be of the same length
2026-07-24 23:42:05 | DEBUG | [20260724_234151] 信号异常 酒ETF: All arrays must be of the same length
2026-07-24 23:42:05 | DEBUG | [20260724_234151] 信号异常 家电ETF: All arrays must be of the same length
2026-07-24 23:42:05 | DEBUG | [20260724_234151] 信号异常 医药ETF: All arrays must be of the same length
2026-07-24 23:42:05 | DEBUG | [20260724_234151] 信号异常 创新药ETF: All arrays must be of the same length
2026-07-24 23:42:05 | DEBUG | [20260724_234151] 信号异常 医疗ETF: All arrays must be of the same length
2026-07-24 23:42:05 | DEBUG | [20260724_234151] 信号异常 计算机ETF: All arrays must be of the same length
2026-07-24 23:42:05 | DEBUG | [20260724_234151] 信号异常 人工智能ETF: All arrays must be of the same length
2026-07-24 23:42:05 | DEBUG | [20260724_234151] 信号异常 新能源车ETF: All arrays must be of the same length
2026-07-24 23:42:05 | DEBUG | [20260724_234151] 信号异常 电力ETF: All arrays must be of the same length
2026-07-24 23:42:05 | DEBUG | [20260724_234151] 信号异常 光伏ETF: All arrays must be of the same length
2026-07-24 23:42:05 | DEBUG | [20260724_234151] 信号异常 军工ETF: All arrays must be of the same length
2026-07-24 23:42:05 | DEBUG | [20260724_234151] 信号异常 国防ETF: All arrays must be of the same length
2026-07-24 23:42:05 | DEBUG | [20260724_234151] 信号异常 稀土ETF: All arrays must be of the same length
2026-07-24 23:42:05 | DEBUG | [20260724_234151] 信号异常 有色金属ETF: All arrays must be of the same length
2026-07-24 23:42:05 | DEBUG | [20260724_234151] 信号异常 煤炭ETF: All arrays must be of the same length
2026-07-24 23:42:05 | DEBUG | [20260724_234151] 信号异常 化工ETF: All arrays must be of the same length
2026-07-24 23:42:05 | DEBUG | [20260724_234151] 信号异常 钢铁ETF: All arrays must be of the same length
2026-07-24 23:42:05 | DEBUG | [20260724_234151] 信号异常 油气ETF: All arrays must be of the same length
2026-07-24 23:42:05 | DEBUG | [20260724_234151] 信号异常 传媒ETF: All arrays must be of the same length
2026-07-24 23:42:05 | DEBUG | [20260724_234151] 信号异常 游戏ETF: All arrays must be of the same length
2026-07-24 23:42:05 | DEBUG | [20260724_234151] 信号异常 机器人ETF: All arrays must be of the same length
2026-07-24 23:42:05 | DEBUG | [20260724_234151] 信号异常 汽车ETF: All arrays must be of the same length
2026-07-24 23:42:05 | DEBUG | [20260724_234151] 信号异常 基建ETF: All arrays must be of the same length
2026-07-24 23:42:05 | DEBUG | [20260724_234151] 信号异常 红利ETF: All arrays must be of the same length
2026-07-24 23:42:05 | DEBUG | [20260724_234151] 信号异常 中证红利ETF: All arrays must be of the same length
2026-07-24 23:42:05 | WARNING | [20260724_234151] 2025-10-20 回测异常: Account.holdings_value() missing 1 required positional argument: 'prices'
2026-07-24 23:42:05 | DEBUG | [20260724_234151] 信号异常 中证500ETF: All arrays must be of the same length
2026-07-24 23:42:05 | DEBUG | [20260724_234151] 信号异常 中证1000ETF: All arrays must be of the same length
2026-07-24 23:42:05 | DEBUG | [20260724_234151] 信号异常 银行ETF: All arrays must be of the same length
2026-07-24 23:42:05 | DEBUG | [20260724_234151] 信号异常 券商ETF: All arrays must be of the same length
2026-07-24 23:42:05 | DEBUG | [20260724_234151] 信号异常 房地产ETF: All arrays must be of the same length
2026-07-24 23:42:05 | DEBUG | [20260724_234151] 信号异常 食品饮料ETF: All arrays must be of the same length
2026-07-24 23:42:05 | DEBUG | [20260724_234151] 信号异常 养殖ETF: All arrays must be of the same length
2026-07-24 23:42:05 | DEBUG | [20260724_234151] 信号异常 酒ETF: All arrays must be of the same length
2026-07-24 23:42:05 | DEBUG | [20260724_234151] 信号异常 家电ETF: All arrays must be of the same length
2026-07-24 23:42:05 | DEBUG | [20260724_234151] 信号异常 医药ETF: All arrays must be of the same length
2026-07-24 23:42:05 | DEBUG | [20260724_234151] 信号异常 创新药ETF: All arrays must be of the same length
2026-07-24 23:42:05 | DEBUG | [20260724_234151] 信号异常 医疗ETF: All arrays must be of the same length
2026-07-24 23:42:05 | DEBUG | [20260724_234151] 信号异常 计算机ETF: All arrays must be of the same length
2026-07-24 23:42:05 | DEBUG | [20260724_234151] 信号异常 人工智能ETF: All arrays must be of the same length
2026-07-24 23:42:05 | DEBUG | [20260724_234151] 信号异常 新能源车ETF: All arrays must be of the same length
2026-07-24 23:42:05 | DEBUG | [20260724_234151] 信号异常 电力ETF: All arrays must be of the same length
2026-07-24 23:42:05 | DEBUG | [20260724_234151] 信号异常 光伏ETF: All arrays must be of the same length
2026-07-24 23:42:05 | DEBUG | [20260724_234151] 信号异常 军工ETF: All arrays must be of the same length
2026-07-24 23:42:05 | DEBUG | [20260724_234151] 信号异常 国防ETF: All arrays must be of the same length
2026-07-24 23:42:05 | DEBUG | [20260724_234151] 信号异常 稀土ETF: All arrays must be of the same length
2026-07-24 23:42:05 | DEBUG | [20260724_234151] 信号异常 有色金属ETF: All arrays must be of the same length
2026-07-24 23:42:05 | DEBUG | [20260724_234151] 信号异常 煤炭ETF: All arrays must be of the same length
2026-07-24 23:42:05 | DEBUG | [20260724_234151] 信号异常 化工ETF: All arrays must be of the same length
2026-07-24 23:42:05 | DEBUG | [20260724_234151] 信号异常 钢铁ETF: All arrays must be of the same length
2026-07-24 23:42:05 | DEBUG | [20260724_234151] 信号异常 油气ETF: All arrays must be of the same length
2026-07-24 23:42:05 | DEBUG | [20260724_234151] 信号异常 传媒ETF: All arrays must be of the same length
2026-07-24 23:42:05 | DEBUG | [20260724_234151] 信号异常 游戏ETF: All arrays must be of the same length
2026-07-24 23:42:05 | DEBUG | [20260724_234151] 信号异常 机器人ETF: All arrays must be of the same length
2026-07-24 23:42:05 | DEBUG | [20260724_234151] 信号异常 汽车ETF: All arrays must be of the same length
2026-07-24 23:42:05 | DEBUG | [20260724_234151] 信号异常 基建ETF: All arrays must be of the same length
2026-07-24 23:42:05 | DEBUG | [20260724_234151] 信号异常 红利ETF: All arrays must be of the same length
2026-07-24 23:42:05 | DEBUG | [20260724_234151] 信号异常 中证红利ETF: All arrays must be of the same length
2026-07-24 23:42:05 | WARNING | [20260724_234151] 2025-10-21 回测异常: Account.holdings_value() missing 1 required positional argument: 'prices'
2026-07-24 23:42:05 | DEBUG | [20260724_234151] 信号异常 中证500ETF: All arrays must be of the same length
2026-07-24 23:42:05 | DEBUG | [20260724_234151] 信号异常 中证1000ETF: All arrays must be of the same length
2026-07-24 23:42:05 | DEBUG | [20260724_234151] 信号异常 银行ETF: All arrays must be of the same length
2026-07-24 23:42:05 | DEBUG | [20260724_234151] 信号异常 券商ETF: All arrays must be of the same length
2026-07-24 23:42:05 | DEBUG | [20260724_234151] 信号异常 房地产ETF: All arrays must be of the same length
2026-07-24 23:42:05 | DEBUG | [20260724_234151] 信号异常 食品饮料ETF: All arrays must be of the same length
2026-07-24 23:42:05 | DEBUG | [20260724_234151] 信号异常 养殖ETF: All arrays must be of the same length
2026-07-24 23:42:05 | DEBUG | [20260724_234151] 信号异常 酒ETF: All arrays must be of the same length
2026-07-24 23:42:05 | DEBUG | [20260724_234151] 信号异常 家电ETF: All arrays must be of the same length
2026-07-24 23:42:05 | DEBUG | [20260724_234151] 信号异常 医药ETF: All arrays must be of the same length
2026-07-24 23:42:05 | DEBUG | [20260724_234151] 信号异常 创新药ETF: All arrays must be of the same length
2026-07-24 23:42:05 | DEBUG | [20260724_234151] 信号异常 医疗ETF: All arrays must be of the same length
2026-07-24 23:42:05 | DEBUG | [20260724_234151] 信号异常 计算机ETF: All arrays must be of the same length
2026-07-24 23:42:05 | DEBUG | [20260724_234151] 信号异常 人工智能ETF: All arrays must be of the same length
2026-07-24 23:42:05 | DEBUG | [20260724_234151] 信号异常 新能源车ETF: All arrays must be of the same length
2026-07-24 23:42:05 | DEBUG | [20260724_234151] 信号异常 电力ETF: All arrays must be of the same length
2026-07-24 23:42:05 | DEBUG | [20260724_234151] 信号异常 光伏ETF: All arrays must be of the same length
2026-07-24 23:42:05 | DEBUG | [20260724_234151] 信号异常 军工ETF: All arrays must be of the same length
2026-07-24 23:42:05 | DEBUG | [20260724_234151] 信号异常 国防ETF: All arrays must be of the same length
2026-07-24 23:42:05 | DEBUG | [20260724_234151] 信号异常 稀土ETF: All arrays must be of the same length
2026-07-24 23:42:05 | DEBUG | [20260724_234151] 信号异常 有色金属ETF: All arrays must be of the same length
2026-07-24 23:42:05 | DEBUG | [20260724_234151] 信号异常 煤炭ETF: All arrays must be of the same length
2026-07-24 23:42:05 | DEBUG | [20260724_234151] 信号异常 化工ETF: All arrays must be of the same length
2026-07-24 23:42:05 | DEBUG | [20260724_234151] 信号异常 钢铁ETF: All arrays must be of the same length
2026-07-24 23:42:05 | DEBUG | [20260724_234151] 信号异常 油气ETF: All arrays must be of the same length
2026-07-24 23:42:05 | DEBUG | [20260724_234151] 信号异常 传媒ETF: All arrays must be of the same length
2026-07-24 23:42:05 | DEBUG | [20260724_234151] 信号异常 游戏ETF: All arrays must be of the same length
2026-07-24 23:42:05 | DEBUG | [20260724_234151] 信号异常 机器人ETF: All arrays must be of the same length
2026-07-24 23:42:05 | DEBUG | [20260724_234151] 信号异常 汽车ETF: All arrays must be of the same length
2026-07-24 23:42:05 | DEBUG | [20260724_234151] 信号异常 基建ETF: All arrays must be of the same length
2026-07-24 23:42:05 | DEBUG | [20260724_234151] 信号异常 红利ETF: All arrays must be of the same length
2026-07-24 23:42:05 | DEBUG | [20260724_234151] 信号异常 中证红利ETF: All arrays must be of the same length
2026-07-24 23:42:05 | WARNING | [20260724_234151] 2025-10-22 回测异常: Account.holdings_value() missing 1 required positional argument: 'prices'
2026-07-24 23:42:05 | DEBUG | [20260724_234151] 信号异常 中证500ETF: All arrays must be of the same length
2026-07-24 23:42:05 | DEBUG | [20260724_234151] 信号异常 中证1000ETF: All arrays must be of the same length
2026-07-24 23:42:05 | DEBUG | [20260724_234151] 信号异常 银行ETF: All arrays must be of the same length
2026-07-24 23:42:05 | DEBUG | [20260724_234151] 信号异常 券商ETF: All arrays must be of the same length
2026-07-24 23:42:05 | DEBUG | [20260724_234151] 信号异常 房地产ETF: All arrays must be of the same length
2026-07-24 23:42:05 | DEBUG | [20260724_234151] 信号异常 食品饮料ETF: All arrays must be of the same length
2026-07-24 23:42:05 | DEBUG | [20260724_234151] 信号异常 养殖ETF: All arrays must be of the same length
2026-07-24 23:42:05 | DEBUG | [20260724_234151] 信号异常 酒ETF: All arrays must be of the same length
2026-07-24 23:42:05 | DEBUG | [20260724_234151] 信号异常 家电ETF: All arrays must be of the same length
2026-07-24 23:42:05 | DEBUG | [20260724_234151] 信号异常 医药ETF: All arrays must be of the same length
2026-07-24 23:42:05 | DEBUG | [20260724_234151] 信号异常 创新药ETF: All arrays must be of the same length
2026-07-24 23:42:05 | DEBUG | [20260724_234151] 信号异常 医疗ETF: All arrays must be of the same length
2026-07-24 23:42:05 | DEBUG | [20260724_234151] 信号异常 计算机ETF: All arrays must be of the same length
2026-07-24 23:42:05 | DEBUG | [20260724_234151] 信号异常 人工智能ETF: All arrays must be of the same length
2026-07-24 23:42:05 | DEBUG | [20260724_234151] 信号异常 新能源车ETF: All arrays must be of the same length
2026-07-24 23:42:05 | DEBUG | [20260724_234151] 信号异常 电力ETF: All arrays must be of the same length
2026-07-24 23:42:05 | DEBUG | [20260724_234151] 信号异常 光伏ETF: All arrays must be of the same length
2026-07-24 23:42:05 | DEBUG | [20260724_234151] 信号异常 军工ETF: All arrays must be of the same length
2026-07-24 23:42:05 | DEBUG | [20260724_234151] 信号异常 国防ETF: All arrays must be of the same length
2026-07-24 23:42:05 | DEBUG | [20260724_234151] 信号异常 稀土ETF: All arrays must be of the same length
2026-07-24 23:42:05 | DEBUG | [20260724_234151] 信号异常 有色金属ETF: All arrays must be of the same length
2026-07-24 23:42:05 | DEBUG | [20260724_234151] 信号异常 煤炭ETF: All arrays must be of the same length
2026-07-24 23:42:05 | DEBUG | [20260724_234151] 信号异常 化工ETF: All arrays must be of the same length
2026-07-24 23:42:05 | DEBUG | [20260724_234151] 信号异常 钢铁ETF: All arrays must be of the same length
2026-07-24 23:42:05 | DEBUG | [20260724_234151] 信号异常 油气ETF: All arrays must be of the same length
2026-07-24 23:42:05 | DEBUG | [20260724_234151] 信号异常 传媒ETF: All arrays must be of the same length
2026-07-24 23:42:05 | DEBUG | [20260724_234151] 信号异常 游戏ETF: All arrays must be of the same length
2026-07-24 23:42:05 | DEBUG | [20260724_234151] 信号异常 机器人ETF: All arrays must be of the same length
2026-07-24 23:42:05 | DEBUG | [20260724_234151] 信号异常 汽车ETF: All arrays must be of the same length
2026-07-24 23:42:05 | DEBUG | [20260724_234151] 信号异常 基建ETF: All arrays must be of the same length
2026-07-24 23:42:05 | DEBUG | [20260724_234151] 信号异常 红利ETF: All arrays must be of the same length
2026-07-24 23:42:05 | DEBUG | [20260724_234151] 信号异常 中证红利ETF: All arrays must be of the same length
2026-07-24 23:42:05 | WARNING | [20260724_234151] 2025-10-23 回测异常: Account.holdings_value() missing 1 required positional argument: 'prices'
2026-07-24 23:42:05 | DEBUG | [20260724_234151] 信号异常 中证500ETF: All arrays must be of the same length
2026-07-24 23:42:05 | DEBUG | [20260724_234151] 信号异常 中证1000ETF: All arrays must be of the same length
2026-07-24 23:42:05 | DEBUG | [20260724_234151] 信号异常 银行ETF: All arrays must be of the same length
2026-07-24 23:42:05 | DEBUG | [20260724_234151] 信号异常 券商ETF: All arrays must be of the same length
2026-07-24 23:42:05 | DEBUG | [20260724_234151] 信号异常 房地产ETF: All arrays must be of the same length
2026-07-24 23:42:05 | DEBUG | [20260724_234151] 信号异常 食品饮料ETF: All arrays must be of the same length
2026-07-24 23:42:05 | DEBUG | [20260724_234151] 信号异常 养殖ETF: All arrays must be of the same length
2026-07-24 23:42:05 | DEBUG | [20260724_234151] 信号异常 酒ETF: All arrays must be of the same length
2026-07-24 23:42:05 | DEBUG | [20260724_234151] 信号异常 家电ETF: All arrays must be of the same length
2026-07-24 23:42:05 | DEBUG | [20260724_234151] 信号异常 医药ETF: All arrays must be of the same length
2026-07-24 23:42:05 | DEBUG | [20260724_234151] 信号异常 创新药ETF: All arrays must be of the same length
2026-07-24 23:42:05 | DEBUG | [20260724_234151] 信号异常 医疗ETF: All arrays must be of the same length
2026-07-24 23:42:05 | DEBUG | [20260724_234151] 信号异常 计算机ETF: All arrays must be of the same length
2026-07-24 23:42:05 | DEBUG | [20260724_234151] 信号异常 人工智能ETF: All arrays must be of the same length
2026-07-24 23:42:05 | DEBUG | [20260724_234151] 信号异常 新能源车ETF: All arrays must be of the same length
2026-07-24 23:42:05 | DEBUG | [20260724_234151] 信号异常 电力ETF: All arrays must be of the same length
2026-07-24 23:42:05 | DEBUG | [20260724_234151] 信号异常 光伏ETF: All arrays must be of the same length
2026-07-24 23:42:05 | DEBUG | [20260724_234151] 信号异常 军工ETF: All arrays must be of the same length
2026-07-24 23:42:05 | DEBUG | [20260724_234151] 信号异常 国防ETF: All arrays must be of the same length
2026-07-24 23:42:05 | DEBUG | [20260724_234151] 信号异常 稀土ETF: All arrays must be of the same length
2026-07-24 23:42:05 | DEBUG | [20260724_234151] 信号异常 有色金属ETF: All arrays must be of the same length
2026-07-24 23:42:05 | DEBUG | [20260724_234151] 信号异常 煤炭ETF: All arrays must be of the same length
2026-07-24 23:42:05 | DEBUG | [20260724_234151] 信号异常 化工ETF: All arrays must be of the same length
2026-07-24 23:42:05 | DEBUG | [20260724_234151] 信号异常 钢铁ETF: All arrays must be of the same length
2026-07-24 23:42:05 | DEBUG | [20260724_234151] 信号异常 油气ETF: All arrays must be of the same length
2026-07-24 23:42:05 | DEBUG | [20260724_234151] 信号异常 传媒ETF: All arrays must be of the same length
2026-07-24 23:42:05 | DEBUG | [20260724_234151] 信号异常 游戏ETF: All arrays must be of the same length
2026-07-24 23:42:05 | DEBUG | [20260724_234151] 信号异常 机器人ETF: All arrays must be of the same length
2026-07-24 23:42:05 | DEBUG | [20260724_234151] 信号异常 汽车ETF: All arrays must be of the same length
2026-07-24 23:42:05 | DEBUG | [20260724_234151] 信号异常 基建ETF: All arrays must be of the same length
2026-07-24 23:42:05 | DEBUG | [20260724_234151] 信号异常 红利ETF: All arrays must be of the same length
2026-07-24 23:42:05 | DEBUG | [20260724_234151] 信号异常 中证红利ETF: All arrays must be of the same length
2026-07-24 23:42:05 | WARNING | [20260724_234151] 2025-10-24 回测异常: Account.holdings_value() missing 1 required positional argument: 'prices'
2026-07-24 23:42:05 | DEBUG | [20260724_234151] 信号异常 中证500ETF: All arrays must be of the same length
2026-07-24 23:42:05 | DEBUG | [20260724_234151] 信号异常 中证1000ETF: All arrays must be of the same length
2026-07-24 23:42:05 | DEBUG | [20260724_234151] 信号异常 银行ETF: All arrays must be of the same length
2026-07-24 23:42:05 | DEBUG | [20260724_234151] 信号异常 券商ETF: All arrays must be of the same length
2026-07-24 23:42:05 | DEBUG | [20260724_234151] 信号异常 房地产ETF: All arrays must be of the same length
2026-07-24 23:42:05 | DEBUG | [20260724_234151] 信号异常 食品饮料ETF: All arrays must be of the same length
2026-07-24 23:42:05 | DEBUG | [20260724_234151] 信号异常 养殖ETF: All arrays must be of the same length
2026-07-24 23:42:05 | DEBUG | [20260724_234151] 信号异常 酒ETF: All arrays must be of the same length
2026-07-24 23:42:05 | DEBUG | [20260724_234151] 信号异常 家电ETF: All arrays must be of the same length
2026-07-24 23:42:05 | DEBUG | [20260724_234151] 信号异常 医药ETF: All arrays must be of the same length
2026-07-24 23:42:05 | DEBUG | [20260724_234151] 信号异常 创新药ETF: All arrays must be of the same length
2026-07-24 23:42:05 | DEBUG | [20260724_234151] 信号异常 医疗ETF: All arrays must be of the same length
2026-07-24 23:42:05 | DEBUG | [20260724_234151] 信号异常 计算机ETF: All arrays must be of the same length
2026-07-24 23:42:05 | DEBUG | [20260724_234151] 信号异常 人工智能ETF: All arrays must be of the same length
2026-07-24 23:42:05 | DEBUG | [20260724_234151] 信号异常 新能源车ETF: All arrays must be of the same length
2026-07-24 23:42:05 | DEBUG | [20260724_234151] 信号异常 电力ETF: All arrays must be of the same length
2026-07-24 23:42:05 | DEBUG | [20260724_234151] 信号异常 光伏ETF: All arrays must be of the same length
2026-07-24 23:42:05 | DEBUG | [20260724_234151] 信号异常 军工ETF: All arrays must be of the same length
2026-07-24 23:42:05 | DEBUG | [20260724_234151] 信号异常 国防ETF: All arrays must be of the same length
2026-07-24 23:42:05 | DEBUG | [20260724_234151] 信号异常 稀土ETF: All arrays must be of the same length
2026-07-24 23:42:05 | DEBUG | [20260724_234151] 信号异常 有色金属ETF: All arrays must be of the same length
2026-07-24 23:42:05 | DEBUG | [20260724_234151] 信号异常 煤炭ETF: All arrays must be of the same length
2026-07-24 23:42:05 | DEBUG | [20260724_234151] 信号异常 化工ETF: All arrays must be of the same length
2026-07-24 23:42:05 | DEBUG | [20260724_234151] 信号异常 钢铁ETF: All arrays must be of the same length
2026-07-24 23:42:05 | DEBUG | [20260724_234151] 信号异常 油气ETF: All arrays must be of the same length
2026-07-24 23:42:05 | DEBUG | [20260724_234151] 信号异常 传媒ETF: All arrays must be of the same length
2026-07-24 23:42:05 | DEBUG | [20260724_234151] 信号异常 游戏ETF: All arrays must be of the same length
2026-07-24 23:42:05 | DEBUG | [20260724_234151] 信号异常 机器人ETF: All arrays must be of the same length
2026-07-24 23:42:05 | DEBUG | [20260724_234151] 信号异常 汽车ETF: All arrays must be of the same length
2026-07-24 23:42:05 | DEBUG | [20260724_234151] 信号异常 基建ETF: All arrays must be of the same length
2026-07-24 23:42:05 | DEBUG | [20260724_234151] 信号异常 红利ETF: All arrays must be of the same length
2026-07-24 23:42:05 | DEBUG | [20260724_234151] 信号异常 中证红利ETF: All arrays must be of the same length
2026-07-24 23:42:05 | WARNING | [20260724_234151] 2025-10-27 回测异常: Account.holdings_value() missing 1 required positional argument: 'prices'
2026-07-24 23:42:05 | DEBUG | [20260724_234151] 信号异常 中证500ETF: All arrays must be of the same length
2026-07-24 23:42:05 | DEBUG | [20260724_234151] 信号异常 中证1000ETF: All arrays must be of the same length
2026-07-24 23:42:05 | DEBUG | [20260724_234151] 信号异常 银行ETF: All arrays must be of the same length
2026-07-24 23:42:05 | DEBUG | [20260724_234151] 信号异常 券商ETF: All arrays must be of the same length
2026-07-24 23:42:05 | DEBUG | [20260724_234151] 信号异常 房地产ETF: All arrays must be of the same length
2026-07-24 23:42:05 | DEBUG | [20260724_234151] 信号异常 食品饮料ETF: All arrays must be of the same length
2026-07-24 23:42:05 | DEBUG | [20260724_234151] 信号异常 养殖ETF: All arrays must be of the same length
2026-07-24 23:42:05 | DEBUG | [20260724_234151] 信号异常 酒ETF: All arrays must be of the same length
2026-07-24 23:42:05 | DEBUG | [20260724_234151] 信号异常 家电ETF: All arrays must be of the same length
2026-07-24 23:42:05 | DEBUG | [20260724_234151] 信号异常 医药ETF: All arrays must be of the same length
2026-07-24 23:42:05 | DEBUG | [20260724_234151] 信号异常 创新药ETF: All arrays must be of the same length
2026-07-24 23:42:05 | DEBUG | [20260724_234151] 信号异常 医疗ETF: All arrays must be of the same length
2026-07-24 23:42:05 | DEBUG | [20260724_234151] 信号异常 计算机ETF: All arrays must be of the same length
2026-07-24 23:42:05 | DEBUG | [20260724_234151] 信号异常 人工智能ETF: All arrays must be of the same length
2026-07-24 23:42:05 | DEBUG | [20260724_234151] 信号异常 新能源车ETF: All arrays must be of the same length
2026-07-24 23:42:05 | DEBUG | [20260724_234151] 信号异常 电力ETF: All arrays must be of the same length
2026-07-24 23:42:05 | DEBUG | [20260724_234151] 信号异常 光伏ETF: All arrays must be of the same length
2026-07-24 23:42:05 | DEBUG | [20260724_234151] 信号异常 军工ETF: All arrays must be of the same length
2026-07-24 23:42:05 | DEBUG | [20260724_234151] 信号异常 国防ETF: All arrays must be of the same length
2026-07-24 23:42:05 | DEBUG | [20260724_234151] 信号异常 稀土ETF: All arrays must be of the same length
2026-07-24 23:42:05 | DEBUG | [20260724_234151] 信号异常 有色金属ETF: All arrays must be of the same length
2026-07-24 23:42:05 | DEBUG | [20260724_234151] 信号异常 煤炭ETF: All arrays must be of the same length
2026-07-24 23:42:05 | DEBUG | [20260724_234151] 信号异常 化工ETF: All arrays must be of the same length
2026-07-24 23:42:05 | DEBUG | [20260724_234151] 信号异常 钢铁ETF: All arrays must be of the same length
2026-07-24 23:42:05 | DEBUG | [20260724_234151] 信号异常 油气ETF: All arrays must be of the same length
2026-07-24 23:42:05 | DEBUG | [20260724_234151] 信号异常 传媒ETF: All arrays must be of the same length
2026-07-24 23:42:05 | DEBUG | [20260724_234151] 信号异常 游戏ETF: All arrays must be of the same length
2026-07-24 23:42:05 | DEBUG | [20260724_234151] 信号异常 机器人ETF: All arrays must be of the same length
2026-07-24 23:42:05 | DEBUG | [20260724_234151] 信号异常 汽车ETF: All arrays must be of the same length
2026-07-24 23:42:05 | DEBUG | [20260724_234151] 信号异常 基建ETF: All arrays must be of the same length
2026-07-24 23:42:05 | DEBUG | [20260724_234151] 信号异常 红利ETF: All arrays must be of the same length
2026-07-24 23:42:05 | DEBUG | [20260724_234151] 信号异常 中证红利ETF: All arrays must be of the same length
2026-07-24 23:42:05 | WARNING | [20260724_234151] 2025-10-28 回测异常: Account.holdings_value() missing 1 required positional argument: 'prices'
2026-07-24 23:42:05 | DEBUG | [20260724_234151] 信号异常 中证500ETF: All arrays must be of the same length
2026-07-24 23:42:05 | DEBUG | [20260724_234151] 信号异常 中证1000ETF: All arrays must be of the same length
2026-07-24 23:42:05 | DEBUG | [20260724_234151] 信号异常 银行ETF: All arrays must be of the same length
2026-07-24 23:42:05 | DEBUG | [20260724_234151] 信号异常 券商ETF: All arrays must be of the same length
2026-07-24 23:42:05 | DEBUG | [20260724_234151] 信号异常 房地产ETF: All arrays must be of the same length
2026-07-24 23:42:05 | DEBUG | [20260724_234151] 信号异常 食品饮料ETF: All arrays must be of the same length
2026-07-24 23:42:05 | DEBUG | [20260724_234151] 信号异常 养殖ETF: All arrays must be of the same length
2026-07-24 23:42:05 | DEBUG | [20260724_234151] 信号异常 酒ETF: All arrays must be of the same length
2026-07-24 23:42:05 | DEBUG | [20260724_234151] 信号异常 家电ETF: All arrays must be of the same length
2026-07-24 23:42:05 | DEBUG | [20260724_234151] 信号异常 医药ETF: All arrays must be of the same length
2026-07-24 23:42:05 | DEBUG | [20260724_234151] 信号异常 创新药ETF: All arrays must be of the same length
2026-07-24 23:42:05 | DEBUG | [20260724_234151] 信号异常 医疗ETF: All arrays must be of the same length
2026-07-24 23:42:05 | DEBUG | [20260724_234151] 信号异常 计算机ETF: All arrays must be of the same length
2026-07-24 23:42:05 | DEBUG | [20260724_234151] 信号异常 人工智能ETF: All arrays must be of the same length
2026-07-24 23:42:05 | DEBUG | [20260724_234151] 信号异常 新能源车ETF: All arrays must be of the same length
2026-07-24 23:42:05 | DEBUG | [20260724_234151] 信号异常 电力ETF: All arrays must be of the same length
2026-07-24 23:42:05 | DEBUG | [20260724_234151] 信号异常 光伏ETF: All arrays must be of the same length
2026-07-24 23:42:05 | DEBUG | [20260724_234151] 信号异常 军工ETF: All arrays must be of the same length
2026-07-24 23:42:05 | DEBUG | [20260724_234151] 信号异常 国防ETF: All arrays must be of the same length
2026-07-24 23:42:05 | DEBUG | [20260724_234151] 信号异常 稀土ETF: All arrays must be of the same length
2026-07-24 23:42:05 | DEBUG | [20260724_234151] 信号异常 有色金属ETF: All arrays must be of the same length
2026-07-24 23:42:05 | DEBUG | [20260724_234151] 信号异常 煤炭ETF: All arrays must be of the same length
2026-07-24 23:42:05 | DEBUG | [20260724_234151] 信号异常 化工ETF: All arrays must be of the same length
2026-07-24 23:42:05 | DEBUG | [20260724_234151] 信号异常 钢铁ETF: All arrays must be of the same length
2026-07-24 23:42:05 | DEBUG | [20260724_234151] 信号异常 油气ETF: All arrays must be of the same length
2026-07-24 23:42:05 | DEBUG | [20260724_234151] 信号异常 传媒ETF: All arrays must be of the same length
2026-07-24 23:42:05 | DEBUG | [20260724_234151] 信号异常 游戏ETF: All arrays must be of the same length
2026-07-24 23:42:05 | DEBUG | [20260724_234151] 信号异常 机器人ETF: All arrays must be of the same length
2026-07-24 23:42:05 | DEBUG | [20260724_234151] 信号异常 汽车ETF: All arrays must be of the same length
2026-07-24 23:42:05 | DEBUG | [20260724_234151] 信号异常 基建ETF: All arrays must be of the same length
2026-07-24 23:42:05 | DEBUG | [20260724_234151] 信号异常 红利ETF: All arrays must be of the same length
2026-07-24 23:42:05 | DEBUG | [20260724_234151] 信号异常 中证红利ETF: All arrays must be of the same length
2026-07-24 23:42:05 | WARNING | [20260724_234151] 2025-10-29 回测异常: Account.holdings_value() missing 1 required positional argument: 'prices'
2026-07-24 23:42:05 | DEBUG | [20260724_234151] 信号异常 中证500ETF: All arrays must be of the same length
2026-07-24 23:42:05 | DEBUG | [20260724_234151] 信号异常 中证1000ETF: All arrays must be of the same length
2026-07-24 23:42:05 | DEBUG | [20260724_234151] 信号异常 银行ETF: All arrays must be of the same length
2026-07-24 23:42:05 | DEBUG | [20260724_234151] 信号异常 券商ETF: All arrays must be of the same length
2026-07-24 23:42:05 | DEBUG | [20260724_234151] 信号异常 房地产ETF: All arrays must be of the same length
2026-07-24 23:42:05 | DEBUG | [20260724_234151] 信号异常 食品饮料ETF: All arrays must be of the same length
2026-07-24 23:42:05 | DEBUG | [20260724_234151] 信号异常 养殖ETF: All arrays must be of the same length
2026-07-24 23:42:05 | DEBUG | [20260724_234151] 信号异常 酒ETF: All arrays must be of the same length
2026-07-24 23:42:05 | DEBUG | [20260724_234151] 信号异常 家电ETF: All arrays must be of the same length
2026-07-24 23:42:05 | DEBUG | [20260724_234151] 信号异常 医药ETF: All arrays must be of the same length
2026-07-24 23:42:05 | DEBUG | [20260724_234151] 信号异常 创新药ETF: All arrays must be of the same length
2026-07-24 23:42:05 | DEBUG | [20260724_234151] 信号异常 医疗ETF: All arrays must be of the same length
2026-07-24 23:42:06 | DEBUG | [20260724_234151] 信号异常 计算机ETF: All arrays must be of the same length
2026-07-24 23:42:06 | DEBUG | [20260724_234151] 信号异常 人工智能ETF: All arrays must be of the same length
2026-07-24 23:42:06 | DEBUG | [20260724_234151] 信号异常 新能源车ETF: All arrays must be of the same length
2026-07-24 23:42:06 | DEBUG | [20260724_234151] 信号异常 电力ETF: All arrays must be of the same length
2026-07-24 23:42:06 | DEBUG | [20260724_234151] 信号异常 光伏ETF: All arrays must be of the same length
2026-07-24 23:42:06 | DEBUG | [20260724_234151] 信号异常 军工ETF: All arrays must be of the same length
2026-07-24 23:42:06 | DEBUG | [20260724_234151] 信号异常 国防ETF: All arrays must be of the same length
2026-07-24 23:42:06 | DEBUG | [20260724_234151] 信号异常 稀土ETF: All arrays must be of the same length
2026-07-24 23:42:06 | DEBUG | [20260724_234151] 信号异常 有色金属ETF: All arrays must be of the same length
2026-07-24 23:42:06 | DEBUG | [20260724_234151] 信号异常 煤炭ETF: All arrays must be of the same length
2026-07-24 23:42:06 | DEBUG | [20260724_234151] 信号异常 化工ETF: All arrays must be of the same length
2026-07-24 23:42:06 | DEBUG | [20260724_234151] 信号异常 钢铁ETF: All arrays must be of the same length
2026-07-24 23:42:06 | DEBUG | [20260724_234151] 信号异常 油气ETF: All arrays must be of the same length
2026-07-24 23:42:06 | DEBUG | [20260724_234151] 信号异常 传媒ETF: All arrays must be of the same length
2026-07-24 23:42:06 | DEBUG | [20260724_234151] 信号异常 游戏ETF: All arrays must be of the same length
2026-07-24 23:42:06 | DEBUG | [20260724_234151] 信号异常 机器人ETF: All arrays must be of the same length
2026-07-24 23:42:06 | DEBUG | [20260724_234151] 信号异常 汽车ETF: All arrays must be of the same length
2026-07-24 23:42:06 | DEBUG | [20260724_234151] 信号异常 基建ETF: All arrays must be of the same length
2026-07-24 23:42:06 | DEBUG | [20260724_234151] 信号异常 红利ETF: All arrays must be of the same length
2026-07-24 23:42:06 | DEBUG | [20260724_234151] 信号异常 中证红利ETF: All arrays must be of the same length
2026-07-24 23:42:06 | WARNING | [20260724_234151] 2025-10-30 回测异常: Account.holdings_value() missing 1 required positional argument: 'prices'
2026-07-24 23:42:06 | DEBUG | [20260724_234151] 信号异常 中证500ETF: All arrays must be of the same length
2026-07-24 23:42:06 | DEBUG | [20260724_234151] 信号异常 中证1000ETF: All arrays must be of the same length
2026-07-24 23:42:06 | DEBUG | [20260724_234151] 信号异常 银行ETF: All arrays must be of the same length
2026-07-24 23:42:06 | DEBUG | [20260724_234151] 信号异常 券商ETF: All arrays must be of the same length
2026-07-24 23:42:06 | DEBUG | [20260724_234151] 信号异常 房地产ETF: All arrays must be of the same length
2026-07-24 23:42:06 | DEBUG | [20260724_234151] 信号异常 食品饮料ETF: All arrays must be of the same length
2026-07-24 23:42:06 | DEBUG | [20260724_234151] 信号异常 养殖ETF: All arrays must be of the same length
2026-07-24 23:42:06 | DEBUG | [20260724_234151] 信号异常 酒ETF: All arrays must be of the same length
2026-07-24 23:42:06 | DEBUG | [20260724_234151] 信号异常 家电ETF: All arrays must be of the same length
2026-07-24 23:42:06 | DEBUG | [20260724_234151] 信号异常 医药ETF: All arrays must be of the same length
2026-07-24 23:42:06 | DEBUG | [20260724_234151] 信号异常 创新药ETF: All arrays must be of the same length
2026-07-24 23:42:06 | DEBUG | [20260724_234151] 信号异常 医疗ETF: All arrays must be of the same length
2026-07-24 23:42:06 | DEBUG | [20260724_234151] 信号异常 计算机ETF: All arrays must be of the same length
2026-07-24 23:42:06 | DEBUG | [20260724_234151] 信号异常 人工智能ETF: All arrays must be of the same length
2026-07-24 23:42:06 | DEBUG | [20260724_234151] 信号异常 新能源车ETF: All arrays must be of the same length
2026-07-24 23:42:06 | DEBUG | [20260724_234151] 信号异常 电力ETF: All arrays must be of the same length
2026-07-24 23:42:06 | DEBUG | [20260724_234151] 信号异常 光伏ETF: All arrays must be of the same length
2026-07-24 23:42:06 | DEBUG | [20260724_234151] 信号异常 军工ETF: All arrays must be of the same length
2026-07-24 23:42:06 | DEBUG | [20260724_234151] 信号异常 国防ETF: All arrays must be of the same length
2026-07-24 23:42:06 | DEBUG | [20260724_234151] 信号异常 稀土ETF: All arrays must be of the same length
2026-07-24 23:42:06 | DEBUG | [20260724_234151] 信号异常 有色金属ETF: All arrays must be of the same length
2026-07-24 23:42:06 | DEBUG | [20260724_234151] 信号异常 煤炭ETF: All arrays must be of the same length
2026-07-24 23:42:06 | DEBUG | [20260724_234151] 信号异常 化工ETF: All arrays must be of the same length
2026-07-24 23:42:06 | DEBUG | [20260724_234151] 信号异常 钢铁ETF: All arrays must be of the same length
2026-07-24 23:42:06 | DEBUG | [20260724_234151] 信号异常 油气ETF: All arrays must be of the same length
2026-07-24 23:42:06 | DEBUG | [20260724_234151] 信号异常 传媒ETF: All arrays must be of the same length
2026-07-24 23:42:06 | DEBUG | [20260724_234151] 信号异常 游戏ETF: All arrays must be of the same length
2026-07-24 23:42:06 | DEBUG | [20260724_234151] 信号异常 机器人ETF: All arrays must be of the same length
2026-07-24 23:42:06 | DEBUG | [20260724_234151] 信号异常 汽车ETF: All arrays must be of the same length
2026-07-24 23:42:06 | DEBUG | [20260724_234151] 信号异常 基建ETF: All arrays must be of the same length
2026-07-24 23:42:06 | DEBUG | [20260724_234151] 信号异常 红利ETF: All arrays must be of the same length
2026-07-24 23:42:06 | DEBUG | [20260724_234151] 信号异常 中证红利ETF: All arrays must be of the same length
2026-07-24 23:42:06 | WARNING | [20260724_234151] 2025-10-31 回测异常: Account.holdings_value() missing 1 required positional argument: 'prices'
2026-07-24 23:42:06 | DEBUG | [20260724_234151] 信号异常 中证500ETF: All arrays must be of the same length
2026-07-24 23:42:06 | DEBUG | [20260724_234151] 信号异常 中证1000ETF: All arrays must be of the same length
2026-07-24 23:42:06 | DEBUG | [20260724_234151] 信号异常 银行ETF: All arrays must be of the same length
2026-07-24 23:42:06 | DEBUG | [20260724_234151] 信号异常 券商ETF: All arrays must be of the same length
2026-07-24 23:42:06 | DEBUG | [20260724_234151] 信号异常 房地产ETF: All arrays must be of the same length
2026-07-24 23:42:06 | DEBUG | [20260724_234151] 信号异常 食品饮料ETF: All arrays must be of the same length
2026-07-24 23:42:06 | DEBUG | [20260724_234151] 信号异常 养殖ETF: All arrays must be of the same length
2026-07-24 23:42:06 | DEBUG | [20260724_234151] 信号异常 酒ETF: All arrays must be of the same length
2026-07-24 23:42:06 | DEBUG | [20260724_234151] 信号异常 家电ETF: All arrays must be of the same length
2026-07-24 23:42:06 | DEBUG | [20260724_234151] 信号异常 医药ETF: All arrays must be of the same length
2026-07-24 23:42:06 | DEBUG | [20260724_234151] 信号异常 创新药ETF: All arrays must be of the same length
2026-07-24 23:42:06 | DEBUG | [20260724_234151] 信号异常 医疗ETF: All arrays must be of the same length
2026-07-24 23:42:06 | DEBUG | [20260724_234151] 信号异常 计算机ETF: All arrays must be of the same length
2026-07-24 23:42:06 | DEBUG | [20260724_234151] 信号异常 人工智能ETF: All arrays must be of the same length
2026-07-24 23:42:06 | DEBUG | [20260724_234151] 信号异常 新能源车ETF: All arrays must be of the same length
2026-07-24 23:42:06 | DEBUG | [20260724_234151] 信号异常 电力ETF: All arrays must be of the same length
2026-07-24 23:42:06 | DEBUG | [20260724_234151] 信号异常 光伏ETF: All arrays must be of the same length
2026-07-24 23:42:06 | DEBUG | [20260724_234151] 信号异常 军工ETF: All arrays must be of the same length
2026-07-24 23:42:06 | DEBUG | [20260724_234151] 信号异常 国防ETF: All arrays must be of the same length
2026-07-24 23:42:06 | DEBUG | [20260724_234151] 信号异常 稀土ETF: All arrays must be of the same length
2026-07-24 23:42:06 | DEBUG | [20260724_234151] 信号异常 有色金属ETF: All arrays must be of the same length
2026-07-24 23:42:06 | DEBUG | [20260724_234151] 信号异常 煤炭ETF: All arrays must be of the same length
2026-07-24 23:42:06 | DEBUG | [20260724_234151] 信号异常 化工ETF: All arrays must be of the same length
2026-07-24 23:42:06 | DEBUG | [20260724_234151] 信号异常 钢铁ETF: All arrays must be of the same length
2026-07-24 23:42:06 | DEBUG | [20260724_234151] 信号异常 油气ETF: All arrays must be of the same length
2026-07-24 23:42:06 | DEBUG | [20260724_234151] 信号异常 传媒ETF: All arrays must be of the same length
2026-07-24 23:42:06 | DEBUG | [20260724_234151] 信号异常 游戏ETF: All arrays must be of the same length
2026-07-24 23:42:06 | DEBUG | [20260724_234151] 信号异常 机器人ETF: All arrays must be of the same length
2026-07-24 23:42:06 | DEBUG | [20260724_234151] 信号异常 汽车ETF: All arrays must be of the same length
2026-07-24 23:42:06 | DEBUG | [20260724_234151] 信号异常 基建ETF: All arrays must be of the same length
2026-07-24 23:42:06 | DEBUG | [20260724_234151] 信号异常 红利ETF: All arrays must be of the same length
2026-07-24 23:42:06 | DEBUG | [20260724_234151] 信号异常 中证红利ETF: All arrays must be of the same length
2026-07-24 23:42:06 | WARNING | [20260724_234151] 2025-11-03 回测异常: Account.holdings_value() missing 1 required positional argument: 'prices'
2026-07-24 23:42:06 | DEBUG | [20260724_234151] 信号异常 中证500ETF: All arrays must be of the same length
2026-07-24 23:42:06 | DEBUG | [20260724_234151] 信号异常 中证1000ETF: All arrays must be of the same length
2026-07-24 23:42:06 | DEBUG | [20260724_234151] 信号异常 银行ETF: All arrays must be of the same length
2026-07-24 23:42:06 | DEBUG | [20260724_234151] 信号异常 券商ETF: All arrays must be of the same length
2026-07-24 23:42:06 | DEBUG | [20260724_234151] 信号异常 房地产ETF: All arrays must be of the same length
2026-07-24 23:42:06 | DEBUG | [20260724_234151] 信号异常 食品饮料ETF: All arrays must be of the same length
2026-07-24 23:42:06 | DEBUG | [20260724_234151] 信号异常 养殖ETF: All arrays must be of the same length
2026-07-24 23:42:06 | DEBUG | [20260724_234151] 信号异常 酒ETF: All arrays must be of the same length
2026-07-24 23:42:06 | DEBUG | [20260724_234151] 信号异常 家电ETF: All arrays must be of the same length
2026-07-24 23:42:06 | DEBUG | [20260724_234151] 信号异常 医药ETF: All arrays must be of the same length
2026-07-24 23:42:06 | DEBUG | [20260724_234151] 信号异常 创新药ETF: All arrays must be of the same length
2026-07-24 23:42:06 | DEBUG | [20260724_234151] 信号异常 医疗ETF: All arrays must be of the same length
2026-07-24 23:42:06 | DEBUG | [20260724_234151] 信号异常 计算机ETF: All arrays must be of the same length
2026-07-24 23:42:06 | DEBUG | [20260724_234151] 信号异常 人工智能ETF: All arrays must be of the same length
2026-07-24 23:42:06 | DEBUG | [20260724_234151] 信号异常 新能源车ETF: All arrays must be of the same length
2026-07-24 23:42:06 | DEBUG | [20260724_234151] 信号异常 电力ETF: All arrays must be of the same length
2026-07-24 23:42:06 | DEBUG | [20260724_234151] 信号异常 光伏ETF: All arrays must be of the same length
2026-07-24 23:42:06 | DEBUG | [20260724_234151] 信号异常 军工ETF: All arrays must be of the same length
2026-07-24 23:42:06 | DEBUG | [20260724_234151] 信号异常 国防ETF: All arrays must be of the same length
2026-07-24 23:42:06 | DEBUG | [20260724_234151] 信号异常 稀土ETF: All arrays must be of the same length
2026-07-24 23:42:06 | DEBUG | [20260724_234151] 信号异常 有色金属ETF: All arrays must be of the same length
2026-07-24 23:42:06 | DEBUG | [20260724_234151] 信号异常 煤炭ETF: All arrays must be of the same length
2026-07-24 23:42:06 | DEBUG | [20260724_234151] 信号异常 化工ETF: All arrays must be of the same length
2026-07-24 23:42:06 | DEBUG | [20260724_234151] 信号异常 钢铁ETF: All arrays must be of the same length
2026-07-24 23:42:06 | DEBUG | [20260724_234151] 信号异常 油气ETF: All arrays must be of the same length
2026-07-24 23:42:06 | DEBUG | [20260724_234151] 信号异常 传媒ETF: All arrays must be of the same length
2026-07-24 23:42:06 | DEBUG | [20260724_234151] 信号异常 游戏ETF: All arrays must be of the same length
2026-07-24 23:42:06 | DEBUG | [20260724_234151] 信号异常 机器人ETF: All arrays must be of the same length
2026-07-24 23:42:06 | DEBUG | [20260724_234151] 信号异常 汽车ETF: All arrays must be of the same length
2026-07-24 23:42:06 | DEBUG | [20260724_234151] 信号异常 基建ETF: All arrays must be of the same length
2026-07-24 23:42:06 | DEBUG | [20260724_234151] 信号异常 红利ETF: All arrays must be of the same length
2026-07-24 23:42:06 | DEBUG | [20260724_234151] 信号异常 中证红利ETF: All arrays must be of the same length
2026-07-24 23:42:06 | WARNING | [20260724_234151] 2025-11-04 回测异常: Account.holdings_value() missing 1 required positional argument: 'prices'
2026-07-24 23:42:06 | DEBUG | [20260724_234151] 信号异常 中证500ETF: All arrays must be of the same length
2026-07-24 23:42:06 | DEBUG | [20260724_234151] 信号异常 中证1000ETF: All arrays must be of the same length
2026-07-24 23:42:06 | DEBUG | [20260724_234151] 信号异常 银行ETF: All arrays must be of the same length
2026-07-24 23:42:06 | DEBUG | [20260724_234151] 信号异常 券商ETF: All arrays must be of the same length
2026-07-24 23:42:06 | DEBUG | [20260724_234151] 信号异常 房地产ETF: All arrays must be of the same length
2026-07-24 23:42:06 | DEBUG | [20260724_234151] 信号异常 食品饮料ETF: All arrays must be of the same length
2026-07-24 23:42:06 | DEBUG | [20260724_234151] 信号异常 养殖ETF: All arrays must be of the same length
2026-07-24 23:42:06 | DEBUG | [20260724_234151] 信号异常 酒ETF: All arrays must be of the same length
2026-07-24 23:42:06 | DEBUG | [20260724_234151] 信号异常 家电ETF: All arrays must be of the same length
2026-07-24 23:42:06 | DEBUG | [20260724_234151] 信号异常 医药ETF: All arrays must be of the same length
2026-07-24 23:42:06 | DEBUG | [20260724_234151] 信号异常 创新药ETF: All arrays must be of the same length
2026-07-24 23:42:06 | DEBUG | [20260724_234151] 信号异常 医疗ETF: All arrays must be of the same length
2026-07-24 23:42:06 | DEBUG | [20260724_234151] 信号异常 计算机ETF: All arrays must be of the same length
2026-07-24 23:42:06 | DEBUG | [20260724_234151] 信号异常 人工智能ETF: All arrays must be of the same length
2026-07-24 23:42:06 | DEBUG | [20260724_234151] 信号异常 新能源车ETF: All arrays must be of the same length
2026-07-24 23:42:06 | DEBUG | [20260724_234151] 信号异常 电力ETF: All arrays must be of the same length
2026-07-24 23:42:06 | DEBUG | [20260724_234151] 信号异常 光伏ETF: All arrays must be of the same length
2026-07-24 23:42:06 | DEBUG | [20260724_234151] 信号异常 军工ETF: All arrays must be of the same length
2026-07-24 23:42:06 | DEBUG | [20260724_234151] 信号异常 国防ETF: All arrays must be of the same length
2026-07-24 23:42:06 | DEBUG | [20260724_234151] 信号异常 稀土ETF: All arrays must be of the same length
2026-07-24 23:42:06 | DEBUG | [20260724_234151] 信号异常 有色金属ETF: All arrays must be of the same length
2026-07-24 23:42:06 | DEBUG | [20260724_234151] 信号异常 煤炭ETF: All arrays must be of the same length
2026-07-24 23:42:06 | DEBUG | [20260724_234151] 信号异常 化工ETF: All arrays must be of the same length
2026-07-24 23:42:06 | DEBUG | [20260724_234151] 信号异常 钢铁ETF: All arrays must be of the same length
2026-07-24 23:42:06 | DEBUG | [20260724_234151] 信号异常 油气ETF: All arrays must be of the same length
2026-07-24 23:42:06 | DEBUG | [20260724_234151] 信号异常 传媒ETF: All arrays must be of the same length
2026-07-24 23:42:06 | DEBUG | [20260724_234151] 信号异常 游戏ETF: All arrays must be of the same length
2026-07-24 23:42:06 | DEBUG | [20260724_234151] 信号异常 机器人ETF: All arrays must be of the same length
2026-07-24 23:42:06 | DEBUG | [20260724_234151] 信号异常 汽车ETF: All arrays must be of the same length
2026-07-24 23:42:06 | DEBUG | [20260724_234151] 信号异常 基建ETF: All arrays must be of the same length
2026-07-24 23:42:06 | DEBUG | [20260724_234151] 信号异常 红利ETF: All arrays must be of the same length
2026-07-24 23:42:06 | DEBUG | [20260724_234151] 信号异常 中证红利ETF: All arrays must be of the same length
2026-07-24 23:42:06 | WARNING | [20260724_234151] 2025-11-05 回测异常: Account.holdings_value() missing 1 required positional argument: 'prices'
2026-07-24 23:42:06 | DEBUG | [20260724_234151] 信号异常 中证500ETF: All arrays must be of the same length
2026-07-24 23:42:06 | DEBUG | [20260724_234151] 信号异常 中证1000ETF: All arrays must be of the same length
2026-07-24 23:42:06 | DEBUG | [20260724_234151] 信号异常 银行ETF: All arrays must be of the same length
2026-07-24 23:42:06 | DEBUG | [20260724_234151] 信号异常 券商ETF: All arrays must be of the same length
2026-07-24 23:42:06 | DEBUG | [20260724_234151] 信号异常 房地产ETF: All arrays must be of the same length
2026-07-24 23:42:06 | DEBUG | [20260724_234151] 信号异常 食品饮料ETF: All arrays must be of the same length
2026-07-24 23:42:06 | DEBUG | [20260724_234151] 信号异常 养殖ETF: All arrays must be of the same length
2026-07-24 23:42:06 | DEBUG | [20260724_234151] 信号异常 酒ETF: All arrays must be of the same length
2026-07-24 23:42:06 | DEBUG | [20260724_234151] 信号异常 家电ETF: All arrays must be of the same length
2026-07-24 23:42:06 | DEBUG | [20260724_234151] 信号异常 医药ETF: All arrays must be of the same length
2026-07-24 23:42:06 | DEBUG | [20260724_234151] 信号异常 创新药ETF: All arrays must be of the same length
2026-07-24 23:42:06 | DEBUG | [20260724_234151] 信号异常 医疗ETF: All arrays must be of the same length
2026-07-24 23:42:06 | DEBUG | [20260724_234151] 信号异常 计算机ETF: All arrays must be of the same length
2026-07-24 23:42:06 | DEBUG | [20260724_234151] 信号异常 人工智能ETF: All arrays must be of the same length
2026-07-24 23:42:06 | DEBUG | [20260724_234151] 信号异常 新能源车ETF: All arrays must be of the same length
2026-07-24 23:42:06 | DEBUG | [20260724_234151] 信号异常 电力ETF: All arrays must be of the same length
2026-07-24 23:42:06 | DEBUG | [20260724_234151] 信号异常 光伏ETF: All arrays must be of the same length
2026-07-24 23:42:06 | DEBUG | [20260724_234151] 信号异常 军工ETF: All arrays must be of the same length
2026-07-24 23:42:06 | DEBUG | [20260724_234151] 信号异常 国防ETF: All arrays must be of the same length
2026-07-24 23:42:06 | DEBUG | [20260724_234151] 信号异常 稀土ETF: All arrays must be of the same length
2026-07-24 23:42:06 | DEBUG | [20260724_234151] 信号异常 有色金属ETF: All arrays must be of the same length
2026-07-24 23:42:06 | DEBUG | [20260724_234151] 信号异常 煤炭ETF: All arrays must be of the same length
2026-07-24 23:42:06 | DEBUG | [20260724_234151] 信号异常 化工ETF: All arrays must be of the same length
2026-07-24 23:42:06 | DEBUG | [20260724_234151] 信号异常 钢铁ETF: All arrays must be of the same length
2026-07-24 23:42:06 | DEBUG | [20260724_234151] 信号异常 油气ETF: All arrays must be of the same length
2026-07-24 23:42:06 | DEBUG | [20260724_234151] 信号异常 传媒ETF: All arrays must be of the same length
2026-07-24 23:42:06 | DEBUG | [20260724_234151] 信号异常 游戏ETF: All arrays must be of the same length
2026-07-24 23:42:06 | DEBUG | [20260724_234151] 信号异常 机器人ETF: All arrays must be of the same length
2026-07-24 23:42:06 | DEBUG | [20260724_234151] 信号异常 汽车ETF: All arrays must be of the same length
2026-07-24 23:42:06 | DEBUG | [20260724_234151] 信号异常 基建ETF: All arrays must be of the same length
2026-07-24 23:42:06 | DEBUG | [20260724_234151] 信号异常 红利ETF: All arrays must be of the same length
2026-07-24 23:42:06 | DEBUG | [20260724_234151] 信号异常 中证红利ETF: All arrays must be of the same length
2026-07-24 23:42:06 | WARNING | [20260724_234151] 2025-11-06 回测异常: Account.holdings_value() missing 1 required positional argument: 'prices'
2026-07-24 23:42:06 | DEBUG | [20260724_234151] 信号异常 中证500ETF: All arrays must be of the same length
2026-07-24 23:42:06 | DEBUG | [20260724_234151] 信号异常 中证1000ETF: All arrays must be of the same length
2026-07-24 23:42:06 | DEBUG | [20260724_234151] 信号异常 银行ETF: All arrays must be of the same length
2026-07-24 23:42:06 | DEBUG | [20260724_234151] 信号异常 券商ETF: All arrays must be of the same length
2026-07-24 23:42:06 | DEBUG | [20260724_234151] 信号异常 房地产ETF: All arrays must be of the same length
2026-07-24 23:42:06 | DEBUG | [20260724_234151] 信号异常 食品饮料ETF: All arrays must be of the same length
2026-07-24 23:42:06 | DEBUG | [20260724_234151] 信号异常 养殖ETF: All arrays must be of the same length
2026-07-24 23:42:06 | DEBUG | [20260724_234151] 信号异常 酒ETF: All arrays must be of the same length
2026-07-24 23:42:06 | DEBUG | [20260724_234151] 信号异常 家电ETF: All arrays must be of the same length
2026-07-24 23:42:06 | DEBUG | [20260724_234151] 信号异常 医药ETF: All arrays must be of the same length
2026-07-24 23:42:06 | DEBUG | [20260724_234151] 信号异常 创新药ETF: All arrays must be of the same length
2026-07-24 23:42:06 | DEBUG | [20260724_234151] 信号异常 医疗ETF: All arrays must be of the same length
2026-07-24 23:42:06 | DEBUG | [20260724_234151] 信号异常 计算机ETF: All arrays must be of the same length
2026-07-24 23:42:06 | DEBUG | [20260724_234151] 信号异常 人工智能ETF: All arrays must be of the same length
2026-07-24 23:42:06 | DEBUG | [20260724_234151] 信号异常 新能源车ETF: All arrays must be of the same length
2026-07-24 23:42:06 | DEBUG | [20260724_234151] 信号异常 电力ETF: All arrays must be of the same length
2026-07-24 23:42:06 | DEBUG | [20260724_234151] 信号异常 光伏ETF: All arrays must be of the same length
2026-07-24 23:42:06 | DEBUG | [20260724_234151] 信号异常 军工ETF: All arrays must be of the same length
2026-07-24 23:42:06 | DEBUG | [20260724_234151] 信号异常 国防ETF: All arrays must be of the same length
2026-07-24 23:42:06 | DEBUG | [20260724_234151] 信号异常 稀土ETF: All arrays must be of the same length
2026-07-24 23:42:06 | DEBUG | [20260724_234151] 信号异常 有色金属ETF: All arrays must be of the same length
2026-07-24 23:42:06 | DEBUG | [20260724_234151] 信号异常 煤炭ETF: All arrays must be of the same length
2026-07-24 23:42:06 | DEBUG | [20260724_234151] 信号异常 化工ETF: All arrays must be of the same length
2026-07-24 23:42:06 | DEBUG | [20260724_234151] 信号异常 钢铁ETF: All arrays must be of the same length
2026-07-24 23:42:06 | DEBUG | [20260724_234151] 信号异常 油气ETF: All arrays must be of the same length
2026-07-24 23:42:06 | DEBUG | [20260724_234151] 信号异常 传媒ETF: All arrays must be of the same length
2026-07-24 23:42:06 | DEBUG | [20260724_234151] 信号异常 游戏ETF: All arrays must be of the same length
2026-07-24 23:42:06 | DEBUG | [20260724_234151] 信号异常 机器人ETF: All arrays must be of the same length
2026-07-24 23:42:06 | DEBUG | [20260724_234151] 信号异常 汽车ETF: All arrays must be of the same length
2026-07-24 23:42:06 | DEBUG | [20260724_234151] 信号异常 基建ETF: All arrays must be of the same length
2026-07-24 23:42:06 | DEBUG | [20260724_234151] 信号异常 红利ETF: All arrays must be of the same length
2026-07-24 23:42:06 | DEBUG | [20260724_234151] 信号异常 中证红利ETF: All arrays must be of the same length
2026-07-24 23:42:06 | WARNING | [20260724_234151] 2025-11-07 回测异常: Account.holdings_value() missing 1 required positional argument: 'prices'
2026-07-24 23:42:06 | DEBUG | [20260724_234151] 信号异常 中证500ETF: All arrays must be of the same length
2026-07-24 23:42:06 | DEBUG | [20260724_234151] 信号异常 中证1000ETF: All arrays must be of the same length
2026-07-24 23:42:06 | DEBUG | [20260724_234151] 信号异常 银行ETF: All arrays must be of the same length
2026-07-24 23:42:06 | DEBUG | [20260724_234151] 信号异常 券商ETF: All arrays must be of the same length
2026-07-24 23:42:06 | DEBUG | [20260724_234151] 信号异常 房地产ETF: All arrays must be of the same length
2026-07-24 23:42:06 | DEBUG | [20260724_234151] 信号异常 食品饮料ETF: All arrays must be of the same length
2026-07-24 23:42:06 | DEBUG | [20260724_234151] 信号异常 养殖ETF: All arrays must be of the same length
2026-07-24 23:42:06 | DEBUG | [20260724_234151] 信号异常 酒ETF: All arrays must be of the same length
2026-07-24 23:42:06 | DEBUG | [20260724_234151] 信号异常 家电ETF: All arrays must be of the same length
2026-07-24 23:42:06 | DEBUG | [20260724_234151] 信号异常 医药ETF: All arrays must be of the same length
2026-07-24 23:42:06 | DEBUG | [20260724_234151] 信号异常 创新药ETF: All arrays must be of the same length
2026-07-24 23:42:06 | DEBUG | [20260724_234151] 信号异常 医疗ETF: All arrays must be of the same length
2026-07-24 23:42:06 | DEBUG | [20260724_234151] 信号异常 计算机ETF: All arrays must be of the same length
2026-07-24 23:42:06 | DEBUG | [20260724_234151] 信号异常 人工智能ETF: All arrays must be of the same length
2026-07-24 23:42:06 | DEBUG | [20260724_234151] 信号异常 新能源车ETF: All arrays must be of the same length
2026-07-24 23:42:06 | DEBUG | [20260724_234151] 信号异常 电力ETF: All arrays must be of the same length
2026-07-24 23:42:06 | DEBUG | [20260724_234151] 信号异常 光伏ETF: All arrays must be of the same length
2026-07-24 23:42:06 | DEBUG | [20260724_234151] 信号异常 军工ETF: All arrays must be of the same length
2026-07-24 23:42:06 | DEBUG | [20260724_234151] 信号异常 国防ETF: All arrays must be of the same length
2026-07-24 23:42:06 | DEBUG | [20260724_234151] 信号异常 稀土ETF: All arrays must be of the same length
2026-07-24 23:42:06 | DEBUG | [20260724_234151] 信号异常 有色金属ETF: All arrays must be of the same length
2026-07-24 23:42:06 | DEBUG | [20260724_234151] 信号异常 煤炭ETF: All arrays must be of the same length
2026-07-24 23:42:06 | DEBUG | [20260724_234151] 信号异常 化工ETF: All arrays must be of the same length
2026-07-24 23:42:06 | DEBUG | [20260724_234151] 信号异常 钢铁ETF: All arrays must be of the same length
2026-07-24 23:42:06 | DEBUG | [20260724_234151] 信号异常 油气ETF: All arrays must be of the same length
2026-07-24 23:42:06 | DEBUG | [20260724_234151] 信号异常 传媒ETF: All arrays must be of the same length
2026-07-24 23:42:06 | DEBUG | [20260724_234151] 信号异常 游戏ETF: All arrays must be of the same length
2026-07-24 23:42:06 | DEBUG | [20260724_234151] 信号异常 机器人ETF: All arrays must be of the same length
2026-07-24 23:42:06 | DEBUG | [20260724_234151] 信号异常 汽车ETF: All arrays must be of the same length
2026-07-24 23:42:06 | DEBUG | [20260724_234151] 信号异常 基建ETF: All arrays must be of the same length
2026-07-24 23:42:06 | DEBUG | [20260724_234151] 信号异常 红利ETF: All arrays must be of the same length
2026-07-24 23:42:06 | DEBUG | [20260724_234151] 信号异常 中证红利ETF: All arrays must be of the same length
2026-07-24 23:42:06 | WARNING | [20260724_234151] 2025-11-10 回测异常: Account.holdings_value() missing 1 required positional argument: 'prices'
2026-07-24 23:42:06 | DEBUG | [20260724_234151] 信号异常 中证500ETF: All arrays must be of the same length
2026-07-24 23:42:06 | DEBUG | [20260724_234151] 信号异常 中证1000ETF: All arrays must be of the same length
2026-07-24 23:42:06 | DEBUG | [20260724_234151] 信号异常 银行ETF: All arrays must be of the same length
2026-07-24 23:42:06 | DEBUG | [20260724_234151] 信号异常 券商ETF: All arrays must be of the same length
2026-07-24 23:42:06 | DEBUG | [20260724_234151] 信号异常 房地产ETF: All arrays must be of the same length
2026-07-24 23:42:06 | DEBUG | [20260724_234151] 信号异常 食品饮料ETF: All arrays must be of the same length
2026-07-24 23:42:06 | DEBUG | [20260724_234151] 信号异常 养殖ETF: All arrays must be of the same length
2026-07-24 23:42:06 | DEBUG | [20260724_234151] 信号异常 酒ETF: All arrays must be of the same length
2026-07-24 23:42:06 | DEBUG | [20260724_234151] 信号异常 家电ETF: All arrays must be of the same length
2026-07-24 23:42:06 | DEBUG | [20260724_234151] 信号异常 医药ETF: All arrays must be of the same length
2026-07-24 23:42:06 | DEBUG | [20260724_234151] 信号异常 创新药ETF: All arrays must be of the same length
2026-07-24 23:42:06 | DEBUG | [20260724_234151] 信号异常 医疗ETF: All arrays must be of the same length
2026-07-24 23:42:06 | DEBUG | [20260724_234151] 信号异常 计算机ETF: All arrays must be of the same length
2026-07-24 23:42:06 | DEBUG | [20260724_234151] 信号异常 人工智能ETF: All arrays must be of the same length
2026-07-24 23:42:06 | DEBUG | [20260724_234151] 信号异常 新能源车ETF: All arrays must be of the same length
2026-07-24 23:42:06 | DEBUG | [20260724_234151] 信号异常 电力ETF: All arrays must be of the same length
2026-07-24 23:42:06 | DEBUG | [20260724_234151] 信号异常 光伏ETF: All arrays must be of the same length
2026-07-24 23:42:06 | DEBUG | [20260724_234151] 信号异常 军工ETF: All arrays must be of the same length
2026-07-24 23:42:06 | DEBUG | [20260724_234151] 信号异常 国防ETF: All arrays must be of the same length
2026-07-24 23:42:06 | DEBUG | [20260724_234151] 信号异常 稀土ETF: All arrays must be of the same length
2026-07-24 23:42:06 | DEBUG | [20260724_234151] 信号异常 有色金属ETF: All arrays must be of the same length
2026-07-24 23:42:06 | DEBUG | [20260724_234151] 信号异常 煤炭ETF: All arrays must be of the same length
2026-07-24 23:42:06 | DEBUG | [20260724_234151] 信号异常 化工ETF: All arrays must be of the same length
2026-07-24 23:42:06 | DEBUG | [20260724_234151] 信号异常 钢铁ETF: All arrays must be of the same length
2026-07-24 23:42:06 | DEBUG | [20260724_234151] 信号异常 油气ETF: All arrays must be of the same length
2026-07-24 23:42:06 | DEBUG | [20260724_234151] 信号异常 传媒ETF: All arrays must be of the same length
2026-07-24 23:42:06 | DEBUG | [20260724_234151] 信号异常 游戏ETF: All arrays must be of the same length
2026-07-24 23:42:06 | DEBUG | [20260724_234151] 信号异常 机器人ETF: All arrays must be of the same length
2026-07-24 23:42:06 | DEBUG | [20260724_234151] 信号异常 汽车ETF: All arrays must be of the same length
2026-07-24 23:42:06 | DEBUG | [20260724_234151] 信号异常 基建ETF: All arrays must be of the same length
2026-07-24 23:42:06 | DEBUG | [20260724_234151] 信号异常 红利ETF: All arrays must be of the same length
2026-07-24 23:42:06 | DEBUG | [20260724_234151] 信号异常 中证红利ETF: All arrays must be of the same length
2026-07-24 23:42:06 | WARNING | [20260724_234151] 2025-11-11 回测异常: Account.holdings_value() missing 1 required positional argument: 'prices'
2026-07-24 23:42:06 | DEBUG | [20260724_234151] 信号异常 中证500ETF: All arrays must be of the same length
2026-07-24 23:42:06 | DEBUG | [20260724_234151] 信号异常 中证1000ETF: All arrays must be of the same length
2026-07-24 23:42:06 | DEBUG | [20260724_234151] 信号异常 银行ETF: All arrays must be of the same length
2026-07-24 23:42:06 | DEBUG | [20260724_234151] 信号异常 券商ETF: All arrays must be of the same length
2026-07-24 23:42:06 | DEBUG | [20260724_234151] 信号异常 房地产ETF: All arrays must be of the same length
2026-07-24 23:42:06 | DEBUG | [20260724_234151] 信号异常 食品饮料ETF: All arrays must be of the same length
2026-07-24 23:42:06 | DEBUG | [20260724_234151] 信号异常 养殖ETF: All arrays must be of the same length
2026-07-24 23:42:06 | DEBUG | [20260724_234151] 信号异常 酒ETF: All arrays must be of the same length
2026-07-24 23:42:06 | DEBUG | [20260724_234151] 信号异常 家电ETF: All arrays must be of the same length
2026-07-24 23:42:06 | DEBUG | [20260724_234151] 信号异常 医药ETF: All arrays must be of the same length
2026-07-24 23:42:06 | DEBUG | [20260724_234151] 信号异常 创新药ETF: All arrays must be of the same length
2026-07-24 23:42:06 | DEBUG | [20260724_234151] 信号异常 医疗ETF: All arrays must be of the same length
2026-07-24 23:42:06 | DEBUG | [20260724_234151] 信号异常 计算机ETF: All arrays must be of the same length
2026-07-24 23:42:06 | DEBUG | [20260724_234151] 信号异常 人工智能ETF: All arrays must be of the same length
2026-07-24 23:42:06 | DEBUG | [20260724_234151] 信号异常 新能源车ETF: All arrays must be of the same length
2026-07-24 23:42:06 | DEBUG | [20260724_234151] 信号异常 电力ETF: All arrays must be of the same length
2026-07-24 23:42:06 | DEBUG | [20260724_234151] 信号异常 光伏ETF: All arrays must be of the same length
2026-07-24 23:42:06 | DEBUG | [20260724_234151] 信号异常 军工ETF: All arrays must be of the same length
2026-07-24 23:42:06 | DEBUG | [20260724_234151] 信号异常 国防ETF: All arrays must be of the same length
2026-07-24 23:42:06 | DEBUG | [20260724_234151] 信号异常 稀土ETF: All arrays must be of the same length
2026-07-24 23:42:06 | DEBUG | [20260724_234151] 信号异常 有色金属ETF: All arrays must be of the same length
2026-07-24 23:42:06 | DEBUG | [20260724_234151] 信号异常 煤炭ETF: All arrays must be of the same length
2026-07-24 23:42:06 | DEBUG | [20260724_234151] 信号异常 化工ETF: All arrays must be of the same length
2026-07-24 23:42:06 | DEBUG | [20260724_234151] 信号异常 钢铁ETF: All arrays must be of the same length
2026-07-24 23:42:06 | DEBUG | [20260724_234151] 信号异常 油气ETF: All arrays must be of the same length
2026-07-24 23:42:06 | DEBUG | [20260724_234151] 信号异常 传媒ETF: All arrays must be of the same length
2026-07-24 23:42:06 | DEBUG | [20260724_234151] 信号异常 游戏ETF: All arrays must be of the same length
2026-07-24 23:42:06 | DEBUG | [20260724_234151] 信号异常 机器人ETF: All arrays must be of the same length
2026-07-24 23:42:06 | DEBUG | [20260724_234151] 信号异常 汽车ETF: All arrays must be of the same length
2026-07-24 23:42:06 | DEBUG | [20260724_234151] 信号异常 基建ETF: All arrays must be of the same length
2026-07-24 23:42:06 | DEBUG | [20260724_234151] 信号异常 红利ETF: All arrays must be of the same length
2026-07-24 23:42:06 | DEBUG | [20260724_234151] 信号异常 中证红利ETF: All arrays must be of the same length
2026-07-24 23:42:06 | WARNING | [20260724_234151] 2025-11-12 回测异常: Account.holdings_value() missing 1 required positional argument: 'prices'
2026-07-24 23:42:06 | DEBUG | [20260724_234151] 信号异常 中证500ETF: All arrays must be of the same length
2026-07-24 23:42:06 | DEBUG | [20260724_234151] 信号异常 中证1000ETF: All arrays must be of the same length
2026-07-24 23:42:06 | DEBUG | [20260724_234151] 信号异常 银行ETF: All arrays must be of the same length
2026-07-24 23:42:06 | DEBUG | [20260724_234151] 信号异常 券商ETF: All arrays must be of the same length
2026-07-24 23:42:06 | DEBUG | [20260724_234151] 信号异常 房地产ETF: All arrays must be of the same length
2026-07-24 23:42:06 | DEBUG | [20260724_234151] 信号异常 食品饮料ETF: All arrays must be of the same length
2026-07-24 23:42:06 | DEBUG | [20260724_234151] 信号异常 养殖ETF: All arrays must be of the same length
2026-07-24 23:42:06 | DEBUG | [20260724_234151] 信号异常 酒ETF: All arrays must be of the same length
2026-07-24 23:42:06 | DEBUG | [20260724_234151] 信号异常 家电ETF: All arrays must be of the same length
2026-07-24 23:42:06 | DEBUG | [20260724_234151] 信号异常 医药ETF: All arrays must be of the same length
2026-07-24 23:42:06 | DEBUG | [20260724_234151] 信号异常 创新药ETF: All arrays must be of the same length
2026-07-24 23:42:06 | DEBUG | [20260724_234151] 信号异常 医疗ETF: All arrays must be of the same length
2026-07-24 23:42:06 | DEBUG | [20260724_234151] 信号异常 计算机ETF: All arrays must be of the same length
2026-07-24 23:42:06 | DEBUG | [20260724_234151] 信号异常 人工智能ETF: All arrays must be of the same length
2026-07-24 23:42:06 | DEBUG | [20260724_234151] 信号异常 新能源车ETF: All arrays must be of the same length
2026-07-24 23:42:06 | DEBUG | [20260724_234151] 信号异常 电力ETF: All arrays must be of the same length
2026-07-24 23:42:06 | DEBUG | [20260724_234151] 信号异常 光伏ETF: All arrays must be of the same length
2026-07-24 23:42:06 | DEBUG | [20260724_234151] 信号异常 军工ETF: All arrays must be of the same length
2026-07-24 23:42:06 | DEBUG | [20260724_234151] 信号异常 国防ETF: All arrays must be of the same length
2026-07-24 23:42:06 | DEBUG | [20260724_234151] 信号异常 稀土ETF: All arrays must be of the same length
2026-07-24 23:42:06 | DEBUG | [20260724_234151] 信号异常 有色金属ETF: All arrays must be of the same length
2026-07-24 23:42:06 | DEBUG | [20260724_234151] 信号异常 煤炭ETF: All arrays must be of the same length
2026-07-24 23:42:06 | DEBUG | [20260724_234151] 信号异常 化工ETF: All arrays must be of the same length
2026-07-24 23:42:06 | DEBUG | [20260724_234151] 信号异常 钢铁ETF: All arrays must be of the same length
2026-07-24 23:42:06 | DEBUG | [20260724_234151] 信号异常 油气ETF: All arrays must be of the same length
2026-07-24 23:42:06 | DEBUG | [20260724_234151] 信号异常 传媒ETF: All arrays must be of the same length
2026-07-24 23:42:06 | DEBUG | [20260724_234151] 信号异常 游戏ETF: All arrays must be of the same length
2026-07-24 23:42:06 | DEBUG | [20260724_234151] 信号异常 机器人ETF: All arrays must be of the same length
2026-07-24 23:42:06 | DEBUG | [20260724_234151] 信号异常 汽车ETF: All arrays must be of the same length
2026-07-24 23:42:06 | DEBUG | [20260724_234151] 信号异常 基建ETF: All arrays must be of the same length
2026-07-24 23:42:06 | DEBUG | [20260724_234151] 信号异常 红利ETF: All arrays must be of the same length
2026-07-24 23:42:06 | DEBUG | [20260724_234151] 信号异常 中证红利ETF: All arrays must be of the same length
2026-07-24 23:42:06 | WARNING | [20260724_234151] 2025-11-13 回测异常: Account.holdings_value() missing 1 required positional argument: 'prices'
2026-07-24 23:42:06 | DEBUG | [20260724_234151] 信号异常 中证500ETF: All arrays must be of the same length
2026-07-24 23:42:06 | DEBUG | [20260724_234151] 信号异常 中证1000ETF: All arrays must be of the same length
2026-07-24 23:42:06 | DEBUG | [20260724_234151] 信号异常 银行ETF: All arrays must be of the same length
2026-07-24 23:42:06 | DEBUG | [20260724_234151] 信号异常 券商ETF: All arrays must be of the same length
2026-07-24 23:42:06 | DEBUG | [20260724_234151] 信号异常 房地产ETF: All arrays must be of the same length
2026-07-24 23:42:06 | DEBUG | [20260724_234151] 信号异常 食品饮料ETF: All arrays must be of the same length
2026-07-24 23:42:06 | DEBUG | [20260724_234151] 信号异常 养殖ETF: All arrays must be of the same length
2026-07-24 23:42:06 | DEBUG | [20260724_234151] 信号异常 酒ETF: All arrays must be of the same length
2026-07-24 23:42:06 | DEBUG | [20260724_234151] 信号异常 家电ETF: All arrays must be of the same length
2026-07-24 23:42:06 | DEBUG | [20260724_234151] 信号异常 医药ETF: All arrays must be of the same length
2026-07-24 23:42:06 | DEBUG | [20260724_234151] 信号异常 创新药ETF: All arrays must be of the same length
2026-07-24 23:42:06 | DEBUG | [20260724_234151] 信号异常 医疗ETF: All arrays must be of the same length
2026-07-24 23:42:06 | DEBUG | [20260724_234151] 信号异常 计算机ETF: All arrays must be of the same length
2026-07-24 23:42:06 | DEBUG | [20260724_234151] 信号异常 人工智能ETF: All arrays must be of the same length
2026-07-24 23:42:06 | DEBUG | [20260724_234151] 信号异常 新能源车ETF: All arrays must be of the same length
2026-07-24 23:42:06 | DEBUG | [20260724_234151] 信号异常 电力ETF: All arrays must be of the same length
2026-07-24 23:42:06 | DEBUG | [20260724_234151] 信号异常 光伏ETF: All arrays must be of the same length
2026-07-24 23:42:06 | DEBUG | [20260724_234151] 信号异常 军工ETF: All arrays must be of the same length
2026-07-24 23:42:06 | DEBUG | [20260724_234151] 信号异常 国防ETF: All arrays must be of the same length
2026-07-24 23:42:06 | DEBUG | [20260724_234151] 信号异常 稀土ETF: All arrays must be of the same length
2026-07-24 23:42:06 | DEBUG | [20260724_234151] 信号异常 有色金属ETF: All arrays must be of the same length
2026-07-24 23:42:06 | DEBUG | [20260724_234151] 信号异常 煤炭ETF: All arrays must be of the same length
2026-07-24 23:42:06 | DEBUG | [20260724_234151] 信号异常 化工ETF: All arrays must be of the same length
2026-07-24 23:42:06 | DEBUG | [20260724_234151] 信号异常 钢铁ETF: All arrays must be of the same length
2026-07-24 23:42:06 | DEBUG | [20260724_234151] 信号异常 油气ETF: All arrays must be of the same length
2026-07-24 23:42:06 | DEBUG | [20260724_234151] 信号异常 传媒ETF: All arrays must be of the same length
2026-07-24 23:42:06 | DEBUG | [20260724_234151] 信号异常 游戏ETF: All arrays must be of the same length
2026-07-24 23:42:06 | DEBUG | [20260724_234151] 信号异常 机器人ETF: All arrays must be of the same length
2026-07-24 23:42:06 | DEBUG | [20260724_234151] 信号异常 汽车ETF: All arrays must be of the same length
2026-07-24 23:42:06 | DEBUG | [20260724_234151] 信号异常 基建ETF: All arrays must be of the same length
2026-07-24 23:42:06 | DEBUG | [20260724_234151] 信号异常 红利ETF: All arrays must be of the same length
2026-07-24 23:42:06 | DEBUG | [20260724_234151] 信号异常 中证红利ETF: All arrays must be of the same length
2026-07-24 23:42:06 | WARNING | [20260724_234151] 2025-11-14 回测异常: Account.holdings_value() missing 1 required positional argument: 'prices'
2026-07-24 23:42:06 | DEBUG | [20260724_234151] 信号异常 中证500ETF: All arrays must be of the same length
2026-07-24 23:42:06 | DEBUG | [20260724_234151] 信号异常 中证1000ETF: All arrays must be of the same length
2026-07-24 23:42:06 | DEBUG | [20260724_234151] 信号异常 银行ETF: All arrays must be of the same length
2026-07-24 23:42:06 | DEBUG | [20260724_234151] 信号异常 券商ETF: All arrays must be of the same length
2026-07-24 23:42:06 | DEBUG | [20260724_234151] 信号异常 房地产ETF: All arrays must be of the same length
2026-07-24 23:42:06 | DEBUG | [20260724_234151] 信号异常 食品饮料ETF: All arrays must be of the same length
2026-07-24 23:42:06 | DEBUG | [20260724_234151] 信号异常 养殖ETF: All arrays must be of the same length
2026-07-24 23:42:06 | DEBUG | [20260724_234151] 信号异常 酒ETF: All arrays must be of the same length
2026-07-24 23:42:06 | DEBUG | [20260724_234151] 信号异常 家电ETF: All arrays must be of the same length
2026-07-24 23:42:06 | DEBUG | [20260724_234151] 信号异常 医药ETF: All arrays must be of the same length
2026-07-24 23:42:06 | DEBUG | [20260724_234151] 信号异常 创新药ETF: All arrays must be of the same length
2026-07-24 23:42:06 | DEBUG | [20260724_234151] 信号异常 医疗ETF: All arrays must be of the same length
2026-07-24 23:42:06 | DEBUG | [20260724_234151] 信号异常 计算机ETF: All arrays must be of the same length
2026-07-24 23:42:06 | DEBUG | [20260724_234151] 信号异常 人工智能ETF: All arrays must be of the same length
2026-07-24 23:42:06 | DEBUG | [20260724_234151] 信号异常 新能源车ETF: All arrays must be of the same length
2026-07-24 23:42:06 | DEBUG | [20260724_234151] 信号异常 电力ETF: All arrays must be of the same length
2026-07-24 23:42:06 | DEBUG | [20260724_234151] 信号异常 光伏ETF: All arrays must be of the same length
2026-07-24 23:42:06 | DEBUG | [20260724_234151] 信号异常 军工ETF: All arrays must be of the same length
2026-07-24 23:42:06 | DEBUG | [20260724_234151] 信号异常 国防ETF: All arrays must be of the same length
2026-07-24 23:42:06 | DEBUG | [20260724_234151] 信号异常 稀土ETF: All arrays must be of the same length
2026-07-24 23:42:06 | DEBUG | [20260724_234151] 信号异常 有色金属ETF: All arrays must be of the same length
2026-07-24 23:42:06 | DEBUG | [20260724_234151] 信号异常 煤炭ETF: All arrays must be of the same length
2026-07-24 23:42:06 | DEBUG | [20260724_234151] 信号异常 化工ETF: All arrays must be of the same length
2026-07-24 23:42:06 | DEBUG | [20260724_234151] 信号异常 钢铁ETF: All arrays must be of the same length
2026-07-24 23:42:06 | DEBUG | [20260724_234151] 信号异常 油气ETF: All arrays must be of the same length
2026-07-24 23:42:06 | DEBUG | [20260724_234151] 信号异常 传媒ETF: All arrays must be of the same length
2026-07-24 23:42:06 | DEBUG | [20260724_234151] 信号异常 游戏ETF: All arrays must be of the same length
2026-07-24 23:42:06 | DEBUG | [20260724_234151] 信号异常 机器人ETF: All arrays must be of the same length
2026-07-24 23:42:06 | DEBUG | [20260724_234151] 信号异常 汽车ETF: All arrays must be of the same length
2026-07-24 23:42:06 | DEBUG | [20260724_234151] 信号异常 基建ETF: All arrays must be of the same length
2026-07-24 23:42:06 | DEBUG | [20260724_234151] 信号异常 红利ETF: All arrays must be of the same length
2026-07-24 23:42:06 | DEBUG | [20260724_234151] 信号异常 中证红利ETF: All arrays must be of the same length
2026-07-24 23:42:06 | WARNING | [20260724_234151] 2025-11-17 回测异常: Account.holdings_value() missing 1 required positional argument: 'prices'
2026-07-24 23:42:06 | DEBUG | [20260724_234151] 信号异常 中证500ETF: All arrays must be of the same length
2026-07-24 23:42:06 | DEBUG | [20260724_234151] 信号异常 中证1000ETF: All arrays must be of the same length
2026-07-24 23:42:06 | DEBUG | [20260724_234151] 信号异常 银行ETF: All arrays must be of the same length
2026-07-24 23:42:06 | DEBUG | [20260724_234151] 信号异常 券商ETF: All arrays must be of the same length
2026-07-24 23:42:06 | DEBUG | [20260724_234151] 信号异常 房地产ETF: All arrays must be of the same length
2026-07-24 23:42:06 | DEBUG | [20260724_234151] 信号异常 食品饮料ETF: All arrays must be of the same length
2026-07-24 23:42:06 | DEBUG | [20260724_234151] 信号异常 养殖ETF: All arrays must be of the same length
2026-07-24 23:42:06 | DEBUG | [20260724_234151] 信号异常 酒ETF: All arrays must be of the same length
2026-07-24 23:42:06 | DEBUG | [20260724_234151] 信号异常 家电ETF: All arrays must be of the same length
2026-07-24 23:42:06 | DEBUG | [20260724_234151] 信号异常 医药ETF: All arrays must be of the same length
2026-07-24 23:42:06 | DEBUG | [20260724_234151] 信号异常 创新药ETF: All arrays must be of the same length
2026-07-24 23:42:06 | DEBUG | [20260724_234151] 信号异常 医疗ETF: All arrays must be of the same length
2026-07-24 23:42:06 | DEBUG | [20260724_234151] 信号异常 计算机ETF: All arrays must be of the same length
2026-07-24 23:42:06 | DEBUG | [20260724_234151] 信号异常 人工智能ETF: All arrays must be of the same length
2026-07-24 23:42:06 | DEBUG | [20260724_234151] 信号异常 新能源车ETF: All arrays must be of the same length
2026-07-24 23:42:06 | DEBUG | [20260724_234151] 信号异常 电力ETF: All arrays must be of the same length
2026-07-24 23:42:06 | DEBUG | [20260724_234151] 信号异常 光伏ETF: All arrays must be of the same length
2026-07-24 23:42:06 | DEBUG | [20260724_234151] 信号异常 军工ETF: All arrays must be of the same length
2026-07-24 23:42:06 | DEBUG | [20260724_234151] 信号异常 国防ETF: All arrays must be of the same length
2026-07-24 23:42:06 | DEBUG | [20260724_234151] 信号异常 稀土ETF: All arrays must be of the same length
2026-07-24 23:42:06 | DEBUG | [20260724_234151] 信号异常 有色金属ETF: All arrays must be of the same length
2026-07-24 23:42:06 | DEBUG | [20260724_234151] 信号异常 煤炭ETF: All arrays must be of the same length
2026-07-24 23:42:06 | DEBUG | [20260724_234151] 信号异常 化工ETF: All arrays must be of the same length
2026-07-24 23:42:06 | DEBUG | [20260724_234151] 信号异常 钢铁ETF: All arrays must be of the same length
2026-07-24 23:42:06 | DEBUG | [20260724_234151] 信号异常 油气ETF: All arrays must be of the same length
2026-07-24 23:42:06 | DEBUG | [20260724_234151] 信号异常 传媒ETF: All arrays must be of the same length
2026-07-24 23:42:06 | DEBUG | [20260724_234151] 信号异常 游戏ETF: All arrays must be of the same length
2026-07-24 23:42:06 | DEBUG | [20260724_234151] 信号异常 机器人ETF: All arrays must be of the same length
2026-07-24 23:42:06 | DEBUG | [20260724_234151] 信号异常 汽车ETF: All arrays must be of the same length
2026-07-24 23:42:06 | DEBUG | [20260724_234151] 信号异常 基建ETF: All arrays must be of the same length
2026-07-24 23:42:06 | DEBUG | [20260724_234151] 信号异常 红利ETF: All arrays must be of the same length
2026-07-24 23:42:06 | DEBUG | [20260724_234151] 信号异常 中证红利ETF: All arrays must be of the same length
2026-07-24 23:42:06 | WARNING | [20260724_234151] 2025-11-18 回测异常: Account.holdings_value() missing 1 required positional argument: 'prices'
2026-07-24 23:42:06 | DEBUG | [20260724_234151] 信号异常 中证500ETF: All arrays must be of the same length
2026-07-24 23:42:06 | DEBUG | [20260724_234151] 信号异常 中证1000ETF: All arrays must be of the same length
2026-07-24 23:42:07 | DEBUG | [20260724_234151] 信号异常 银行ETF: All arrays must be of the same length
2026-07-24 23:42:07 | DEBUG | [20260724_234151] 信号异常 券商ETF: All arrays must be of the same length
2026-07-24 23:42:07 | DEBUG | [20260724_234151] 信号异常 房地产ETF: All arrays must be of the same length
2026-07-24 23:42:07 | DEBUG | [20260724_234151] 信号异常 食品饮料ETF: All arrays must be of the same length
2026-07-24 23:42:07 | DEBUG | [20260724_234151] 信号异常 养殖ETF: All arrays must be of the same length
2026-07-24 23:42:07 | DEBUG | [20260724_234151] 信号异常 酒ETF: All arrays must be of the same length
2026-07-24 23:42:07 | DEBUG | [20260724_234151] 信号异常 家电ETF: All arrays must be of the same length
2026-07-24 23:42:07 | DEBUG | [20260724_234151] 信号异常 医药ETF: All arrays must be of the same length
2026-07-24 23:42:07 | DEBUG | [20260724_234151] 信号异常 创新药ETF: All arrays must be of the same length
2026-07-24 23:42:07 | DEBUG | [20260724_234151] 信号异常 医疗ETF: All arrays must be of the same length
2026-07-24 23:42:07 | DEBUG | [20260724_234151] 信号异常 计算机ETF: All arrays must be of the same length
2026-07-24 23:42:07 | DEBUG | [20260724_234151] 信号异常 人工智能ETF: All arrays must be of the same length
2026-07-24 23:42:07 | DEBUG | [20260724_234151] 信号异常 新能源车ETF: All arrays must be of the same length
2026-07-24 23:42:07 | DEBUG | [20260724_234151] 信号异常 电力ETF: All arrays must be of the same length
2026-07-24 23:42:07 | DEBUG | [20260724_234151] 信号异常 光伏ETF: All arrays must be of the same length
2026-07-24 23:42:07 | DEBUG | [20260724_234151] 信号异常 军工ETF: All arrays must be of the same length
2026-07-24 23:42:07 | DEBUG | [20260724_234151] 信号异常 国防ETF: All arrays must be of the same length
2026-07-24 23:42:07 | DEBUG | [20260724_234151] 信号异常 稀土ETF: All arrays must be of the same length
2026-07-24 23:42:07 | DEBUG | [20260724_234151] 信号异常 有色金属ETF: All arrays must be of the same length
2026-07-24 23:42:07 | DEBUG | [20260724_234151] 信号异常 煤炭ETF: All arrays must be of the same length
2026-07-24 23:42:07 | DEBUG | [20260724_234151] 信号异常 化工ETF: All arrays must be of the same length
2026-07-24 23:42:07 | DEBUG | [20260724_234151] 信号异常 钢铁ETF: All arrays must be of the same length
2026-07-24 23:42:07 | DEBUG | [20260724_234151] 信号异常 油气ETF: All arrays must be of the same length
2026-07-24 23:42:07 | DEBUG | [20260724_234151] 信号异常 传媒ETF: All arrays must be of the same length
2026-07-24 23:42:07 | DEBUG | [20260724_234151] 信号异常 游戏ETF: All arrays must be of the same length
2026-07-24 23:42:07 | DEBUG | [20260724_234151] 信号异常 机器人ETF: All arrays must be of the same length
2026-07-24 23:42:07 | DEBUG | [20260724_234151] 信号异常 汽车ETF: All arrays must be of the same length
2026-07-24 23:42:07 | DEBUG | [20260724_234151] 信号异常 基建ETF: All arrays must be of the same length
2026-07-24 23:42:07 | DEBUG | [20260724_234151] 信号异常 红利ETF: All arrays must be of the same length
2026-07-24 23:42:07 | DEBUG | [20260724_234151] 信号异常 中证红利ETF: All arrays must be of the same length
2026-07-24 23:42:07 | WARNING | [20260724_234151] 2025-11-19 回测异常: Account.holdings_value() missing 1 required positional argument: 'prices'
2026-07-24 23:42:07 | DEBUG | [20260724_234151] 信号异常 中证500ETF: All arrays must be of the same length
2026-07-24 23:42:07 | DEBUG | [20260724_234151] 信号异常 中证1000ETF: All arrays must be of the same length
2026-07-24 23:42:07 | DEBUG | [20260724_234151] 信号异常 银行ETF: All arrays must be of the same length
2026-07-24 23:42:07 | DEBUG | [20260724_234151] 信号异常 券商ETF: All arrays must be of the same length
2026-07-24 23:42:07 | DEBUG | [20260724_234151] 信号异常 房地产ETF: All arrays must be of the same length
2026-07-24 23:42:07 | DEBUG | [20260724_234151] 信号异常 食品饮料ETF: All arrays must be of the same length
2026-07-24 23:42:07 | DEBUG | [20260724_234151] 信号异常 养殖ETF: All arrays must be of the same length
2026-07-24 23:42:07 | DEBUG | [20260724_234151] 信号异常 酒ETF: All arrays must be of the same length
2026-07-24 23:42:07 | DEBUG | [20260724_234151] 信号异常 家电ETF: All arrays must be of the same length
2026-07-24 23:42:07 | DEBUG | [20260724_234151] 信号异常 医药ETF: All arrays must be of the same length
2026-07-24 23:42:07 | DEBUG | [20260724_234151] 信号异常 创新药ETF: All arrays must be of the same length
2026-07-24 23:42:07 | DEBUG | [20260724_234151] 信号异常 医疗ETF: All arrays must be of the same length
2026-07-24 23:42:07 | DEBUG | [20260724_234151] 信号异常 计算机ETF: All arrays must be of the same length
2026-07-24 23:42:07 | DEBUG | [20260724_234151] 信号异常 人工智能ETF: All arrays must be of the same length
2026-07-24 23:42:07 | DEBUG | [20260724_234151] 信号异常 新能源车ETF: All arrays must be of the same length
2026-07-24 23:42:07 | DEBUG | [20260724_234151] 信号异常 电力ETF: All arrays must be of the same length
2026-07-24 23:42:07 | DEBUG | [20260724_234151] 信号异常 光伏ETF: All arrays must be of the same length
2026-07-24 23:42:07 | DEBUG | [20260724_234151] 信号异常 军工ETF: All arrays must be of the same length
2026-07-24 23:42:07 | DEBUG | [20260724_234151] 信号异常 国防ETF: All arrays must be of the same length
2026-07-24 23:42:07 | DEBUG | [20260724_234151] 信号异常 稀土ETF: All arrays must be of the same length
2026-07-24 23:42:07 | DEBUG | [20260724_234151] 信号异常 有色金属ETF: All arrays must be of the same length
2026-07-24 23:42:07 | DEBUG | [20260724_234151] 信号异常 煤炭ETF: All arrays must be of the same length
2026-07-24 23:42:07 | DEBUG | [20260724_234151] 信号异常 化工ETF: All arrays must be of the same length
2026-07-24 23:42:07 | DEBUG | [20260724_234151] 信号异常 钢铁ETF: All arrays must be of the same length
2026-07-24 23:42:07 | DEBUG | [20260724_234151] 信号异常 油气ETF: All arrays must be of the same length
2026-07-24 23:42:07 | DEBUG | [20260724_234151] 信号异常 传媒ETF: All arrays must be of the same length
2026-07-24 23:42:07 | DEBUG | [20260724_234151] 信号异常 游戏ETF: All arrays must be of the same length
2026-07-24 23:42:07 | DEBUG | [20260724_234151] 信号异常 机器人ETF: All arrays must be of the same length
2026-07-24 23:42:07 | DEBUG | [20260724_234151] 信号异常 汽车ETF: All arrays must be of the same length
2026-07-24 23:42:07 | DEBUG | [20260724_234151] 信号异常 基建ETF: All arrays must be of the same length
2026-07-24 23:42:07 | DEBUG | [20260724_234151] 信号异常 红利ETF: All arrays must be of the same length
2026-07-24 23:42:07 | DEBUG | [20260724_234151] 信号异常 中证红利ETF: All arrays must be of the same length
2026-07-24 23:42:07 | WARNING | [20260724_234151] 2025-11-20 回测异常: Account.holdings_value() missing 1 required positional argument: 'prices'
2026-07-24 23:42:07 | DEBUG | [20260724_234151] 信号异常 中证500ETF: All arrays must be of the same length
2026-07-24 23:42:07 | DEBUG | [20260724_234151] 信号异常 中证1000ETF: All arrays must be of the same length
2026-07-24 23:42:07 | DEBUG | [20260724_234151] 信号异常 银行ETF: All arrays must be of the same length
2026-07-24 23:42:07 | DEBUG | [20260724_234151] 信号异常 券商ETF: All arrays must be of the same length
2026-07-24 23:42:07 | DEBUG | [20260724_234151] 信号异常 房地产ETF: All arrays must be of the same length
2026-07-24 23:42:07 | DEBUG | [20260724_234151] 信号异常 食品饮料ETF: All arrays must be of the same length
2026-07-24 23:42:07 | DEBUG | [20260724_234151] 信号异常 养殖ETF: All arrays must be of the same length
2026-07-24 23:42:07 | DEBUG | [20260724_234151] 信号异常 酒ETF: All arrays must be of the same length
2026-07-24 23:42:07 | DEBUG | [20260724_234151] 信号异常 家电ETF: All arrays must be of the same length
2026-07-24 23:42:07 | DEBUG | [20260724_234151] 信号异常 医药ETF: All arrays must be of the same length
2026-07-24 23:42:07 | DEBUG | [20260724_234151] 信号异常 创新药ETF: All arrays must be of the same length
2026-07-24 23:42:07 | DEBUG | [20260724_234151] 信号异常 医疗ETF: All arrays must be of the same length
2026-07-24 23:42:07 | DEBUG | [20260724_234151] 信号异常 计算机ETF: All arrays must be of the same length
2026-07-24 23:42:07 | DEBUG | [20260724_234151] 信号异常 人工智能ETF: All arrays must be of the same length
2026-07-24 23:42:07 | DEBUG | [20260724_234151] 信号异常 新能源车ETF: All arrays must be of the same length
2026-07-24 23:42:07 | DEBUG | [20260724_234151] 信号异常 电力ETF: All arrays must be of the same length
2026-07-24 23:42:07 | DEBUG | [20260724_234151] 信号异常 光伏ETF: All arrays must be of the same length
2026-07-24 23:42:07 | DEBUG | [20260724_234151] 信号异常 军工ETF: All arrays must be of the same length
2026-07-24 23:42:07 | DEBUG | [20260724_234151] 信号异常 国防ETF: All arrays must be of the same length
2026-07-24 23:42:07 | DEBUG | [20260724_234151] 信号异常 稀土ETF: All arrays must be of the same length
2026-07-24 23:42:07 | DEBUG | [20260724_234151] 信号异常 有色金属ETF: All arrays must be of the same length
2026-07-24 23:42:07 | DEBUG | [20260724_234151] 信号异常 煤炭ETF: All arrays must be of the same length
2026-07-24 23:42:07 | DEBUG | [20260724_234151] 信号异常 化工ETF: All arrays must be of the same length
2026-07-24 23:42:07 | DEBUG | [20260724_234151] 信号异常 钢铁ETF: All arrays must be of the same length
2026-07-24 23:42:07 | DEBUG | [20260724_234151] 信号异常 油气ETF: All arrays must be of the same length
2026-07-24 23:42:07 | DEBUG | [20260724_234151] 信号异常 传媒ETF: All arrays must be of the same length
2026-07-24 23:42:07 | DEBUG | [20260724_234151] 信号异常 游戏ETF: All arrays must be of the same length
2026-07-24 23:42:07 | DEBUG | [20260724_234151] 信号异常 机器人ETF: All arrays must be of the same length
2026-07-24 23:42:07 | DEBUG | [20260724_234151] 信号异常 汽车ETF: All arrays must be of the same length
2026-07-24 23:42:07 | DEBUG | [20260724_234151] 信号异常 基建ETF: All arrays must be of the same length
2026-07-24 23:42:07 | DEBUG | [20260724_234151] 信号异常 红利ETF: All arrays must be of the same length
2026-07-24 23:42:07 | DEBUG | [20260724_234151] 信号异常 中证红利ETF: All arrays must be of the same length
2026-07-24 23:42:07 | WARNING | [20260724_234151] 2025-11-21 回测异常: Account.holdings_value() missing 1 required positional argument: 'prices'
2026-07-24 23:42:07 | DEBUG | [20260724_234151] 信号异常 中证500ETF: All arrays must be of the same length
2026-07-24 23:42:07 | DEBUG | [20260724_234151] 信号异常 中证1000ETF: All arrays must be of the same length
2026-07-24 23:42:07 | DEBUG | [20260724_234151] 信号异常 银行ETF: All arrays must be of the same length
2026-07-24 23:42:07 | DEBUG | [20260724_234151] 信号异常 券商ETF: All arrays must be of the same length
2026-07-24 23:42:07 | DEBUG | [20260724_234151] 信号异常 房地产ETF: All arrays must be of the same length
2026-07-24 23:42:07 | DEBUG | [20260724_234151] 信号异常 食品饮料ETF: All arrays must be of the same length
2026-07-24 23:42:07 | DEBUG | [20260724_234151] 信号异常 养殖ETF: All arrays must be of the same length
2026-07-24 23:42:07 | DEBUG | [20260724_234151] 信号异常 酒ETF: All arrays must be of the same length
2026-07-24 23:42:07 | DEBUG | [20260724_234151] 信号异常 家电ETF: All arrays must be of the same length
2026-07-24 23:42:07 | DEBUG | [20260724_234151] 信号异常 医药ETF: All arrays must be of the same length
2026-07-24 23:42:07 | DEBUG | [20260724_234151] 信号异常 创新药ETF: All arrays must be of the same length
2026-07-24 23:42:07 | DEBUG | [20260724_234151] 信号异常 医疗ETF: All arrays must be of the same length
2026-07-24 23:42:07 | DEBUG | [20260724_234151] 信号异常 计算机ETF: All arrays must be of the same length
2026-07-24 23:42:07 | DEBUG | [20260724_234151] 信号异常 人工智能ETF: All arrays must be of the same length
2026-07-24 23:42:07 | DEBUG | [20260724_234151] 信号异常 新能源车ETF: All arrays must be of the same length
2026-07-24 23:42:07 | DEBUG | [20260724_234151] 信号异常 电力ETF: All arrays must be of the same length
2026-07-24 23:42:07 | DEBUG | [20260724_234151] 信号异常 光伏ETF: All arrays must be of the same length
2026-07-24 23:42:07 | DEBUG | [20260724_234151] 信号异常 军工ETF: All arrays must be of the same length
2026-07-24 23:42:07 | DEBUG | [20260724_234151] 信号异常 国防ETF: All arrays must be of the same length
2026-07-24 23:42:07 | DEBUG | [20260724_234151] 信号异常 稀土ETF: All arrays must be of the same length
2026-07-24 23:42:07 | DEBUG | [20260724_234151] 信号异常 有色金属ETF: All arrays must be of the same length
2026-07-24 23:42:07 | DEBUG | [20260724_234151] 信号异常 煤炭ETF: All arrays must be of the same length
2026-07-24 23:42:07 | DEBUG | [20260724_234151] 信号异常 化工ETF: All arrays must be of the same length
2026-07-24 23:42:07 | DEBUG | [20260724_234151] 信号异常 钢铁ETF: All arrays must be of the same length
2026-07-24 23:42:07 | DEBUG | [20260724_234151] 信号异常 油气ETF: All arrays must be of the same length
2026-07-24 23:42:07 | DEBUG | [20260724_234151] 信号异常 传媒ETF: All arrays must be of the same length
2026-07-24 23:42:07 | DEBUG | [20260724_234151] 信号异常 游戏ETF: All arrays must be of the same length
2026-07-24 23:42:07 | DEBUG | [20260724_234151] 信号异常 机器人ETF: All arrays must be of the same length
2026-07-24 23:42:07 | DEBUG | [20260724_234151] 信号异常 汽车ETF: All arrays must be of the same length
2026-07-24 23:42:07 | DEBUG | [20260724_234151] 信号异常 基建ETF: All arrays must be of the same length
2026-07-24 23:42:07 | DEBUG | [20260724_234151] 信号异常 红利ETF: All arrays must be of the same length
2026-07-24 23:42:07 | DEBUG | [20260724_234151] 信号异常 中证红利ETF: All arrays must be of the same length
2026-07-24 23:42:07 | WARNING | [20260724_234151] 2025-11-24 回测异常: Account.holdings_value() missing 1 required positional argument: 'prices'
2026-07-24 23:42:07 | DEBUG | [20260724_234151] 信号异常 中证500ETF: All arrays must be of the same length
2026-07-24 23:42:07 | DEBUG | [20260724_234151] 信号异常 中证1000ETF: All arrays must be of the same length
2026-07-24 23:42:07 | DEBUG | [20260724_234151] 信号异常 银行ETF: All arrays must be of the same length
2026-07-24 23:42:07 | DEBUG | [20260724_234151] 信号异常 券商ETF: All arrays must be of the same length
2026-07-24 23:42:07 | DEBUG | [20260724_234151] 信号异常 房地产ETF: All arrays must be of the same length
2026-07-24 23:42:07 | DEBUG | [20260724_234151] 信号异常 食品饮料ETF: All arrays must be of the same length
2026-07-24 23:42:07 | DEBUG | [20260724_234151] 信号异常 养殖ETF: All arrays must be of the same length
2026-07-24 23:42:07 | DEBUG | [20260724_234151] 信号异常 酒ETF: All arrays must be of the same length
2026-07-24 23:42:07 | DEBUG | [20260724_234151] 信号异常 家电ETF: All arrays must be of the same length
2026-07-24 23:42:07 | DEBUG | [20260724_234151] 信号异常 医药ETF: All arrays must be of the same length
2026-07-24 23:42:07 | DEBUG | [20260724_234151] 信号异常 创新药ETF: All arrays must be of the same length
2026-07-24 23:42:07 | DEBUG | [20260724_234151] 信号异常 医疗ETF: All arrays must be of the same length
2026-07-24 23:42:07 | DEBUG | [20260724_234151] 信号异常 计算机ETF: All arrays must be of the same length
2026-07-24 23:42:07 | DEBUG | [20260724_234151] 信号异常 人工智能ETF: All arrays must be of the same length
2026-07-24 23:42:07 | DEBUG | [20260724_234151] 信号异常 新能源车ETF: All arrays must be of the same length
2026-07-24 23:42:07 | DEBUG | [20260724_234151] 信号异常 电力ETF: All arrays must be of the same length
2026-07-24 23:42:07 | DEBUG | [20260724_234151] 信号异常 光伏ETF: All arrays must be of the same length
2026-07-24 23:42:07 | DEBUG | [20260724_234151] 信号异常 军工ETF: All arrays must be of the same length
2026-07-24 23:42:07 | DEBUG | [20260724_234151] 信号异常 国防ETF: All arrays must be of the same length
2026-07-24 23:42:07 | DEBUG | [20260724_234151] 信号异常 稀土ETF: All arrays must be of the same length
2026-07-24 23:42:07 | DEBUG | [20260724_234151] 信号异常 有色金属ETF: All arrays must be of the same length
2026-07-24 23:42:07 | DEBUG | [20260724_234151] 信号异常 煤炭ETF: All arrays must be of the same length
2026-07-24 23:42:07 | DEBUG | [20260724_234151] 信号异常 化工ETF: All arrays must be of the same length
2026-07-24 23:42:07 | DEBUG | [20260724_234151] 信号异常 钢铁ETF: All arrays must be of the same length
2026-07-24 23:42:07 | DEBUG | [20260724_234151] 信号异常 油气ETF: All arrays must be of the same length
2026-07-24 23:42:07 | DEBUG | [20260724_234151] 信号异常 传媒ETF: All arrays must be of the same length
2026-07-24 23:42:07 | DEBUG | [20260724_234151] 信号异常 游戏ETF: All arrays must be of the same length
2026-07-24 23:42:07 | DEBUG | [20260724_234151] 信号异常 机器人ETF: All arrays must be of the same length
2026-07-24 23:42:07 | DEBUG | [20260724_234151] 信号异常 汽车ETF: All arrays must be of the same length
2026-07-24 23:42:07 | DEBUG | [20260724_234151] 信号异常 基建ETF: All arrays must be of the same length
2026-07-24 23:42:07 | DEBUG | [20260724_234151] 信号异常 红利ETF: All arrays must be of the same length
2026-07-24 23:42:07 | DEBUG | [20260724_234151] 信号异常 中证红利ETF: All arrays must be of the same length
2026-07-24 23:42:07 | WARNING | [20260724_234151] 2025-11-25 回测异常: Account.holdings_value() missing 1 required positional argument: 'prices'
2026-07-24 23:42:07 | DEBUG | [20260724_234151] 信号异常 中证500ETF: All arrays must be of the same length
2026-07-24 23:42:07 | DEBUG | [20260724_234151] 信号异常 中证1000ETF: All arrays must be of the same length
2026-07-24 23:42:07 | DEBUG | [20260724_234151] 信号异常 银行ETF: All arrays must be of the same length
2026-07-24 23:42:07 | DEBUG | [20260724_234151] 信号异常 券商ETF: All arrays must be of the same length
2026-07-24 23:42:07 | DEBUG | [20260724_234151] 信号异常 房地产ETF: All arrays must be of the same length
2026-07-24 23:42:07 | DEBUG | [20260724_234151] 信号异常 食品饮料ETF: All arrays must be of the same length
2026-07-24 23:42:07 | DEBUG | [20260724_234151] 信号异常 养殖ETF: All arrays must be of the same length
2026-07-24 23:42:07 | DEBUG | [20260724_234151] 信号异常 酒ETF: All arrays must be of the same length
2026-07-24 23:42:07 | DEBUG | [20260724_234151] 信号异常 家电ETF: All arrays must be of the same length
2026-07-24 23:42:07 | DEBUG | [20260724_234151] 信号异常 医药ETF: All arrays must be of the same length
2026-07-24 23:42:07 | DEBUG | [20260724_234151] 信号异常 创新药ETF: All arrays must be of the same length
2026-07-24 23:42:07 | DEBUG | [20260724_234151] 信号异常 医疗ETF: All arrays must be of the same length
2026-07-24 23:42:07 | DEBUG | [20260724_234151] 信号异常 计算机ETF: All arrays must be of the same length
2026-07-24 23:42:07 | DEBUG | [20260724_234151] 信号异常 人工智能ETF: All arrays must be of the same length
2026-07-24 23:42:07 | DEBUG | [20260724_234151] 信号异常 新能源车ETF: All arrays must be of the same length
2026-07-24 23:42:07 | DEBUG | [20260724_234151] 信号异常 电力ETF: All arrays must be of the same length
2026-07-24 23:42:07 | DEBUG | [20260724_234151] 信号异常 光伏ETF: All arrays must be of the same length
2026-07-24 23:42:07 | DEBUG | [20260724_234151] 信号异常 军工ETF: All arrays must be of the same length
2026-07-24 23:42:07 | DEBUG | [20260724_234151] 信号异常 国防ETF: All arrays must be of the same length
2026-07-24 23:42:07 | DEBUG | [20260724_234151] 信号异常 稀土ETF: All arrays must be of the same length
2026-07-24 23:42:07 | DEBUG | [20260724_234151] 信号异常 有色金属ETF: All arrays must be of the same length
2026-07-24 23:42:07 | DEBUG | [20260724_234151] 信号异常 煤炭ETF: All arrays must be of the same length
2026-07-24 23:42:07 | DEBUG | [20260724_234151] 信号异常 化工ETF: All arrays must be of the same length
2026-07-24 23:42:07 | DEBUG | [20260724_234151] 信号异常 钢铁ETF: All arrays must be of the same length
2026-07-24 23:42:07 | DEBUG | [20260724_234151] 信号异常 油气ETF: All arrays must be of the same length
2026-07-24 23:42:07 | DEBUG | [20260724_234151] 信号异常 传媒ETF: All arrays must be of the same length
2026-07-24 23:42:07 | DEBUG | [20260724_234151] 信号异常 游戏ETF: All arrays must be of the same length
2026-07-24 23:42:07 | DEBUG | [20260724_234151] 信号异常 机器人ETF: All arrays must be of the same length
2026-07-24 23:42:07 | DEBUG | [20260724_234151] 信号异常 汽车ETF: All arrays must be of the same length
2026-07-24 23:42:07 | DEBUG | [20260724_234151] 信号异常 基建ETF: All arrays must be of the same length
2026-07-24 23:42:07 | DEBUG | [20260724_234151] 信号异常 红利ETF: All arrays must be of the same length
2026-07-24 23:42:07 | DEBUG | [20260724_234151] 信号异常 中证红利ETF: All arrays must be of the same length
2026-07-24 23:42:07 | WARNING | [20260724_234151] 2025-11-26 回测异常: Account.holdings_value() missing 1 required positional argument: 'prices'
2026-07-24 23:42:07 | DEBUG | [20260724_234151] 信号异常 中证500ETF: All arrays must be of the same length
2026-07-24 23:42:07 | DEBUG | [20260724_234151] 信号异常 中证1000ETF: All arrays must be of the same length
2026-07-24 23:42:07 | DEBUG | [20260724_234151] 信号异常 银行ETF: All arrays must be of the same length
2026-07-24 23:42:07 | DEBUG | [20260724_234151] 信号异常 券商ETF: All arrays must be of the same length
2026-07-24 23:42:07 | DEBUG | [20260724_234151] 信号异常 房地产ETF: All arrays must be of the same length
2026-07-24 23:42:07 | DEBUG | [20260724_234151] 信号异常 食品饮料ETF: All arrays must be of the same length
2026-07-24 23:42:07 | DEBUG | [20260724_234151] 信号异常 养殖ETF: All arrays must be of the same length
2026-07-24 23:42:07 | DEBUG | [20260724_234151] 信号异常 酒ETF: All arrays must be of the same length
2026-07-24 23:42:07 | DEBUG | [20260724_234151] 信号异常 家电ETF: All arrays must be of the same length
2026-07-24 23:42:07 | DEBUG | [20260724_234151] 信号异常 医药ETF: All arrays must be of the same length
2026-07-24 23:42:07 | DEBUG | [20260724_234151] 信号异常 创新药ETF: All arrays must be of the same length
2026-07-24 23:42:07 | DEBUG | [20260724_234151] 信号异常 医疗ETF: All arrays must be of the same length
2026-07-24 23:42:07 | DEBUG | [20260724_234151] 信号异常 计算机ETF: All arrays must be of the same length
2026-07-24 23:42:07 | DEBUG | [20260724_234151] 信号异常 人工智能ETF: All arrays must be of the same length
2026-07-24 23:42:07 | DEBUG | [20260724_234151] 信号异常 新能源车ETF: All arrays must be of the same length
2026-07-24 23:42:07 | DEBUG | [20260724_234151] 信号异常 电力ETF: All arrays must be of the same length
2026-07-24 23:42:07 | DEBUG | [20260724_234151] 信号异常 光伏ETF: All arrays must be of the same length
2026-07-24 23:42:07 | DEBUG | [20260724_234151] 信号异常 军工ETF: All arrays must be of the same length
2026-07-24 23:42:07 | DEBUG | [20260724_234151] 信号异常 国防ETF: All arrays must be of the same length
2026-07-24 23:42:07 | DEBUG | [20260724_234151] 信号异常 稀土ETF: All arrays must be of the same length
2026-07-24 23:42:07 | DEBUG | [20260724_234151] 信号异常 有色金属ETF: All arrays must be of the same length
2026-07-24 23:42:07 | DEBUG | [20260724_234151] 信号异常 煤炭ETF: All arrays must be of the same length
2026-07-24 23:42:07 | DEBUG | [20260724_234151] 信号异常 化工ETF: All arrays must be of the same length
2026-07-24 23:42:07 | DEBUG | [20260724_234151] 信号异常 钢铁ETF: All arrays must be of the same length
2026-07-24 23:42:07 | DEBUG | [20260724_234151] 信号异常 油气ETF: All arrays must be of the same length
2026-07-24 23:42:07 | DEBUG | [20260724_234151] 信号异常 传媒ETF: All arrays must be of the same length
2026-07-24 23:42:07 | DEBUG | [20260724_234151] 信号异常 游戏ETF: All arrays must be of the same length
2026-07-24 23:42:07 | DEBUG | [20260724_234151] 信号异常 机器人ETF: All arrays must be of the same length
2026-07-24 23:42:07 | DEBUG | [20260724_234151] 信号异常 汽车ETF: All arrays must be of the same length
2026-07-24 23:42:07 | DEBUG | [20260724_234151] 信号异常 基建ETF: All arrays must be of the same length
2026-07-24 23:42:07 | DEBUG | [20260724_234151] 信号异常 红利ETF: All arrays must be of the same length
2026-07-24 23:42:07 | DEBUG | [20260724_234151] 信号异常 中证红利ETF: All arrays must be of the same length
2026-07-24 23:42:07 | WARNING | [20260724_234151] 2025-11-27 回测异常: Account.holdings_value() missing 1 required positional argument: 'prices'
2026-07-24 23:42:07 | DEBUG | [20260724_234151] 信号异常 中证500ETF: All arrays must be of the same length
2026-07-24 23:42:07 | DEBUG | [20260724_234151] 信号异常 中证1000ETF: All arrays must be of the same length
2026-07-24 23:42:07 | DEBUG | [20260724_234151] 信号异常 银行ETF: All arrays must be of the same length
2026-07-24 23:42:07 | DEBUG | [20260724_234151] 信号异常 券商ETF: All arrays must be of the same length
2026-07-24 23:42:07 | DEBUG | [20260724_234151] 信号异常 房地产ETF: All arrays must be of the same length
2026-07-24 23:42:07 | DEBUG | [20260724_234151] 信号异常 食品饮料ETF: All arrays must be of the same length
2026-07-24 23:42:07 | DEBUG | [20260724_234151] 信号异常 养殖ETF: All arrays must be of the same length
2026-07-24 23:42:07 | DEBUG | [20260724_234151] 信号异常 酒ETF: All arrays must be of the same length
2026-07-24 23:42:07 | DEBUG | [20260724_234151] 信号异常 家电ETF: All arrays must be of the same length
2026-07-24 23:42:07 | DEBUG | [20260724_234151] 信号异常 医药ETF: All arrays must be of the same length
2026-07-24 23:42:07 | DEBUG | [20260724_234151] 信号异常 创新药ETF: All arrays must be of the same length
2026-07-24 23:42:07 | DEBUG | [20260724_234151] 信号异常 医疗ETF: All arrays must be of the same length
2026-07-24 23:42:07 | DEBUG | [20260724_234151] 信号异常 计算机ETF: All arrays must be of the same length
2026-07-24 23:42:07 | DEBUG | [20260724_234151] 信号异常 人工智能ETF: All arrays must be of the same length
2026-07-24 23:42:07 | DEBUG | [20260724_234151] 信号异常 新能源车ETF: All arrays must be of the same length
2026-07-24 23:42:07 | DEBUG | [20260724_234151] 信号异常 电力ETF: All arrays must be of the same length
2026-07-24 23:42:07 | DEBUG | [20260724_234151] 信号异常 光伏ETF: All arrays must be of the same length
2026-07-24 23:42:07 | DEBUG | [20260724_234151] 信号异常 军工ETF: All arrays must be of the same length
2026-07-24 23:42:07 | DEBUG | [20260724_234151] 信号异常 国防ETF: All arrays must be of the same length
2026-07-24 23:42:07 | DEBUG | [20260724_234151] 信号异常 稀土ETF: All arrays must be of the same length
2026-07-24 23:42:07 | DEBUG | [20260724_234151] 信号异常 有色金属ETF: All arrays must be of the same length
2026-07-24 23:42:07 | DEBUG | [20260724_234151] 信号异常 煤炭ETF: All arrays must be of the same length
2026-07-24 23:42:07 | DEBUG | [20260724_234151] 信号异常 化工ETF: All arrays must be of the same length
2026-07-24 23:42:07 | DEBUG | [20260724_234151] 信号异常 钢铁ETF: All arrays must be of the same length
2026-07-24 23:42:07 | DEBUG | [20260724_234151] 信号异常 油气ETF: All arrays must be of the same length
2026-07-24 23:42:07 | DEBUG | [20260724_234151] 信号异常 传媒ETF: All arrays must be of the same length
2026-07-24 23:42:07 | DEBUG | [20260724_234151] 信号异常 游戏ETF: All arrays must be of the same length
2026-07-24 23:42:07 | DEBUG | [20260724_234151] 信号异常 机器人ETF: All arrays must be of the same length
2026-07-24 23:42:07 | DEBUG | [20260724_234151] 信号异常 汽车ETF: All arrays must be of the same length
2026-07-24 23:42:07 | DEBUG | [20260724_234151] 信号异常 基建ETF: All arrays must be of the same length
2026-07-24 23:42:07 | DEBUG | [20260724_234151] 信号异常 红利ETF: All arrays must be of the same length
2026-07-24 23:42:07 | DEBUG | [20260724_234151] 信号异常 中证红利ETF: All arrays must be of the same length
2026-07-24 23:42:07 | WARNING | [20260724_234151] 2025-11-28 回测异常: Account.holdings_value() missing 1 required positional argument: 'prices'
2026-07-24 23:42:07 | DEBUG | [20260724_234151] 信号异常 中证500ETF: All arrays must be of the same length
2026-07-24 23:42:07 | DEBUG | [20260724_234151] 信号异常 中证1000ETF: All arrays must be of the same length
2026-07-24 23:42:07 | DEBUG | [20260724_234151] 信号异常 银行ETF: All arrays must be of the same length
2026-07-24 23:42:07 | DEBUG | [20260724_234151] 信号异常 券商ETF: All arrays must be of the same length
2026-07-24 23:42:07 | DEBUG | [20260724_234151] 信号异常 房地产ETF: All arrays must be of the same length
2026-07-24 23:42:07 | DEBUG | [20260724_234151] 信号异常 食品饮料ETF: All arrays must be of the same length
2026-07-24 23:42:07 | DEBUG | [20260724_234151] 信号异常 养殖ETF: All arrays must be of the same length
2026-07-24 23:42:07 | DEBUG | [20260724_234151] 信号异常 酒ETF: All arrays must be of the same length
2026-07-24 23:42:07 | DEBUG | [20260724_234151] 信号异常 家电ETF: All arrays must be of the same length
2026-07-24 23:42:07 | DEBUG | [20260724_234151] 信号异常 医药ETF: All arrays must be of the same length
2026-07-24 23:42:07 | DEBUG | [20260724_234151] 信号异常 创新药ETF: All arrays must be of the same length
2026-07-24 23:42:07 | DEBUG | [20260724_234151] 信号异常 医疗ETF: All arrays must be of the same length
2026-07-24 23:42:07 | DEBUG | [20260724_234151] 信号异常 计算机ETF: All arrays must be of the same length
2026-07-24 23:42:07 | DEBUG | [20260724_234151] 信号异常 人工智能ETF: All arrays must be of the same length
2026-07-24 23:42:07 | DEBUG | [20260724_234151] 信号异常 新能源车ETF: All arrays must be of the same length
2026-07-24 23:42:07 | DEBUG | [20260724_234151] 信号异常 电力ETF: All arrays must be of the same length
2026-07-24 23:42:07 | DEBUG | [20260724_234151] 信号异常 光伏ETF: All arrays must be of the same length
2026-07-24 23:42:07 | DEBUG | [20260724_234151] 信号异常 军工ETF: All arrays must be of the same length
2026-07-24 23:42:07 | DEBUG | [20260724_234151] 信号异常 国防ETF: All arrays must be of the same length
2026-07-24 23:42:07 | DEBUG | [20260724_234151] 信号异常 稀土ETF: All arrays must be of the same length
2026-07-24 23:42:07 | DEBUG | [20260724_234151] 信号异常 有色金属ETF: All arrays must be of the same length
2026-07-24 23:42:07 | DEBUG | [20260724_234151] 信号异常 煤炭ETF: All arrays must be of the same length
2026-07-24 23:42:07 | DEBUG | [20260724_234151] 信号异常 化工ETF: All arrays must be of the same length
2026-07-24 23:42:07 | DEBUG | [20260724_234151] 信号异常 钢铁ETF: All arrays must be of the same length
2026-07-24 23:42:07 | DEBUG | [20260724_234151] 信号异常 油气ETF: All arrays must be of the same length
2026-07-24 23:42:07 | DEBUG | [20260724_234151] 信号异常 传媒ETF: All arrays must be of the same length
2026-07-24 23:42:07 | DEBUG | [20260724_234151] 信号异常 游戏ETF: All arrays must be of the same length
2026-07-24 23:42:07 | DEBUG | [20260724_234151] 信号异常 机器人ETF: All arrays must be of the same length
2026-07-24 23:42:07 | DEBUG | [20260724_234151] 信号异常 汽车ETF: All arrays must be of the same length
2026-07-24 23:42:07 | DEBUG | [20260724_234151] 信号异常 基建ETF: All arrays must be of the same length
2026-07-24 23:42:07 | DEBUG | [20260724_234151] 信号异常 红利ETF: All arrays must be of the same length
2026-07-24 23:42:07 | DEBUG | [20260724_234151] 信号异常 中证红利ETF: All arrays must be of the same length
2026-07-24 23:42:07 | WARNING | [20260724_234151] 2025-12-01 回测异常: Account.holdings_value() missing 1 required positional argument: 'prices'
2026-07-24 23:42:07 | DEBUG | [20260724_234151] 信号异常 中证500ETF: All arrays must be of the same length
2026-07-24 23:42:07 | DEBUG | [20260724_234151] 信号异常 中证1000ETF: All arrays must be of the same length
2026-07-24 23:42:07 | DEBUG | [20260724_234151] 信号异常 银行ETF: All arrays must be of the same length
2026-07-24 23:42:07 | DEBUG | [20260724_234151] 信号异常 券商ETF: All arrays must be of the same length
2026-07-24 23:42:07 | DEBUG | [20260724_234151] 信号异常 房地产ETF: All arrays must be of the same length
2026-07-24 23:42:07 | DEBUG | [20260724_234151] 信号异常 食品饮料ETF: All arrays must be of the same length
2026-07-24 23:42:07 | DEBUG | [20260724_234151] 信号异常 养殖ETF: All arrays must be of the same length
2026-07-24 23:42:07 | DEBUG | [20260724_234151] 信号异常 酒ETF: All arrays must be of the same length
2026-07-24 23:42:07 | DEBUG | [20260724_234151] 信号异常 家电ETF: All arrays must be of the same length
2026-07-24 23:42:07 | DEBUG | [20260724_234151] 信号异常 医药ETF: All arrays must be of the same length
2026-07-24 23:42:07 | DEBUG | [20260724_234151] 信号异常 创新药ETF: All arrays must be of the same length
2026-07-24 23:42:07 | DEBUG | [20260724_234151] 信号异常 医疗ETF: All arrays must be of the same length
2026-07-24 23:42:07 | DEBUG | [20260724_234151] 信号异常 计算机ETF: All arrays must be of the same length
2026-07-24 23:42:07 | DEBUG | [20260724_234151] 信号异常 人工智能ETF: All arrays must be of the same length
2026-07-24 23:42:07 | DEBUG | [20260724_234151] 信号异常 新能源车ETF: All arrays must be of the same length
2026-07-24 23:42:07 | DEBUG | [20260724_234151] 信号异常 电力ETF: All arrays must be of the same length
2026-07-24 23:42:07 | DEBUG | [20260724_234151] 信号异常 光伏ETF: All arrays must be of the same length
2026-07-24 23:42:07 | DEBUG | [20260724_234151] 信号异常 军工ETF: All arrays must be of the same length
2026-07-24 23:42:07 | DEBUG | [20260724_234151] 信号异常 国防ETF: All arrays must be of the same length
2026-07-24 23:42:07 | DEBUG | [20260724_234151] 信号异常 稀土ETF: All arrays must be of the same length
2026-07-24 23:42:07 | DEBUG | [20260724_234151] 信号异常 有色金属ETF: All arrays must be of the same length
2026-07-24 23:42:07 | DEBUG | [20260724_234151] 信号异常 煤炭ETF: All arrays must be of the same length
2026-07-24 23:42:07 | DEBUG | [20260724_234151] 信号异常 化工ETF: All arrays must be of the same length
2026-07-24 23:42:07 | DEBUG | [20260724_234151] 信号异常 钢铁ETF: All arrays must be of the same length
2026-07-24 23:42:07 | DEBUG | [20260724_234151] 信号异常 油气ETF: All arrays must be of the same length
2026-07-24 23:42:07 | DEBUG | [20260724_234151] 信号异常 传媒ETF: All arrays must be of the same length
2026-07-24 23:42:07 | DEBUG | [20260724_234151] 信号异常 游戏ETF: All arrays must be of the same length
2026-07-24 23:42:07 | DEBUG | [20260724_234151] 信号异常 机器人ETF: All arrays must be of the same length
2026-07-24 23:42:07 | DEBUG | [20260724_234151] 信号异常 汽车ETF: All arrays must be of the same length
2026-07-24 23:42:07 | DEBUG | [20260724_234151] 信号异常 基建ETF: All arrays must be of the same length
2026-07-24 23:42:07 | DEBUG | [20260724_234151] 信号异常 红利ETF: All arrays must be of the same length
2026-07-24 23:42:07 | DEBUG | [20260724_234151] 信号异常 中证红利ETF: All arrays must be of the same length
2026-07-24 23:42:07 | WARNING | [20260724_234151] 2025-12-02 回测异常: Account.holdings_value() missing 1 required positional argument: 'prices'
2026-07-24 23:42:07 | DEBUG | [20260724_234151] 信号异常 中证500ETF: All arrays must be of the same length
2026-07-24 23:42:07 | DEBUG | [20260724_234151] 信号异常 中证1000ETF: All arrays must be of the same length
2026-07-24 23:42:07 | DEBUG | [20260724_234151] 信号异常 银行ETF: All arrays must be of the same length
2026-07-24 23:42:07 | DEBUG | [20260724_234151] 信号异常 券商ETF: All arrays must be of the same length
2026-07-24 23:42:07 | DEBUG | [20260724_234151] 信号异常 房地产ETF: All arrays must be of the same length
2026-07-24 23:42:07 | DEBUG | [20260724_234151] 信号异常 食品饮料ETF: All arrays must be of the same length
2026-07-24 23:42:07 | DEBUG | [20260724_234151] 信号异常 养殖ETF: All arrays must be of the same length
2026-07-24 23:42:07 | DEBUG | [20260724_234151] 信号异常 酒ETF: All arrays must be of the same length
2026-07-24 23:42:07 | DEBUG | [20260724_234151] 信号异常 家电ETF: All arrays must be of the same length
2026-07-24 23:42:07 | DEBUG | [20260724_234151] 信号异常 医药ETF: All arrays must be of the same length
2026-07-24 23:42:07 | DEBUG | [20260724_234151] 信号异常 创新药ETF: All arrays must be of the same length
2026-07-24 23:42:07 | DEBUG | [20260724_234151] 信号异常 医疗ETF: All arrays must be of the same length
2026-07-24 23:42:07 | DEBUG | [20260724_234151] 信号异常 计算机ETF: All arrays must be of the same length
2026-07-24 23:42:07 | DEBUG | [20260724_234151] 信号异常 人工智能ETF: All arrays must be of the same length
2026-07-24 23:42:07 | DEBUG | [20260724_234151] 信号异常 新能源车ETF: All arrays must be of the same length
2026-07-24 23:42:07 | DEBUG | [20260724_234151] 信号异常 电力ETF: All arrays must be of the same length
2026-07-24 23:42:07 | DEBUG | [20260724_234151] 信号异常 光伏ETF: All arrays must be of the same length
2026-07-24 23:42:07 | DEBUG | [20260724_234151] 信号异常 军工ETF: All arrays must be of the same length
2026-07-24 23:42:07 | DEBUG | [20260724_234151] 信号异常 国防ETF: All arrays must be of the same length
2026-07-24 23:42:07 | DEBUG | [20260724_234151] 信号异常 稀土ETF: All arrays must be of the same length
2026-07-24 23:42:07 | DEBUG | [20260724_234151] 信号异常 有色金属ETF: All arrays must be of the same length
2026-07-24 23:42:07 | DEBUG | [20260724_234151] 信号异常 煤炭ETF: All arrays must be of the same length
2026-07-24 23:42:07 | DEBUG | [20260724_234151] 信号异常 化工ETF: All arrays must be of the same length
2026-07-24 23:42:07 | DEBUG | [20260724_234151] 信号异常 钢铁ETF: All arrays must be of the same length
2026-07-24 23:42:07 | DEBUG | [20260724_234151] 信号异常 油气ETF: All arrays must be of the same length
2026-07-24 23:42:07 | DEBUG | [20260724_234151] 信号异常 传媒ETF: All arrays must be of the same length
2026-07-24 23:42:07 | DEBUG | [20260724_234151] 信号异常 游戏ETF: All arrays must be of the same length
2026-07-24 23:42:07 | DEBUG | [20260724_234151] 信号异常 机器人ETF: All arrays must be of the same length
2026-07-24 23:42:07 | DEBUG | [20260724_234151] 信号异常 汽车ETF: All arrays must be of the same length
2026-07-24 23:42:07 | DEBUG | [20260724_234151] 信号异常 基建ETF: All arrays must be of the same length
2026-07-24 23:42:07 | DEBUG | [20260724_234151] 信号异常 红利ETF: All arrays must be of the same length
2026-07-24 23:42:07 | DEBUG | [20260724_234151] 信号异常 中证红利ETF: All arrays must be of the same length
2026-07-24 23:42:07 | WARNING | [20260724_234151] 2025-12-03 回测异常: Account.holdings_value() missing 1 required positional argument: 'prices'
2026-07-24 23:42:07 | DEBUG | [20260724_234151] 信号异常 中证500ETF: All arrays must be of the same length
2026-07-24 23:42:07 | DEBUG | [20260724_234151] 信号异常 中证1000ETF: All arrays must be of the same length
2026-07-24 23:42:07 | DEBUG | [20260724_234151] 信号异常 银行ETF: All arrays must be of the same length
2026-07-24 23:42:07 | DEBUG | [20260724_234151] 信号异常 券商ETF: All arrays must be of the same length
2026-07-24 23:42:07 | DEBUG | [20260724_234151] 信号异常 房地产ETF: All arrays must be of the same length
2026-07-24 23:42:07 | DEBUG | [20260724_234151] 信号异常 食品饮料ETF: All arrays must be of the same length
2026-07-24 23:42:07 | DEBUG | [20260724_234151] 信号异常 养殖ETF: All arrays must be of the same length
2026-07-24 23:42:07 | DEBUG | [20260724_234151] 信号异常 酒ETF: All arrays must be of the same length
2026-07-24 23:42:07 | DEBUG | [20260724_234151] 信号异常 家电ETF: All arrays must be of the same length
2026-07-24 23:42:07 | DEBUG | [20260724_234151] 信号异常 医药ETF: All arrays must be of the same length
2026-07-24 23:42:07 | DEBUG | [20260724_234151] 信号异常 创新药ETF: All arrays must be of the same length
2026-07-24 23:42:07 | DEBUG | [20260724_234151] 信号异常 医疗ETF: All arrays must be of the same length
2026-07-24 23:42:07 | DEBUG | [20260724_234151] 信号异常 计算机ETF: All arrays must be of the same length
2026-07-24 23:42:07 | DEBUG | [20260724_234151] 信号异常 人工智能ETF: All arrays must be of the same length
2026-07-24 23:42:07 | DEBUG | [20260724_234151] 信号异常 新能源车ETF: All arrays must be of the same length
2026-07-24 23:42:07 | DEBUG | [20260724_234151] 信号异常 电力ETF: All arrays must be of the same length
2026-07-24 23:42:07 | DEBUG | [20260724_234151] 信号异常 光伏ETF: All arrays must be of the same length
2026-07-24 23:42:07 | DEBUG | [20260724_234151] 信号异常 军工ETF: All arrays must be of the same length
2026-07-24 23:42:07 | DEBUG | [20260724_234151] 信号异常 国防ETF: All arrays must be of the same length
2026-07-24 23:42:07 | DEBUG | [20260724_234151] 信号异常 稀土ETF: All arrays must be of the same length
2026-07-24 23:42:07 | DEBUG | [20260724_234151] 信号异常 有色金属ETF: All arrays must be of the same length
2026-07-24 23:42:07 | DEBUG | [20260724_234151] 信号异常 煤炭ETF: All arrays must be of the same length
2026-07-24 23:42:07 | DEBUG | [20260724_234151] 信号异常 化工ETF: All arrays must be of the same length
2026-07-24 23:42:07 | DEBUG | [20260724_234151] 信号异常 钢铁ETF: All arrays must be of the same length
2026-07-24 23:42:07 | DEBUG | [20260724_234151] 信号异常 油气ETF: All arrays must be of the same length
2026-07-24 23:42:07 | DEBUG | [20260724_234151] 信号异常 传媒ETF: All arrays must be of the same length
2026-07-24 23:42:07 | DEBUG | [20260724_234151] 信号异常 游戏ETF: All arrays must be of the same length
2026-07-24 23:42:07 | DEBUG | [20260724_234151] 信号异常 机器人ETF: All arrays must be of the same length
2026-07-24 23:42:07 | DEBUG | [20260724_234151] 信号异常 汽车ETF: All arrays must be of the same length
2026-07-24 23:42:07 | DEBUG | [20260724_234151] 信号异常 基建ETF: All arrays must be of the same length
2026-07-24 23:42:07 | DEBUG | [20260724_234151] 信号异常 红利ETF: All arrays must be of the same length
2026-07-24 23:42:07 | DEBUG | [20260724_234151] 信号异常 中证红利ETF: All arrays must be of the same length
2026-07-24 23:42:07 | WARNING | [20260724_234151] 2025-12-04 回测异常: Account.holdings_value() missing 1 required positional argument: 'prices'
2026-07-24 23:42:07 | DEBUG | [20260724_234151] 信号异常 中证500ETF: All arrays must be of the same length
2026-07-24 23:42:07 | DEBUG | [20260724_234151] 信号异常 中证1000ETF: All arrays must be of the same length
2026-07-24 23:42:07 | DEBUG | [20260724_234151] 信号异常 银行ETF: All arrays must be of the same length
2026-07-24 23:42:07 | DEBUG | [20260724_234151] 信号异常 券商ETF: All arrays must be of the same length
2026-07-24 23:42:07 | DEBUG | [20260724_234151] 信号异常 房地产ETF: All arrays must be of the same length
2026-07-24 23:42:07 | DEBUG | [20260724_234151] 信号异常 食品饮料ETF: All arrays must be of the same length
2026-07-24 23:42:07 | DEBUG | [20260724_234151] 信号异常 养殖ETF: All arrays must be of the same length
2026-07-24 23:42:07 | DEBUG | [20260724_234151] 信号异常 酒ETF: All arrays must be of the same length
2026-07-24 23:42:07 | DEBUG | [20260724_234151] 信号异常 家电ETF: All arrays must be of the same length
2026-07-24 23:42:07 | DEBUG | [20260724_234151] 信号异常 医药ETF: All arrays must be of the same length
2026-07-24 23:42:07 | DEBUG | [20260724_234151] 信号异常 创新药ETF: All arrays must be of the same length
2026-07-24 23:42:07 | DEBUG | [20260724_234151] 信号异常 医疗ETF: All arrays must be of the same length
2026-07-24 23:42:07 | DEBUG | [20260724_234151] 信号异常 计算机ETF: All arrays must be of the same length
2026-07-24 23:42:07 | DEBUG | [20260724_234151] 信号异常 人工智能ETF: All arrays must be of the same length
2026-07-24 23:42:07 | DEBUG | [20260724_234151] 信号异常 新能源车ETF: All arrays must be of the same length
2026-07-24 23:42:07 | DEBUG | [20260724_234151] 信号异常 电力ETF: All arrays must be of the same length
2026-07-24 23:42:07 | DEBUG | [20260724_234151] 信号异常 光伏ETF: All arrays must be of the same length
2026-07-24 23:42:07 | DEBUG | [20260724_234151] 信号异常 军工ETF: All arrays must be of the same length
2026-07-24 23:42:07 | DEBUG | [20260724_234151] 信号异常 国防ETF: All arrays must be of the same length
2026-07-24 23:42:07 | DEBUG | [20260724_234151] 信号异常 稀土ETF: All arrays must be of the same length
2026-07-24 23:42:07 | DEBUG | [20260724_234151] 信号异常 有色金属ETF: All arrays must be of the same length
2026-07-24 23:42:07 | DEBUG | [20260724_234151] 信号异常 煤炭ETF: All arrays must be of the same length
2026-07-24 23:42:07 | DEBUG | [20260724_234151] 信号异常 化工ETF: All arrays must be of the same length
2026-07-24 23:42:07 | DEBUG | [20260724_234151] 信号异常 钢铁ETF: All arrays must be of the same length
2026-07-24 23:42:07 | DEBUG | [20260724_234151] 信号异常 油气ETF: All arrays must be of the same length
2026-07-24 23:42:07 | DEBUG | [20260724_234151] 信号异常 传媒ETF: All arrays must be of the same length
2026-07-24 23:42:07 | DEBUG | [20260724_234151] 信号异常 游戏ETF: All arrays must be of the same length
2026-07-24 23:42:07 | DEBUG | [20260724_234151] 信号异常 机器人ETF: All arrays must be of the same length
2026-07-24 23:42:07 | DEBUG | [20260724_234151] 信号异常 汽车ETF: All arrays must be of the same length
2026-07-24 23:42:07 | DEBUG | [20260724_234151] 信号异常 基建ETF: All arrays must be of the same length
2026-07-24 23:42:07 | DEBUG | [20260724_234151] 信号异常 红利ETF: All arrays must be of the same length
2026-07-24 23:42:07 | DEBUG | [20260724_234151] 信号异常 中证红利ETF: All arrays must be of the same length
2026-07-24 23:42:07 | WARNING | [20260724_234151] 2025-12-05 回测异常: Account.holdings_value() missing 1 required positional argument: 'prices'
2026-07-24 23:42:07 | DEBUG | [20260724_234151] 信号异常 中证500ETF: All arrays must be of the same length
2026-07-24 23:42:07 | DEBUG | [20260724_234151] 信号异常 中证1000ETF: All arrays must be of the same length
2026-07-24 23:42:07 | DEBUG | [20260724_234151] 信号异常 银行ETF: All arrays must be of the same length
2026-07-24 23:42:07 | DEBUG | [20260724_234151] 信号异常 券商ETF: All arrays must be of the same length
2026-07-24 23:42:07 | DEBUG | [20260724_234151] 信号异常 房地产ETF: All arrays must be of the same length
2026-07-24 23:42:07 | DEBUG | [20260724_234151] 信号异常 食品饮料ETF: All arrays must be of the same length
2026-07-24 23:42:07 | DEBUG | [20260724_234151] 信号异常 养殖ETF: All arrays must be of the same length
2026-07-24 23:42:07 | DEBUG | [20260724_234151] 信号异常 酒ETF: All arrays must be of the same length
2026-07-24 23:42:07 | DEBUG | [20260724_234151] 信号异常 家电ETF: All arrays must be of the same length
2026-07-24 23:42:07 | DEBUG | [20260724_234151] 信号异常 医药ETF: All arrays must be of the same length
2026-07-24 23:42:07 | DEBUG | [20260724_234151] 信号异常 创新药ETF: All arrays must be of the same length
2026-07-24 23:42:07 | DEBUG | [20260724_234151] 信号异常 医疗ETF: All arrays must be of the same length
2026-07-24 23:42:08 | DEBUG | [20260724_234151] 信号异常 计算机ETF: All arrays must be of the same length
2026-07-24 23:42:08 | DEBUG | [20260724_234151] 信号异常 人工智能ETF: All arrays must be of the same length
2026-07-24 23:42:08 | DEBUG | [20260724_234151] 信号异常 新能源车ETF: All arrays must be of the same length
2026-07-24 23:42:08 | DEBUG | [20260724_234151] 信号异常 电力ETF: All arrays must be of the same length
2026-07-24 23:42:08 | DEBUG | [20260724_234151] 信号异常 光伏ETF: All arrays must be of the same length
2026-07-24 23:42:08 | DEBUG | [20260724_234151] 信号异常 军工ETF: All arrays must be of the same length
2026-07-24 23:42:08 | DEBUG | [20260724_234151] 信号异常 国防ETF: All arrays must be of the same length
2026-07-24 23:42:08 | DEBUG | [20260724_234151] 信号异常 稀土ETF: All arrays must be of the same length
2026-07-24 23:42:08 | DEBUG | [20260724_234151] 信号异常 有色金属ETF: All arrays must be of the same length
2026-07-24 23:42:08 | DEBUG | [20260724_234151] 信号异常 煤炭ETF: All arrays must be of the same length
2026-07-24 23:42:08 | DEBUG | [20260724_234151] 信号异常 化工ETF: All arrays must be of the same length
2026-07-24 23:42:08 | DEBUG | [20260724_234151] 信号异常 钢铁ETF: All arrays must be of the same length
2026-07-24 23:42:08 | DEBUG | [20260724_234151] 信号异常 油气ETF: All arrays must be of the same length
2026-07-24 23:42:08 | DEBUG | [20260724_234151] 信号异常 传媒ETF: All arrays must be of the same length
2026-07-24 23:42:08 | DEBUG | [20260724_234151] 信号异常 游戏ETF: All arrays must be of the same length
2026-07-24 23:42:08 | DEBUG | [20260724_234151] 信号异常 机器人ETF: All arrays must be of the same length
2026-07-24 23:42:08 | DEBUG | [20260724_234151] 信号异常 汽车ETF: All arrays must be of the same length
2026-07-24 23:42:08 | DEBUG | [20260724_234151] 信号异常 基建ETF: All arrays must be of the same length
2026-07-24 23:42:08 | DEBUG | [20260724_234151] 信号异常 红利ETF: All arrays must be of the same length
2026-07-24 23:42:08 | DEBUG | [20260724_234151] 信号异常 中证红利ETF: All arrays must be of the same length
2026-07-24 23:42:08 | WARNING | [20260724_234151] 2025-12-08 回测异常: Account.holdings_value() missing 1 required positional argument: 'prices'
2026-07-24 23:42:08 | DEBUG | [20260724_234151] 信号异常 中证500ETF: All arrays must be of the same length
2026-07-24 23:42:08 | DEBUG | [20260724_234151] 信号异常 中证1000ETF: All arrays must be of the same length
2026-07-24 23:42:08 | DEBUG | [20260724_234151] 信号异常 银行ETF: All arrays must be of the same length
2026-07-24 23:42:08 | DEBUG | [20260724_234151] 信号异常 券商ETF: All arrays must be of the same length
2026-07-24 23:42:08 | DEBUG | [20260724_234151] 信号异常 房地产ETF: All arrays must be of the same length
2026-07-24 23:42:08 | DEBUG | [20260724_234151] 信号异常 食品饮料ETF: All arrays must be of the same length
2026-07-24 23:42:08 | DEBUG | [20260724_234151] 信号异常 养殖ETF: All arrays must be of the same length
2026-07-24 23:42:08 | DEBUG | [20260724_234151] 信号异常 酒ETF: All arrays must be of the same length
2026-07-24 23:42:08 | DEBUG | [20260724_234151] 信号异常 家电ETF: All arrays must be of the same length
2026-07-24 23:42:08 | DEBUG | [20260724_234151] 信号异常 医药ETF: All arrays must be of the same length
2026-07-24 23:42:08 | DEBUG | [20260724_234151] 信号异常 创新药ETF: All arrays must be of the same length
2026-07-24 23:42:08 | DEBUG | [20260724_234151] 信号异常 医疗ETF: All arrays must be of the same length
2026-07-24 23:42:08 | DEBUG | [20260724_234151] 信号异常 计算机ETF: All arrays must be of the same length
2026-07-24 23:42:08 | DEBUG | [20260724_234151] 信号异常 人工智能ETF: All arrays must be of the same length
2026-07-24 23:42:08 | DEBUG | [20260724_234151] 信号异常 新能源车ETF: All arrays must be of the same length
2026-07-24 23:42:08 | DEBUG | [20260724_234151] 信号异常 电力ETF: All arrays must be of the same length
2026-07-24 23:42:08 | DEBUG | [20260724_234151] 信号异常 光伏ETF: All arrays must be of the same length
2026-07-24 23:42:08 | DEBUG | [20260724_234151] 信号异常 军工ETF: All arrays must be of the same length
2026-07-24 23:42:08 | DEBUG | [20260724_234151] 信号异常 国防ETF: All arrays must be of the same length
2026-07-24 23:42:08 | DEBUG | [20260724_234151] 信号异常 稀土ETF: All arrays must be of the same length
2026-07-24 23:42:08 | DEBUG | [20260724_234151] 信号异常 有色金属ETF: All arrays must be of the same length
2026-07-24 23:42:08 | DEBUG | [20260724_234151] 信号异常 煤炭ETF: All arrays must be of the same length
2026-07-24 23:42:08 | DEBUG | [20260724_234151] 信号异常 化工ETF: All arrays must be of the same length
2026-07-24 23:42:08 | DEBUG | [20260724_234151] 信号异常 钢铁ETF: All arrays must be of the same length
2026-07-24 23:42:08 | DEBUG | [20260724_234151] 信号异常 油气ETF: All arrays must be of the same length
2026-07-24 23:42:08 | DEBUG | [20260724_234151] 信号异常 传媒ETF: All arrays must be of the same length
2026-07-24 23:42:08 | DEBUG | [20260724_234151] 信号异常 游戏ETF: All arrays must be of the same length
2026-07-24 23:42:08 | DEBUG | [20260724_234151] 信号异常 机器人ETF: All arrays must be of the same length
2026-07-24 23:42:08 | DEBUG | [20260724_234151] 信号异常 汽车ETF: All arrays must be of the same length
2026-07-24 23:42:08 | DEBUG | [20260724_234151] 信号异常 基建ETF: All arrays must be of the same length
2026-07-24 23:42:08 | DEBUG | [20260724_234151] 信号异常 红利ETF: All arrays must be of the same length
2026-07-24 23:42:08 | DEBUG | [20260724_234151] 信号异常 中证红利ETF: All arrays must be of the same length
2026-07-24 23:42:08 | WARNING | [20260724_234151] 2025-12-09 回测异常: Account.holdings_value() missing 1 required positional argument: 'prices'
2026-07-24 23:42:08 | DEBUG | [20260724_234151] 信号异常 中证500ETF: All arrays must be of the same length
2026-07-24 23:42:08 | DEBUG | [20260724_234151] 信号异常 中证1000ETF: All arrays must be of the same length
2026-07-24 23:42:08 | DEBUG | [20260724_234151] 信号异常 银行ETF: All arrays must be of the same length
2026-07-24 23:42:08 | DEBUG | [20260724_234151] 信号异常 券商ETF: All arrays must be of the same length
2026-07-24 23:42:08 | DEBUG | [20260724_234151] 信号异常 房地产ETF: All arrays must be of the same length
2026-07-24 23:42:08 | DEBUG | [20260724_234151] 信号异常 食品饮料ETF: All arrays must be of the same length
2026-07-24 23:42:08 | DEBUG | [20260724_234151] 信号异常 养殖ETF: All arrays must be of the same length
2026-07-24 23:42:08 | DEBUG | [20260724_234151] 信号异常 酒ETF: All arrays must be of the same length
2026-07-24 23:42:08 | DEBUG | [20260724_234151] 信号异常 家电ETF: All arrays must be of the same length
2026-07-24 23:42:08 | DEBUG | [20260724_234151] 信号异常 医药ETF: All arrays must be of the same length
2026-07-24 23:42:08 | DEBUG | [20260724_234151] 信号异常 创新药ETF: All arrays must be of the same length
2026-07-24 23:42:08 | DEBUG | [20260724_234151] 信号异常 医疗ETF: All arrays must be of the same length
2026-07-24 23:42:08 | DEBUG | [20260724_234151] 信号异常 计算机ETF: All arrays must be of the same length
2026-07-24 23:42:08 | DEBUG | [20260724_234151] 信号异常 人工智能ETF: All arrays must be of the same length
2026-07-24 23:42:08 | DEBUG | [20260724_234151] 信号异常 新能源车ETF: All arrays must be of the same length
2026-07-24 23:42:08 | DEBUG | [20260724_234151] 信号异常 电力ETF: All arrays must be of the same length
2026-07-24 23:42:08 | DEBUG | [20260724_234151] 信号异常 光伏ETF: All arrays must be of the same length
2026-07-24 23:42:08 | DEBUG | [20260724_234151] 信号异常 军工ETF: All arrays must be of the same length
2026-07-24 23:42:08 | DEBUG | [20260724_234151] 信号异常 国防ETF: All arrays must be of the same length
2026-07-24 23:42:08 | DEBUG | [20260724_234151] 信号异常 稀土ETF: All arrays must be of the same length
2026-07-24 23:42:08 | DEBUG | [20260724_234151] 信号异常 有色金属ETF: All arrays must be of the same length
2026-07-24 23:42:08 | DEBUG | [20260724_234151] 信号异常 煤炭ETF: All arrays must be of the same length
2026-07-24 23:42:08 | DEBUG | [20260724_234151] 信号异常 化工ETF: All arrays must be of the same length
2026-07-24 23:42:08 | DEBUG | [20260724_234151] 信号异常 钢铁ETF: All arrays must be of the same length
2026-07-24 23:42:08 | DEBUG | [20260724_234151] 信号异常 油气ETF: All arrays must be of the same length
2026-07-24 23:42:08 | DEBUG | [20260724_234151] 信号异常 传媒ETF: All arrays must be of the same length
2026-07-24 23:42:08 | DEBUG | [20260724_234151] 信号异常 游戏ETF: All arrays must be of the same length
2026-07-24 23:42:08 | DEBUG | [20260724_234151] 信号异常 机器人ETF: All arrays must be of the same length
2026-07-24 23:42:08 | DEBUG | [20260724_234151] 信号异常 汽车ETF: All arrays must be of the same length
2026-07-24 23:42:08 | DEBUG | [20260724_234151] 信号异常 基建ETF: All arrays must be of the same length
2026-07-24 23:42:08 | DEBUG | [20260724_234151] 信号异常 红利ETF: All arrays must be of the same length
2026-07-24 23:42:08 | DEBUG | [20260724_234151] 信号异常 中证红利ETF: All arrays must be of the same length
2026-07-24 23:42:08 | WARNING | [20260724_234151] 2025-12-10 回测异常: Account.holdings_value() missing 1 required positional argument: 'prices'
2026-07-24 23:42:08 | DEBUG | [20260724_234151] 信号异常 中证500ETF: All arrays must be of the same length
2026-07-24 23:42:08 | DEBUG | [20260724_234151] 信号异常 中证1000ETF: All arrays must be of the same length
2026-07-24 23:42:08 | DEBUG | [20260724_234151] 信号异常 银行ETF: All arrays must be of the same length
2026-07-24 23:42:08 | DEBUG | [20260724_234151] 信号异常 券商ETF: All arrays must be of the same length
2026-07-24 23:42:08 | DEBUG | [20260724_234151] 信号异常 房地产ETF: All arrays must be of the same length
2026-07-24 23:42:08 | DEBUG | [20260724_234151] 信号异常 食品饮料ETF: All arrays must be of the same length
2026-07-24 23:42:08 | DEBUG | [20260724_234151] 信号异常 养殖ETF: All arrays must be of the same length
2026-07-24 23:42:08 | DEBUG | [20260724_234151] 信号异常 酒ETF: All arrays must be of the same length
2026-07-24 23:42:08 | DEBUG | [20260724_234151] 信号异常 家电ETF: All arrays must be of the same length
2026-07-24 23:42:08 | DEBUG | [20260724_234151] 信号异常 医药ETF: All arrays must be of the same length
2026-07-24 23:42:08 | DEBUG | [20260724_234151] 信号异常 创新药ETF: All arrays must be of the same length
2026-07-24 23:42:08 | DEBUG | [20260724_234151] 信号异常 医疗ETF: All arrays must be of the same length
2026-07-24 23:42:08 | DEBUG | [20260724_234151] 信号异常 计算机ETF: All arrays must be of the same length
2026-07-24 23:42:08 | DEBUG | [20260724_234151] 信号异常 人工智能ETF: All arrays must be of the same length
2026-07-24 23:42:08 | DEBUG | [20260724_234151] 信号异常 新能源车ETF: All arrays must be of the same length
2026-07-24 23:42:08 | DEBUG | [20260724_234151] 信号异常 电力ETF: All arrays must be of the same length
2026-07-24 23:42:08 | DEBUG | [20260724_234151] 信号异常 光伏ETF: All arrays must be of the same length
2026-07-24 23:42:08 | DEBUG | [20260724_234151] 信号异常 军工ETF: All arrays must be of the same length
2026-07-24 23:42:08 | DEBUG | [20260724_234151] 信号异常 国防ETF: All arrays must be of the same length
2026-07-24 23:42:08 | DEBUG | [20260724_234151] 信号异常 稀土ETF: All arrays must be of the same length
2026-07-24 23:42:08 | DEBUG | [20260724_234151] 信号异常 有色金属ETF: All arrays must be of the same length
2026-07-24 23:42:08 | DEBUG | [20260724_234151] 信号异常 煤炭ETF: All arrays must be of the same length
2026-07-24 23:42:08 | DEBUG | [20260724_234151] 信号异常 化工ETF: All arrays must be of the same length
2026-07-24 23:42:08 | DEBUG | [20260724_234151] 信号异常 钢铁ETF: All arrays must be of the same length
2026-07-24 23:42:08 | DEBUG | [20260724_234151] 信号异常 油气ETF: All arrays must be of the same length
2026-07-24 23:42:08 | DEBUG | [20260724_234151] 信号异常 传媒ETF: All arrays must be of the same length
2026-07-24 23:42:08 | DEBUG | [20260724_234151] 信号异常 游戏ETF: All arrays must be of the same length
2026-07-24 23:42:08 | DEBUG | [20260724_234151] 信号异常 机器人ETF: All arrays must be of the same length
2026-07-24 23:42:08 | DEBUG | [20260724_234151] 信号异常 汽车ETF: All arrays must be of the same length
2026-07-24 23:42:08 | DEBUG | [20260724_234151] 信号异常 基建ETF: All arrays must be of the same length
2026-07-24 23:42:08 | DEBUG | [20260724_234151] 信号异常 红利ETF: All arrays must be of the same length
2026-07-24 23:42:08 | DEBUG | [20260724_234151] 信号异常 中证红利ETF: All arrays must be of the same length
2026-07-24 23:42:08 | WARNING | [20260724_234151] 2025-12-11 回测异常: Account.holdings_value() missing 1 required positional argument: 'prices'
2026-07-24 23:42:08 | DEBUG | [20260724_234151] 信号异常 中证500ETF: All arrays must be of the same length
2026-07-24 23:42:08 | DEBUG | [20260724_234151] 信号异常 中证1000ETF: All arrays must be of the same length
2026-07-24 23:42:08 | DEBUG | [20260724_234151] 信号异常 银行ETF: All arrays must be of the same length
2026-07-24 23:42:08 | DEBUG | [20260724_234151] 信号异常 券商ETF: All arrays must be of the same length
2026-07-24 23:42:08 | DEBUG | [20260724_234151] 信号异常 房地产ETF: All arrays must be of the same length
2026-07-24 23:42:08 | DEBUG | [20260724_234151] 信号异常 食品饮料ETF: All arrays must be of the same length
2026-07-24 23:42:08 | DEBUG | [20260724_234151] 信号异常 养殖ETF: All arrays must be of the same length
2026-07-24 23:42:08 | DEBUG | [20260724_234151] 信号异常 酒ETF: All arrays must be of the same length
2026-07-24 23:42:08 | DEBUG | [20260724_234151] 信号异常 家电ETF: All arrays must be of the same length
2026-07-24 23:42:08 | DEBUG | [20260724_234151] 信号异常 医药ETF: All arrays must be of the same length
2026-07-24 23:42:08 | DEBUG | [20260724_234151] 信号异常 创新药ETF: All arrays must be of the same length
2026-07-24 23:42:08 | DEBUG | [20260724_234151] 信号异常 医疗ETF: All arrays must be of the same length
2026-07-24 23:42:08 | DEBUG | [20260724_234151] 信号异常 计算机ETF: All arrays must be of the same length
2026-07-24 23:42:08 | DEBUG | [20260724_234151] 信号异常 人工智能ETF: All arrays must be of the same length
2026-07-24 23:42:08 | DEBUG | [20260724_234151] 信号异常 新能源车ETF: All arrays must be of the same length
2026-07-24 23:42:08 | DEBUG | [20260724_234151] 信号异常 电力ETF: All arrays must be of the same length
2026-07-24 23:42:08 | DEBUG | [20260724_234151] 信号异常 光伏ETF: All arrays must be of the same length
2026-07-24 23:42:08 | DEBUG | [20260724_234151] 信号异常 军工ETF: All arrays must be of the same length
2026-07-24 23:42:08 | DEBUG | [20260724_234151] 信号异常 国防ETF: All arrays must be of the same length
2026-07-24 23:42:08 | DEBUG | [20260724_234151] 信号异常 稀土ETF: All arrays must be of the same length
2026-07-24 23:42:08 | DEBUG | [20260724_234151] 信号异常 有色金属ETF: All arrays must be of the same length
2026-07-24 23:42:08 | DEBUG | [20260724_234151] 信号异常 煤炭ETF: All arrays must be of the same length
2026-07-24 23:42:08 | DEBUG | [20260724_234151] 信号异常 化工ETF: All arrays must be of the same length
2026-07-24 23:42:08 | DEBUG | [20260724_234151] 信号异常 钢铁ETF: All arrays must be of the same length
2026-07-24 23:42:08 | DEBUG | [20260724_234151] 信号异常 油气ETF: All arrays must be of the same length
2026-07-24 23:42:08 | DEBUG | [20260724_234151] 信号异常 传媒ETF: All arrays must be of the same length
2026-07-24 23:42:08 | DEBUG | [20260724_234151] 信号异常 游戏ETF: All arrays must be of the same length
2026-07-24 23:42:08 | DEBUG | [20260724_234151] 信号异常 机器人ETF: All arrays must be of the same length
2026-07-24 23:42:08 | DEBUG | [20260724_234151] 信号异常 汽车ETF: All arrays must be of the same length
2026-07-24 23:42:08 | DEBUG | [20260724_234151] 信号异常 基建ETF: All arrays must be of the same length
2026-07-24 23:42:08 | DEBUG | [20260724_234151] 信号异常 红利ETF: All arrays must be of the same length
2026-07-24 23:42:08 | DEBUG | [20260724_234151] 信号异常 中证红利ETF: All arrays must be of the same length
2026-07-24 23:42:08 | WARNING | [20260724_234151] 2025-12-12 回测异常: Account.holdings_value() missing 1 required positional argument: 'prices'
2026-07-24 23:42:08 | DEBUG | [20260724_234151] 信号异常 中证500ETF: All arrays must be of the same length
2026-07-24 23:42:08 | DEBUG | [20260724_234151] 信号异常 中证1000ETF: All arrays must be of the same length
2026-07-24 23:42:08 | DEBUG | [20260724_234151] 信号异常 银行ETF: All arrays must be of the same length
2026-07-24 23:42:08 | DEBUG | [20260724_234151] 信号异常 券商ETF: All arrays must be of the same length
2026-07-24 23:42:08 | DEBUG | [20260724_234151] 信号异常 房地产ETF: All arrays must be of the same length
2026-07-24 23:42:08 | DEBUG | [20260724_234151] 信号异常 食品饮料ETF: All arrays must be of the same length
2026-07-24 23:42:08 | DEBUG | [20260724_234151] 信号异常 养殖ETF: All arrays must be of the same length
2026-07-24 23:42:08 | DEBUG | [20260724_234151] 信号异常 酒ETF: All arrays must be of the same length
2026-07-24 23:42:08 | DEBUG | [20260724_234151] 信号异常 家电ETF: All arrays must be of the same length
2026-07-24 23:42:08 | DEBUG | [20260724_234151] 信号异常 医药ETF: All arrays must be of the same length
2026-07-24 23:42:08 | DEBUG | [20260724_234151] 信号异常 创新药ETF: All arrays must be of the same length
2026-07-24 23:42:08 | DEBUG | [20260724_234151] 信号异常 医疗ETF: All arrays must be of the same length
2026-07-24 23:42:08 | DEBUG | [20260724_234151] 信号异常 计算机ETF: All arrays must be of the same length
2026-07-24 23:42:08 | DEBUG | [20260724_234151] 信号异常 人工智能ETF: All arrays must be of the same length
2026-07-24 23:42:08 | DEBUG | [20260724_234151] 信号异常 新能源车ETF: All arrays must be of the same length
2026-07-24 23:42:08 | DEBUG | [20260724_234151] 信号异常 电力ETF: All arrays must be of the same length
2026-07-24 23:42:08 | DEBUG | [20260724_234151] 信号异常 光伏ETF: All arrays must be of the same length
2026-07-24 23:42:08 | DEBUG | [20260724_234151] 信号异常 军工ETF: All arrays must be of the same length
2026-07-24 23:42:08 | DEBUG | [20260724_234151] 信号异常 国防ETF: All arrays must be of the same length
2026-07-24 23:42:08 | DEBUG | [20260724_234151] 信号异常 稀土ETF: All arrays must be of the same length
2026-07-24 23:42:08 | DEBUG | [20260724_234151] 信号异常 有色金属ETF: All arrays must be of the same length
2026-07-24 23:42:08 | DEBUG | [20260724_234151] 信号异常 煤炭ETF: All arrays must be of the same length
2026-07-24 23:42:08 | DEBUG | [20260724_234151] 信号异常 化工ETF: All arrays must be of the same length
2026-07-24 23:42:08 | DEBUG | [20260724_234151] 信号异常 钢铁ETF: All arrays must be of the same length
2026-07-24 23:42:08 | DEBUG | [20260724_234151] 信号异常 油气ETF: All arrays must be of the same length
2026-07-24 23:42:08 | DEBUG | [20260724_234151] 信号异常 传媒ETF: All arrays must be of the same length
2026-07-24 23:42:08 | DEBUG | [20260724_234151] 信号异常 游戏ETF: All arrays must be of the same length
2026-07-24 23:42:08 | DEBUG | [20260724_234151] 信号异常 机器人ETF: All arrays must be of the same length
2026-07-24 23:42:08 | DEBUG | [20260724_234151] 信号异常 汽车ETF: All arrays must be of the same length
2026-07-24 23:42:08 | DEBUG | [20260724_234151] 信号异常 基建ETF: All arrays must be of the same length
2026-07-24 23:42:08 | DEBUG | [20260724_234151] 信号异常 红利ETF: All arrays must be of the same length
2026-07-24 23:42:08 | DEBUG | [20260724_234151] 信号异常 中证红利ETF: All arrays must be of the same length
2026-07-24 23:42:08 | WARNING | [20260724_234151] 2025-12-15 回测异常: Account.holdings_value() missing 1 required positional argument: 'prices'
2026-07-24 23:42:08 | DEBUG | [20260724_234151] 信号异常 中证500ETF: All arrays must be of the same length
2026-07-24 23:42:08 | DEBUG | [20260724_234151] 信号异常 中证1000ETF: All arrays must be of the same length
2026-07-24 23:42:08 | DEBUG | [20260724_234151] 信号异常 银行ETF: All arrays must be of the same length
2026-07-24 23:42:08 | DEBUG | [20260724_234151] 信号异常 券商ETF: All arrays must be of the same length
2026-07-24 23:42:08 | DEBUG | [20260724_234151] 信号异常 房地产ETF: All arrays must be of the same length
2026-07-24 23:42:08 | DEBUG | [20260724_234151] 信号异常 食品饮料ETF: All arrays must be of the same length
2026-07-24 23:42:08 | DEBUG | [20260724_234151] 信号异常 养殖ETF: All arrays must be of the same length
2026-07-24 23:42:08 | DEBUG | [20260724_234151] 信号异常 酒ETF: All arrays must be of the same length
2026-07-24 23:42:08 | DEBUG | [20260724_234151] 信号异常 家电ETF: All arrays must be of the same length
2026-07-24 23:42:08 | DEBUG | [20260724_234151] 信号异常 医药ETF: All arrays must be of the same length
2026-07-24 23:42:08 | DEBUG | [20260724_234151] 信号异常 创新药ETF: All arrays must be of the same length
2026-07-24 23:42:08 | DEBUG | [20260724_234151] 信号异常 医疗ETF: All arrays must be of the same length
2026-07-24 23:42:08 | DEBUG | [20260724_234151] 信号异常 计算机ETF: All arrays must be of the same length
2026-07-24 23:42:08 | DEBUG | [20260724_234151] 信号异常 人工智能ETF: All arrays must be of the same length
2026-07-24 23:42:08 | DEBUG | [20260724_234151] 信号异常 新能源车ETF: All arrays must be of the same length
2026-07-24 23:42:08 | DEBUG | [20260724_234151] 信号异常 电力ETF: All arrays must be of the same length
2026-07-24 23:42:08 | DEBUG | [20260724_234151] 信号异常 光伏ETF: All arrays must be of the same length
2026-07-24 23:42:08 | DEBUG | [20260724_234151] 信号异常 军工ETF: All arrays must be of the same length
2026-07-24 23:42:08 | DEBUG | [20260724_234151] 信号异常 国防ETF: All arrays must be of the same length
2026-07-24 23:42:08 | DEBUG | [20260724_234151] 信号异常 稀土ETF: All arrays must be of the same length
2026-07-24 23:42:08 | DEBUG | [20260724_234151] 信号异常 有色金属ETF: All arrays must be of the same length
2026-07-24 23:42:08 | DEBUG | [20260724_234151] 信号异常 煤炭ETF: All arrays must be of the same length
2026-07-24 23:42:08 | DEBUG | [20260724_234151] 信号异常 化工ETF: All arrays must be of the same length
2026-07-24 23:42:08 | DEBUG | [20260724_234151] 信号异常 钢铁ETF: All arrays must be of the same length
2026-07-24 23:42:08 | DEBUG | [20260724_234151] 信号异常 油气ETF: All arrays must be of the same length
2026-07-24 23:42:08 | DEBUG | [20260724_234151] 信号异常 传媒ETF: All arrays must be of the same length
2026-07-24 23:42:08 | DEBUG | [20260724_234151] 信号异常 游戏ETF: All arrays must be of the same length
2026-07-24 23:42:08 | DEBUG | [20260724_234151] 信号异常 机器人ETF: All arrays must be of the same length
2026-07-24 23:42:08 | DEBUG | [20260724_234151] 信号异常 汽车ETF: All arrays must be of the same length
2026-07-24 23:42:08 | DEBUG | [20260724_234151] 信号异常 基建ETF: All arrays must be of the same length
2026-07-24 23:42:08 | DEBUG | [20260724_234151] 信号异常 红利ETF: All arrays must be of the same length
2026-07-24 23:42:08 | DEBUG | [20260724_234151] 信号异常 中证红利ETF: All arrays must be of the same length
2026-07-24 23:42:08 | WARNING | [20260724_234151] 2025-12-16 回测异常: Account.holdings_value() missing 1 required positional argument: 'prices'
2026-07-24 23:42:08 | DEBUG | [20260724_234151] 信号异常 中证500ETF: All arrays must be of the same length
2026-07-24 23:42:08 | DEBUG | [20260724_234151] 信号异常 中证1000ETF: All arrays must be of the same length
2026-07-24 23:42:08 | DEBUG | [20260724_234151] 信号异常 银行ETF: All arrays must be of the same length
2026-07-24 23:42:08 | DEBUG | [20260724_234151] 信号异常 券商ETF: All arrays must be of the same length
2026-07-24 23:42:08 | DEBUG | [20260724_234151] 信号异常 房地产ETF: All arrays must be of the same length
2026-07-24 23:42:08 | DEBUG | [20260724_234151] 信号异常 食品饮料ETF: All arrays must be of the same length
2026-07-24 23:42:08 | DEBUG | [20260724_234151] 信号异常 养殖ETF: All arrays must be of the same length
2026-07-24 23:42:08 | DEBUG | [20260724_234151] 信号异常 酒ETF: All arrays must be of the same length
2026-07-24 23:42:08 | DEBUG | [20260724_234151] 信号异常 家电ETF: All arrays must be of the same length
2026-07-24 23:42:08 | DEBUG | [20260724_234151] 信号异常 医药ETF: All arrays must be of the same length
2026-07-24 23:42:08 | DEBUG | [20260724_234151] 信号异常 创新药ETF: All arrays must be of the same length
2026-07-24 23:42:08 | DEBUG | [20260724_234151] 信号异常 医疗ETF: All arrays must be of the same length
2026-07-24 23:42:08 | DEBUG | [20260724_234151] 信号异常 计算机ETF: All arrays must be of the same length
2026-07-24 23:42:08 | DEBUG | [20260724_234151] 信号异常 人工智能ETF: All arrays must be of the same length
2026-07-24 23:42:08 | DEBUG | [20260724_234151] 信号异常 新能源车ETF: All arrays must be of the same length
2026-07-24 23:42:08 | DEBUG | [20260724_234151] 信号异常 电力ETF: All arrays must be of the same length
2026-07-24 23:42:08 | DEBUG | [20260724_234151] 信号异常 光伏ETF: All arrays must be of the same length
2026-07-24 23:42:08 | DEBUG | [20260724_234151] 信号异常 军工ETF: All arrays must be of the same length
2026-07-24 23:42:08 | DEBUG | [20260724_234151] 信号异常 国防ETF: All arrays must be of the same length
2026-07-24 23:42:08 | DEBUG | [20260724_234151] 信号异常 稀土ETF: All arrays must be of the same length
2026-07-24 23:42:08 | DEBUG | [20260724_234151] 信号异常 有色金属ETF: All arrays must be of the same length
2026-07-24 23:42:08 | DEBUG | [20260724_234151] 信号异常 煤炭ETF: All arrays must be of the same length
2026-07-24 23:42:08 | DEBUG | [20260724_234151] 信号异常 化工ETF: All arrays must be of the same length
2026-07-24 23:42:08 | DEBUG | [20260724_234151] 信号异常 钢铁ETF: All arrays must be of the same length
2026-07-24 23:42:08 | DEBUG | [20260724_234151] 信号异常 油气ETF: All arrays must be of the same length
2026-07-24 23:42:08 | DEBUG | [20260724_234151] 信号异常 传媒ETF: All arrays must be of the same length
2026-07-24 23:42:08 | DEBUG | [20260724_234151] 信号异常 游戏ETF: All arrays must be of the same length
2026-07-24 23:42:08 | DEBUG | [20260724_234151] 信号异常 机器人ETF: All arrays must be of the same length
2026-07-24 23:42:08 | DEBUG | [20260724_234151] 信号异常 汽车ETF: All arrays must be of the same length
2026-07-24 23:42:08 | DEBUG | [20260724_234151] 信号异常 基建ETF: All arrays must be of the same length
2026-07-24 23:42:08 | DEBUG | [20260724_234151] 信号异常 红利ETF: All arrays must be of the same length
2026-07-24 23:42:08 | DEBUG | [20260724_234151] 信号异常 中证红利ETF: All arrays must be of the same length
2026-07-24 23:42:08 | WARNING | [20260724_234151] 2025-12-17 回测异常: Account.holdings_value() missing 1 required positional argument: 'prices'
2026-07-24 23:42:08 | DEBUG | [20260724_234151] 信号异常 中证500ETF: All arrays must be of the same length
2026-07-24 23:42:08 | DEBUG | [20260724_234151] 信号异常 中证1000ETF: All arrays must be of the same length
2026-07-24 23:42:08 | DEBUG | [20260724_234151] 信号异常 银行ETF: All arrays must be of the same length
2026-07-24 23:42:08 | DEBUG | [20260724_234151] 信号异常 券商ETF: All arrays must be of the same length
2026-07-24 23:42:08 | DEBUG | [20260724_234151] 信号异常 房地产ETF: All arrays must be of the same length
2026-07-24 23:42:08 | DEBUG | [20260724_234151] 信号异常 食品饮料ETF: All arrays must be of the same length
2026-07-24 23:42:08 | DEBUG | [20260724_234151] 信号异常 养殖ETF: All arrays must be of the same length
2026-07-24 23:42:08 | DEBUG | [20260724_234151] 信号异常 酒ETF: All arrays must be of the same length
2026-07-24 23:42:08 | DEBUG | [20260724_234151] 信号异常 家电ETF: All arrays must be of the same length
2026-07-24 23:42:08 | DEBUG | [20260724_234151] 信号异常 医药ETF: All arrays must be of the same length
2026-07-24 23:42:08 | DEBUG | [20260724_234151] 信号异常 创新药ETF: All arrays must be of the same length
2026-07-24 23:42:08 | DEBUG | [20260724_234151] 信号异常 医疗ETF: All arrays must be of the same length
2026-07-24 23:42:08 | DEBUG | [20260724_234151] 信号异常 计算机ETF: All arrays must be of the same length
2026-07-24 23:42:08 | DEBUG | [20260724_234151] 信号异常 人工智能ETF: All arrays must be of the same length
2026-07-24 23:42:08 | DEBUG | [20260724_234151] 信号异常 新能源车ETF: All arrays must be of the same length
2026-07-24 23:42:08 | DEBUG | [20260724_234151] 信号异常 电力ETF: All arrays must be of the same length
2026-07-24 23:42:08 | DEBUG | [20260724_234151] 信号异常 光伏ETF: All arrays must be of the same length
2026-07-24 23:42:08 | DEBUG | [20260724_234151] 信号异常 军工ETF: All arrays must be of the same length
2026-07-24 23:42:08 | DEBUG | [20260724_234151] 信号异常 国防ETF: All arrays must be of the same length
2026-07-24 23:42:08 | DEBUG | [20260724_234151] 信号异常 稀土ETF: All arrays must be of the same length
2026-07-24 23:42:08 | DEBUG | [20260724_234151] 信号异常 有色金属ETF: All arrays must be of the same length
2026-07-24 23:42:08 | DEBUG | [20260724_234151] 信号异常 煤炭ETF: All arrays must be of the same length
2026-07-24 23:42:08 | DEBUG | [20260724_234151] 信号异常 化工ETF: All arrays must be of the same length
2026-07-24 23:42:08 | DEBUG | [20260724_234151] 信号异常 钢铁ETF: All arrays must be of the same length
2026-07-24 23:42:08 | DEBUG | [20260724_234151] 信号异常 油气ETF: All arrays must be of the same length
2026-07-24 23:42:08 | DEBUG | [20260724_234151] 信号异常 传媒ETF: All arrays must be of the same length
2026-07-24 23:42:08 | DEBUG | [20260724_234151] 信号异常 游戏ETF: All arrays must be of the same length
2026-07-24 23:42:08 | DEBUG | [20260724_234151] 信号异常 机器人ETF: All arrays must be of the same length
2026-07-24 23:42:08 | DEBUG | [20260724_234151] 信号异常 汽车ETF: All arrays must be of the same length
2026-07-24 23:42:08 | DEBUG | [20260724_234151] 信号异常 基建ETF: All arrays must be of the same length
2026-07-24 23:42:08 | DEBUG | [20260724_234151] 信号异常 红利ETF: All arrays must be of the same length
2026-07-24 23:42:08 | DEBUG | [20260724_234151] 信号异常 中证红利ETF: All arrays must be of the same length
2026-07-24 23:42:08 | WARNING | [20260724_234151] 2025-12-18 回测异常: Account.holdings_value() missing 1 required positional argument: 'prices'
2026-07-24 23:42:08 | DEBUG | [20260724_234151] 信号异常 中证500ETF: All arrays must be of the same length
2026-07-24 23:42:08 | DEBUG | [20260724_234151] 信号异常 中证1000ETF: All arrays must be of the same length
2026-07-24 23:42:08 | DEBUG | [20260724_234151] 信号异常 银行ETF: All arrays must be of the same length
2026-07-24 23:42:08 | DEBUG | [20260724_234151] 信号异常 券商ETF: All arrays must be of the same length
2026-07-24 23:42:08 | DEBUG | [20260724_234151] 信号异常 房地产ETF: All arrays must be of the same length
2026-07-24 23:42:08 | DEBUG | [20260724_234151] 信号异常 食品饮料ETF: All arrays must be of the same length
2026-07-24 23:42:08 | DEBUG | [20260724_234151] 信号异常 养殖ETF: All arrays must be of the same length
2026-07-24 23:42:08 | DEBUG | [20260724_234151] 信号异常 酒ETF: All arrays must be of the same length
2026-07-24 23:42:08 | DEBUG | [20260724_234151] 信号异常 家电ETF: All arrays must be of the same length
2026-07-24 23:42:08 | DEBUG | [20260724_234151] 信号异常 医药ETF: All arrays must be of the same length
2026-07-24 23:42:08 | DEBUG | [20260724_234151] 信号异常 创新药ETF: All arrays must be of the same length
2026-07-24 23:42:08 | DEBUG | [20260724_234151] 信号异常 医疗ETF: All arrays must be of the same length
2026-07-24 23:42:08 | DEBUG | [20260724_234151] 信号异常 计算机ETF: All arrays must be of the same length
2026-07-24 23:42:08 | DEBUG | [20260724_234151] 信号异常 人工智能ETF: All arrays must be of the same length
2026-07-24 23:42:08 | DEBUG | [20260724_234151] 信号异常 新能源车ETF: All arrays must be of the same length
2026-07-24 23:42:08 | DEBUG | [20260724_234151] 信号异常 电力ETF: All arrays must be of the same length
2026-07-24 23:42:08 | DEBUG | [20260724_234151] 信号异常 光伏ETF: All arrays must be of the same length
2026-07-24 23:42:08 | DEBUG | [20260724_234151] 信号异常 军工ETF: All arrays must be of the same length
2026-07-24 23:42:08 | DEBUG | [20260724_234151] 信号异常 国防ETF: All arrays must be of the same length
2026-07-24 23:42:08 | DEBUG | [20260724_234151] 信号异常 稀土ETF: All arrays must be of the same length
2026-07-24 23:42:08 | DEBUG | [20260724_234151] 信号异常 有色金属ETF: All arrays must be of the same length
2026-07-24 23:42:08 | DEBUG | [20260724_234151] 信号异常 煤炭ETF: All arrays must be of the same length
2026-07-24 23:42:08 | DEBUG | [20260724_234151] 信号异常 化工ETF: All arrays must be of the same length
2026-07-24 23:42:08 | DEBUG | [20260724_234151] 信号异常 钢铁ETF: All arrays must be of the same length
2026-07-24 23:42:08 | DEBUG | [20260724_234151] 信号异常 油气ETF: All arrays must be of the same length
2026-07-24 23:42:08 | DEBUG | [20260724_234151] 信号异常 传媒ETF: All arrays must be of the same length
2026-07-24 23:42:08 | DEBUG | [20260724_234151] 信号异常 游戏ETF: All arrays must be of the same length
2026-07-24 23:42:08 | DEBUG | [20260724_234151] 信号异常 机器人ETF: All arrays must be of the same length
2026-07-24 23:42:08 | DEBUG | [20260724_234151] 信号异常 汽车ETF: All arrays must be of the same length
2026-07-24 23:42:08 | DEBUG | [20260724_234151] 信号异常 基建ETF: All arrays must be of the same length
2026-07-24 23:42:08 | DEBUG | [20260724_234151] 信号异常 红利ETF: All arrays must be of the same length
2026-07-24 23:42:08 | DEBUG | [20260724_234151] 信号异常 中证红利ETF: All arrays must be of the same length
2026-07-24 23:42:08 | WARNING | [20260724_234151] 2025-12-19 回测异常: Account.holdings_value() missing 1 required positional argument: 'prices'
2026-07-24 23:42:08 | DEBUG | [20260724_234151] 信号异常 中证500ETF: All arrays must be of the same length
2026-07-24 23:42:08 | DEBUG | [20260724_234151] 信号异常 中证1000ETF: All arrays must be of the same length
2026-07-24 23:42:08 | DEBUG | [20260724_234151] 信号异常 银行ETF: All arrays must be of the same length
2026-07-24 23:42:08 | DEBUG | [20260724_234151] 信号异常 券商ETF: All arrays must be of the same length
2026-07-24 23:42:08 | DEBUG | [20260724_234151] 信号异常 房地产ETF: All arrays must be of the same length
2026-07-24 23:42:08 | DEBUG | [20260724_234151] 信号异常 食品饮料ETF: All arrays must be of the same length
2026-07-24 23:42:08 | DEBUG | [20260724_234151] 信号异常 养殖ETF: All arrays must be of the same length
2026-07-24 23:42:08 | DEBUG | [20260724_234151] 信号异常 酒ETF: All arrays must be of the same length
2026-07-24 23:42:08 | DEBUG | [20260724_234151] 信号异常 家电ETF: All arrays must be of the same length
2026-07-24 23:42:08 | DEBUG | [20260724_234151] 信号异常 医药ETF: All arrays must be of the same length
2026-07-24 23:42:08 | DEBUG | [20260724_234151] 信号异常 创新药ETF: All arrays must be of the same length
2026-07-24 23:42:08 | DEBUG | [20260724_234151] 信号异常 医疗ETF: All arrays must be of the same length
2026-07-24 23:42:08 | DEBUG | [20260724_234151] 信号异常 计算机ETF: All arrays must be of the same length
2026-07-24 23:42:08 | DEBUG | [20260724_234151] 信号异常 人工智能ETF: All arrays must be of the same length
2026-07-24 23:42:08 | DEBUG | [20260724_234151] 信号异常 新能源车ETF: All arrays must be of the same length
2026-07-24 23:42:08 | DEBUG | [20260724_234151] 信号异常 电力ETF: All arrays must be of the same length
2026-07-24 23:42:08 | DEBUG | [20260724_234151] 信号异常 光伏ETF: All arrays must be of the same length
2026-07-24 23:42:08 | DEBUG | [20260724_234151] 信号异常 军工ETF: All arrays must be of the same length
2026-07-24 23:42:08 | DEBUG | [20260724_234151] 信号异常 国防ETF: All arrays must be of the same length
2026-07-24 23:42:08 | DEBUG | [20260724_234151] 信号异常 稀土ETF: All arrays must be of the same length
2026-07-24 23:42:08 | DEBUG | [20260724_234151] 信号异常 有色金属ETF: All arrays must be of the same length
2026-07-24 23:42:08 | DEBUG | [20260724_234151] 信号异常 煤炭ETF: All arrays must be of the same length
2026-07-24 23:42:08 | DEBUG | [20260724_234151] 信号异常 化工ETF: All arrays must be of the same length
2026-07-24 23:42:08 | DEBUG | [20260724_234151] 信号异常 钢铁ETF: All arrays must be of the same length
2026-07-24 23:42:08 | DEBUG | [20260724_234151] 信号异常 油气ETF: All arrays must be of the same length
2026-07-24 23:42:08 | DEBUG | [20260724_234151] 信号异常 传媒ETF: All arrays must be of the same length
2026-07-24 23:42:08 | DEBUG | [20260724_234151] 信号异常 游戏ETF: All arrays must be of the same length
2026-07-24 23:42:08 | DEBUG | [20260724_234151] 信号异常 机器人ETF: All arrays must be of the same length
2026-07-24 23:42:08 | DEBUG | [20260724_234151] 信号异常 汽车ETF: All arrays must be of the same length
2026-07-24 23:42:08 | DEBUG | [20260724_234151] 信号异常 基建ETF: All arrays must be of the same length
2026-07-24 23:42:08 | DEBUG | [20260724_234151] 信号异常 红利ETF: All arrays must be of the same length
2026-07-24 23:42:08 | DEBUG | [20260724_234151] 信号异常 中证红利ETF: All arrays must be of the same length
2026-07-24 23:42:08 | WARNING | [20260724_234151] 2025-12-22 回测异常: Account.holdings_value() missing 1 required positional argument: 'prices'
2026-07-24 23:42:08 | DEBUG | [20260724_234151] 信号异常 中证500ETF: All arrays must be of the same length
2026-07-24 23:42:08 | DEBUG | [20260724_234151] 信号异常 中证1000ETF: All arrays must be of the same length
2026-07-24 23:42:08 | DEBUG | [20260724_234151] 信号异常 银行ETF: All arrays must be of the same length
2026-07-24 23:42:08 | DEBUG | [20260724_234151] 信号异常 券商ETF: All arrays must be of the same length
2026-07-24 23:42:08 | DEBUG | [20260724_234151] 信号异常 房地产ETF: All arrays must be of the same length
2026-07-24 23:42:08 | DEBUG | [20260724_234151] 信号异常 食品饮料ETF: All arrays must be of the same length
2026-07-24 23:42:08 | DEBUG | [20260724_234151] 信号异常 养殖ETF: All arrays must be of the same length
2026-07-24 23:42:08 | DEBUG | [20260724_234151] 信号异常 酒ETF: All arrays must be of the same length
2026-07-24 23:42:08 | DEBUG | [20260724_234151] 信号异常 家电ETF: All arrays must be of the same length
2026-07-24 23:42:08 | DEBUG | [20260724_234151] 信号异常 医药ETF: All arrays must be of the same length
2026-07-24 23:42:08 | DEBUG | [20260724_234151] 信号异常 创新药ETF: All arrays must be of the same length
2026-07-24 23:42:08 | DEBUG | [20260724_234151] 信号异常 医疗ETF: All arrays must be of the same length
2026-07-24 23:42:08 | DEBUG | [20260724_234151] 信号异常 计算机ETF: All arrays must be of the same length
2026-07-24 23:42:08 | DEBUG | [20260724_234151] 信号异常 人工智能ETF: All arrays must be of the same length
2026-07-24 23:42:08 | DEBUG | [20260724_234151] 信号异常 新能源车ETF: All arrays must be of the same length
2026-07-24 23:42:08 | DEBUG | [20260724_234151] 信号异常 电力ETF: All arrays must be of the same length
2026-07-24 23:42:08 | DEBUG | [20260724_234151] 信号异常 光伏ETF: All arrays must be of the same length
2026-07-24 23:42:08 | DEBUG | [20260724_234151] 信号异常 军工ETF: All arrays must be of the same length
2026-07-24 23:42:08 | DEBUG | [20260724_234151] 信号异常 国防ETF: All arrays must be of the same length
2026-07-24 23:42:08 | DEBUG | [20260724_234151] 信号异常 稀土ETF: All arrays must be of the same length
2026-07-24 23:42:08 | DEBUG | [20260724_234151] 信号异常 有色金属ETF: All arrays must be of the same length
2026-07-24 23:42:08 | DEBUG | [20260724_234151] 信号异常 煤炭ETF: All arrays must be of the same length
2026-07-24 23:42:08 | DEBUG | [20260724_234151] 信号异常 化工ETF: All arrays must be of the same length
2026-07-24 23:42:08 | DEBUG | [20260724_234151] 信号异常 钢铁ETF: All arrays must be of the same length
2026-07-24 23:42:08 | DEBUG | [20260724_234151] 信号异常 油气ETF: All arrays must be of the same length
2026-07-24 23:42:08 | DEBUG | [20260724_234151] 信号异常 传媒ETF: All arrays must be of the same length
2026-07-24 23:42:08 | DEBUG | [20260724_234151] 信号异常 游戏ETF: All arrays must be of the same length
2026-07-24 23:42:08 | DEBUG | [20260724_234151] 信号异常 机器人ETF: All arrays must be of the same length
2026-07-24 23:42:08 | DEBUG | [20260724_234151] 信号异常 汽车ETF: All arrays must be of the same length
2026-07-24 23:42:08 | DEBUG | [20260724_234151] 信号异常 基建ETF: All arrays must be of the same length
2026-07-24 23:42:08 | DEBUG | [20260724_234151] 信号异常 红利ETF: All arrays must be of the same length
2026-07-24 23:42:08 | DEBUG | [20260724_234151] 信号异常 中证红利ETF: All arrays must be of the same length
2026-07-24 23:42:08 | WARNING | [20260724_234151] 2025-12-23 回测异常: Account.holdings_value() missing 1 required positional argument: 'prices'
2026-07-24 23:42:08 | DEBUG | [20260724_234151] 信号异常 中证500ETF: All arrays must be of the same length
2026-07-24 23:42:08 | DEBUG | [20260724_234151] 信号异常 中证1000ETF: All arrays must be of the same length
2026-07-24 23:42:08 | DEBUG | [20260724_234151] 信号异常 银行ETF: All arrays must be of the same length
2026-07-24 23:42:08 | DEBUG | [20260724_234151] 信号异常 券商ETF: All arrays must be of the same length
2026-07-24 23:42:08 | DEBUG | [20260724_234151] 信号异常 房地产ETF: All arrays must be of the same length
2026-07-24 23:42:08 | DEBUG | [20260724_234151] 信号异常 食品饮料ETF: All arrays must be of the same length
2026-07-24 23:42:08 | DEBUG | [20260724_234151] 信号异常 养殖ETF: All arrays must be of the same length
2026-07-24 23:42:08 | DEBUG | [20260724_234151] 信号异常 酒ETF: All arrays must be of the same length
2026-07-24 23:42:08 | DEBUG | [20260724_234151] 信号异常 家电ETF: All arrays must be of the same length
2026-07-24 23:42:08 | DEBUG | [20260724_234151] 信号异常 医药ETF: All arrays must be of the same length
2026-07-24 23:42:08 | DEBUG | [20260724_234151] 信号异常 创新药ETF: All arrays must be of the same length
2026-07-24 23:42:08 | DEBUG | [20260724_234151] 信号异常 医疗ETF: All arrays must be of the same length
2026-07-24 23:42:08 | DEBUG | [20260724_234151] 信号异常 计算机ETF: All arrays must be of the same length
2026-07-24 23:42:08 | DEBUG | [20260724_234151] 信号异常 人工智能ETF: All arrays must be of the same length
2026-07-24 23:42:08 | DEBUG | [20260724_234151] 信号异常 新能源车ETF: All arrays must be of the same length
2026-07-24 23:42:08 | DEBUG | [20260724_234151] 信号异常 电力ETF: All arrays must be of the same length
2026-07-24 23:42:08 | DEBUG | [20260724_234151] 信号异常 光伏ETF: All arrays must be of the same length
2026-07-24 23:42:08 | DEBUG | [20260724_234151] 信号异常 军工ETF: All arrays must be of the same length
2026-07-24 23:42:08 | DEBUG | [20260724_234151] 信号异常 国防ETF: All arrays must be of the same length
2026-07-24 23:42:08 | DEBUG | [20260724_234151] 信号异常 稀土ETF: All arrays must be of the same length
2026-07-24 23:42:08 | DEBUG | [20260724_234151] 信号异常 有色金属ETF: All arrays must be of the same length
2026-07-24 23:42:08 | DEBUG | [20260724_234151] 信号异常 煤炭ETF: All arrays must be of the same length
2026-07-24 23:42:08 | DEBUG | [20260724_234151] 信号异常 化工ETF: All arrays must be of the same length
2026-07-24 23:42:08 | DEBUG | [20260724_234151] 信号异常 钢铁ETF: All arrays must be of the same length
2026-07-24 23:42:08 | DEBUG | [20260724_234151] 信号异常 油气ETF: All arrays must be of the same length
2026-07-24 23:42:08 | DEBUG | [20260724_234151] 信号异常 传媒ETF: All arrays must be of the same length
2026-07-24 23:42:08 | DEBUG | [20260724_234151] 信号异常 游戏ETF: All arrays must be of the same length
2026-07-24 23:42:08 | DEBUG | [20260724_234151] 信号异常 机器人ETF: All arrays must be of the same length
2026-07-24 23:42:08 | DEBUG | [20260724_234151] 信号异常 汽车ETF: All arrays must be of the same length
2026-07-24 23:42:08 | DEBUG | [20260724_234151] 信号异常 基建ETF: All arrays must be of the same length
2026-07-24 23:42:08 | DEBUG | [20260724_234151] 信号异常 红利ETF: All arrays must be of the same length
2026-07-24 23:42:08 | DEBUG | [20260724_234151] 信号异常 中证红利ETF: All arrays must be of the same length
2026-07-24 23:42:08 | WARNING | [20260724_234151] 2025-12-24 回测异常: Account.holdings_value() missing 1 required positional argument: 'prices'
2026-07-24 23:42:08 | DEBUG | [20260724_234151] 信号异常 中证500ETF: All arrays must be of the same length
2026-07-24 23:42:08 | DEBUG | [20260724_234151] 信号异常 中证1000ETF: All arrays must be of the same length
2026-07-24 23:42:08 | DEBUG | [20260724_234151] 信号异常 银行ETF: All arrays must be of the same length
2026-07-24 23:42:08 | DEBUG | [20260724_234151] 信号异常 券商ETF: All arrays must be of the same length
2026-07-24 23:42:08 | DEBUG | [20260724_234151] 信号异常 房地产ETF: All arrays must be of the same length
2026-07-24 23:42:08 | DEBUG | [20260724_234151] 信号异常 食品饮料ETF: All arrays must be of the same length
2026-07-24 23:42:08 | DEBUG | [20260724_234151] 信号异常 养殖ETF: All arrays must be of the same length
2026-07-24 23:42:08 | DEBUG | [20260724_234151] 信号异常 酒ETF: All arrays must be of the same length
2026-07-24 23:42:08 | DEBUG | [20260724_234151] 信号异常 家电ETF: All arrays must be of the same length
2026-07-24 23:42:08 | DEBUG | [20260724_234151] 信号异常 医药ETF: All arrays must be of the same length
2026-07-24 23:42:08 | DEBUG | [20260724_234151] 信号异常 创新药ETF: All arrays must be of the same length
2026-07-24 23:42:08 | DEBUG | [20260724_234151] 信号异常 医疗ETF: All arrays must be of the same length
2026-07-24 23:42:08 | DEBUG | [20260724_234151] 信号异常 计算机ETF: All arrays must be of the same length
2026-07-24 23:42:08 | DEBUG | [20260724_234151] 信号异常 人工智能ETF: All arrays must be of the same length
2026-07-24 23:42:08 | DEBUG | [20260724_234151] 信号异常 新能源车ETF: All arrays must be of the same length
2026-07-24 23:42:08 | DEBUG | [20260724_234151] 信号异常 电力ETF: All arrays must be of the same length
2026-07-24 23:42:08 | DEBUG | [20260724_234151] 信号异常 光伏ETF: All arrays must be of the same length
2026-07-24 23:42:08 | DEBUG | [20260724_234151] 信号异常 军工ETF: All arrays must be of the same length
2026-07-24 23:42:08 | DEBUG | [20260724_234151] 信号异常 国防ETF: All arrays must be of the same length
2026-07-24 23:42:08 | DEBUG | [20260724_234151] 信号异常 稀土ETF: All arrays must be of the same length
2026-07-24 23:42:08 | DEBUG | [20260724_234151] 信号异常 有色金属ETF: All arrays must be of the same length
2026-07-24 23:42:08 | DEBUG | [20260724_234151] 信号异常 煤炭ETF: All arrays must be of the same length
2026-07-24 23:42:08 | DEBUG | [20260724_234151] 信号异常 化工ETF: All arrays must be of the same length
2026-07-24 23:42:08 | DEBUG | [20260724_234151] 信号异常 钢铁ETF: All arrays must be of the same length
2026-07-24 23:42:08 | DEBUG | [20260724_234151] 信号异常 油气ETF: All arrays must be of the same length
2026-07-24 23:42:08 | DEBUG | [20260724_234151] 信号异常 传媒ETF: All arrays must be of the same length
2026-07-24 23:42:08 | DEBUG | [20260724_234151] 信号异常 游戏ETF: All arrays must be of the same length
2026-07-24 23:42:08 | DEBUG | [20260724_234151] 信号异常 机器人ETF: All arrays must be of the same length
2026-07-24 23:42:08 | DEBUG | [20260724_234151] 信号异常 汽车ETF: All arrays must be of the same length
2026-07-24 23:42:08 | DEBUG | [20260724_234151] 信号异常 基建ETF: All arrays must be of the same length
2026-07-24 23:42:08 | DEBUG | [20260724_234151] 信号异常 红利ETF: All arrays must be of the same length
2026-07-24 23:42:08 | DEBUG | [20260724_234151] 信号异常 中证红利ETF: All arrays must be of the same length
2026-07-24 23:42:08 | WARNING | [20260724_234151] 2025-12-25 回测异常: Account.holdings_value() missing 1 required positional argument: 'prices'
2026-07-24 23:42:08 | DEBUG | [20260724_234151] 信号异常 中证500ETF: All arrays must be of the same length
2026-07-24 23:42:08 | DEBUG | [20260724_234151] 信号异常 中证1000ETF: All arrays must be of the same length
2026-07-24 23:42:08 | DEBUG | [20260724_234151] 信号异常 银行ETF: All arrays must be of the same length
2026-07-24 23:42:08 | DEBUG | [20260724_234151] 信号异常 券商ETF: All arrays must be of the same length
2026-07-24 23:42:08 | DEBUG | [20260724_234151] 信号异常 房地产ETF: All arrays must be of the same length
2026-07-24 23:42:08 | DEBUG | [20260724_234151] 信号异常 食品饮料ETF: All arrays must be of the same length
2026-07-24 23:42:08 | DEBUG | [20260724_234151] 信号异常 养殖ETF: All arrays must be of the same length
2026-07-24 23:42:08 | DEBUG | [20260724_234151] 信号异常 酒ETF: All arrays must be of the same length
2026-07-24 23:42:08 | DEBUG | [20260724_234151] 信号异常 家电ETF: All arrays must be of the same length
2026-07-24 23:42:08 | DEBUG | [20260724_234151] 信号异常 医药ETF: All arrays must be of the same length
2026-07-24 23:42:08 | DEBUG | [20260724_234151] 信号异常 创新药ETF: All arrays must be of the same length
2026-07-24 23:42:08 | DEBUG | [20260724_234151] 信号异常 医疗ETF: All arrays must be of the same length
2026-07-24 23:42:09 | DEBUG | [20260724_234151] 信号异常 计算机ETF: All arrays must be of the same length
2026-07-24 23:42:09 | DEBUG | [20260724_234151] 信号异常 人工智能ETF: All arrays must be of the same length
2026-07-24 23:42:09 | DEBUG | [20260724_234151] 信号异常 新能源车ETF: All arrays must be of the same length
2026-07-24 23:42:09 | DEBUG | [20260724_234151] 信号异常 电力ETF: All arrays must be of the same length
2026-07-24 23:42:09 | DEBUG | [20260724_234151] 信号异常 光伏ETF: All arrays must be of the same length
2026-07-24 23:42:09 | DEBUG | [20260724_234151] 信号异常 军工ETF: All arrays must be of the same length
2026-07-24 23:42:09 | DEBUG | [20260724_234151] 信号异常 国防ETF: All arrays must be of the same length
2026-07-24 23:42:09 | DEBUG | [20260724_234151] 信号异常 稀土ETF: All arrays must be of the same length
2026-07-24 23:42:09 | DEBUG | [20260724_234151] 信号异常 有色金属ETF: All arrays must be of the same length
2026-07-24 23:42:09 | DEBUG | [20260724_234151] 信号异常 煤炭ETF: All arrays must be of the same length
2026-07-24 23:42:09 | DEBUG | [20260724_234151] 信号异常 化工ETF: All arrays must be of the same length
2026-07-24 23:42:09 | DEBUG | [20260724_234151] 信号异常 钢铁ETF: All arrays must be of the same length
2026-07-24 23:42:09 | DEBUG | [20260724_234151] 信号异常 油气ETF: All arrays must be of the same length
2026-07-24 23:42:09 | DEBUG | [20260724_234151] 信号异常 传媒ETF: All arrays must be of the same length
2026-07-24 23:42:09 | DEBUG | [20260724_234151] 信号异常 游戏ETF: All arrays must be of the same length
2026-07-24 23:42:09 | DEBUG | [20260724_234151] 信号异常 机器人ETF: All arrays must be of the same length
2026-07-24 23:42:09 | DEBUG | [20260724_234151] 信号异常 汽车ETF: All arrays must be of the same length
2026-07-24 23:42:09 | DEBUG | [20260724_234151] 信号异常 基建ETF: All arrays must be of the same length
2026-07-24 23:42:09 | DEBUG | [20260724_234151] 信号异常 红利ETF: All arrays must be of the same length
2026-07-24 23:42:09 | DEBUG | [20260724_234151] 信号异常 中证红利ETF: All arrays must be of the same length
2026-07-24 23:42:09 | WARNING | [20260724_234151] 2025-12-26 回测异常: Account.holdings_value() missing 1 required positional argument: 'prices'
2026-07-24 23:42:09 | DEBUG | [20260724_234151] 信号异常 中证500ETF: All arrays must be of the same length
2026-07-24 23:42:09 | DEBUG | [20260724_234151] 信号异常 中证1000ETF: All arrays must be of the same length
2026-07-24 23:42:09 | DEBUG | [20260724_234151] 信号异常 银行ETF: All arrays must be of the same length
2026-07-24 23:42:09 | DEBUG | [20260724_234151] 信号异常 券商ETF: All arrays must be of the same length
2026-07-24 23:42:09 | DEBUG | [20260724_234151] 信号异常 房地产ETF: All arrays must be of the same length
2026-07-24 23:42:09 | DEBUG | [20260724_234151] 信号异常 食品饮料ETF: All arrays must be of the same length
2026-07-24 23:42:09 | DEBUG | [20260724_234151] 信号异常 养殖ETF: All arrays must be of the same length
2026-07-24 23:42:09 | DEBUG | [20260724_234151] 信号异常 酒ETF: All arrays must be of the same length
2026-07-24 23:42:09 | DEBUG | [20260724_234151] 信号异常 家电ETF: All arrays must be of the same length
2026-07-24 23:42:09 | DEBUG | [20260724_234151] 信号异常 医药ETF: All arrays must be of the same length
2026-07-24 23:42:09 | DEBUG | [20260724_234151] 信号异常 创新药ETF: All arrays must be of the same length
2026-07-24 23:42:09 | DEBUG | [20260724_234151] 信号异常 医疗ETF: All arrays must be of the same length
2026-07-24 23:42:09 | DEBUG | [20260724_234151] 信号异常 计算机ETF: All arrays must be of the same length
2026-07-24 23:42:09 | DEBUG | [20260724_234151] 信号异常 人工智能ETF: All arrays must be of the same length
2026-07-24 23:42:09 | DEBUG | [20260724_234151] 信号异常 新能源车ETF: All arrays must be of the same length
2026-07-24 23:42:09 | DEBUG | [20260724_234151] 信号异常 电力ETF: All arrays must be of the same length
2026-07-24 23:42:09 | DEBUG | [20260724_234151] 信号异常 光伏ETF: All arrays must be of the same length
2026-07-24 23:42:09 | DEBUG | [20260724_234151] 信号异常 军工ETF: All arrays must be of the same length
2026-07-24 23:42:09 | DEBUG | [20260724_234151] 信号异常 国防ETF: All arrays must be of the same length
2026-07-24 23:42:09 | DEBUG | [20260724_234151] 信号异常 稀土ETF: All arrays must be of the same length
2026-07-24 23:42:09 | DEBUG | [20260724_234151] 信号异常 有色金属ETF: All arrays must be of the same length
2026-07-24 23:42:09 | DEBUG | [20260724_234151] 信号异常 煤炭ETF: All arrays must be of the same length
2026-07-24 23:42:09 | DEBUG | [20260724_234151] 信号异常 化工ETF: All arrays must be of the same length
2026-07-24 23:42:09 | DEBUG | [20260724_234151] 信号异常 钢铁ETF: All arrays must be of the same length
2026-07-24 23:42:09 | DEBUG | [20260724_234151] 信号异常 油气ETF: All arrays must be of the same length
2026-07-24 23:42:09 | DEBUG | [20260724_234151] 信号异常 传媒ETF: All arrays must be of the same length
2026-07-24 23:42:09 | DEBUG | [20260724_234151] 信号异常 游戏ETF: All arrays must be of the same length
2026-07-24 23:42:09 | DEBUG | [20260724_234151] 信号异常 机器人ETF: All arrays must be of the same length
2026-07-24 23:42:09 | DEBUG | [20260724_234151] 信号异常 汽车ETF: All arrays must be of the same length
2026-07-24 23:42:09 | DEBUG | [20260724_234151] 信号异常 基建ETF: All arrays must be of the same length
2026-07-24 23:42:09 | DEBUG | [20260724_234151] 信号异常 红利ETF: All arrays must be of the same length
2026-07-24 23:42:09 | DEBUG | [20260724_234151] 信号异常 中证红利ETF: All arrays must be of the same length
2026-07-24 23:42:09 | WARNING | [20260724_234151] 2025-12-29 回测异常: Account.holdings_value() missing 1 required positional argument: 'prices'
2026-07-24 23:42:09 | DEBUG | [20260724_234151] 信号异常 中证500ETF: All arrays must be of the same length
2026-07-24 23:42:09 | DEBUG | [20260724_234151] 信号异常 中证1000ETF: All arrays must be of the same length
2026-07-24 23:42:09 | DEBUG | [20260724_234151] 信号异常 银行ETF: All arrays must be of the same length
2026-07-24 23:42:09 | DEBUG | [20260724_234151] 信号异常 券商ETF: All arrays must be of the same length
2026-07-24 23:42:09 | DEBUG | [20260724_234151] 信号异常 房地产ETF: All arrays must be of the same length
2026-07-24 23:42:09 | DEBUG | [20260724_234151] 信号异常 食品饮料ETF: All arrays must be of the same length
2026-07-24 23:42:09 | DEBUG | [20260724_234151] 信号异常 养殖ETF: All arrays must be of the same length
2026-07-24 23:42:09 | DEBUG | [20260724_234151] 信号异常 酒ETF: All arrays must be of the same length
2026-07-24 23:42:09 | DEBUG | [20260724_234151] 信号异常 家电ETF: All arrays must be of the same length
2026-07-24 23:42:09 | DEBUG | [20260724_234151] 信号异常 医药ETF: All arrays must be of the same length
2026-07-24 23:42:09 | DEBUG | [20260724_234151] 信号异常 创新药ETF: All arrays must be of the same length
2026-07-24 23:42:09 | DEBUG | [20260724_234151] 信号异常 医疗ETF: All arrays must be of the same length
2026-07-24 23:42:09 | DEBUG | [20260724_234151] 信号异常 计算机ETF: All arrays must be of the same length
2026-07-24 23:42:09 | DEBUG | [20260724_234151] 信号异常 人工智能ETF: All arrays must be of the same length
2026-07-24 23:42:09 | DEBUG | [20260724_234151] 信号异常 新能源车ETF: All arrays must be of the same length
2026-07-24 23:42:09 | DEBUG | [20260724_234151] 信号异常 电力ETF: All arrays must be of the same length
2026-07-24 23:42:09 | DEBUG | [20260724_234151] 信号异常 光伏ETF: All arrays must be of the same length
2026-07-24 23:42:09 | DEBUG | [20260724_234151] 信号异常 军工ETF: All arrays must be of the same length
2026-07-24 23:42:09 | DEBUG | [20260724_234151] 信号异常 国防ETF: All arrays must be of the same length
2026-07-24 23:42:09 | DEBUG | [20260724_234151] 信号异常 稀土ETF: All arrays must be of the same length
2026-07-24 23:42:09 | DEBUG | [20260724_234151] 信号异常 有色金属ETF: All arrays must be of the same length
2026-07-24 23:42:09 | DEBUG | [20260724_234151] 信号异常 煤炭ETF: All arrays must be of the same length
2026-07-24 23:42:09 | DEBUG | [20260724_234151] 信号异常 化工ETF: All arrays must be of the same length
2026-07-24 23:42:09 | DEBUG | [20260724_234151] 信号异常 钢铁ETF: All arrays must be of the same length
2026-07-24 23:42:09 | DEBUG | [20260724_234151] 信号异常 油气ETF: All arrays must be of the same length
2026-07-24 23:42:09 | DEBUG | [20260724_234151] 信号异常 传媒ETF: All arrays must be of the same length
2026-07-24 23:42:09 | DEBUG | [20260724_234151] 信号异常 游戏ETF: All arrays must be of the same length
2026-07-24 23:42:09 | DEBUG | [20260724_234151] 信号异常 机器人ETF: All arrays must be of the same length
2026-07-24 23:42:09 | DEBUG | [20260724_234151] 信号异常 汽车ETF: All arrays must be of the same length
2026-07-24 23:42:09 | DEBUG | [20260724_234151] 信号异常 基建ETF: All arrays must be of the same length
2026-07-24 23:42:09 | DEBUG | [20260724_234151] 信号异常 红利ETF: All arrays must be of the same length
2026-07-24 23:42:09 | DEBUG | [20260724_234151] 信号异常 中证红利ETF: All arrays must be of the same length
2026-07-24 23:42:09 | WARNING | [20260724_234151] 2025-12-30 回测异常: Account.holdings_value() missing 1 required positional argument: 'prices'
2026-07-24 23:42:09 | DEBUG | [20260724_234151] 信号异常 中证500ETF: All arrays must be of the same length
2026-07-24 23:42:09 | DEBUG | [20260724_234151] 信号异常 中证1000ETF: All arrays must be of the same length
2026-07-24 23:42:09 | DEBUG | [20260724_234151] 信号异常 银行ETF: All arrays must be of the same length
2026-07-24 23:42:09 | DEBUG | [20260724_234151] 信号异常 券商ETF: All arrays must be of the same length
2026-07-24 23:42:09 | DEBUG | [20260724_234151] 信号异常 房地产ETF: All arrays must be of the same length
2026-07-24 23:42:09 | DEBUG | [20260724_234151] 信号异常 食品饮料ETF: All arrays must be of the same length
2026-07-24 23:42:09 | DEBUG | [20260724_234151] 信号异常 养殖ETF: All arrays must be of the same length
2026-07-24 23:42:09 | DEBUG | [20260724_234151] 信号异常 酒ETF: All arrays must be of the same length
2026-07-24 23:42:09 | DEBUG | [20260724_234151] 信号异常 家电ETF: All arrays must be of the same length
2026-07-24 23:42:09 | DEBUG | [20260724_234151] 信号异常 医药ETF: All arrays must be of the same length
2026-07-24 23:42:09 | DEBUG | [20260724_234151] 信号异常 创新药ETF: All arrays must be of the same length
2026-07-24 23:42:09 | DEBUG | [20260724_234151] 信号异常 医疗ETF: All arrays must be of the same length
2026-07-24 23:42:09 | DEBUG | [20260724_234151] 信号异常 计算机ETF: All arrays must be of the same length
2026-07-24 23:42:09 | DEBUG | [20260724_234151] 信号异常 人工智能ETF: All arrays must be of the same length
2026-07-24 23:42:09 | DEBUG | [20260724_234151] 信号异常 新能源车ETF: All arrays must be of the same length
2026-07-24 23:42:09 | DEBUG | [20260724_234151] 信号异常 电力ETF: All arrays must be of the same length
2026-07-24 23:42:09 | DEBUG | [20260724_234151] 信号异常 光伏ETF: All arrays must be of the same length
2026-07-24 23:42:09 | DEBUG | [20260724_234151] 信号异常 军工ETF: All arrays must be of the same length
2026-07-24 23:42:09 | DEBUG | [20260724_234151] 信号异常 国防ETF: All arrays must be of the same length
2026-07-24 23:42:09 | DEBUG | [20260724_234151] 信号异常 稀土ETF: All arrays must be of the same length
2026-07-24 23:42:09 | DEBUG | [20260724_234151] 信号异常 有色金属ETF: All arrays must be of the same length
2026-07-24 23:42:09 | DEBUG | [20260724_234151] 信号异常 煤炭ETF: All arrays must be of the same length
2026-07-24 23:42:09 | DEBUG | [20260724_234151] 信号异常 化工ETF: All arrays must be of the same length
2026-07-24 23:42:09 | DEBUG | [20260724_234151] 信号异常 钢铁ETF: All arrays must be of the same length
2026-07-24 23:42:09 | DEBUG | [20260724_234151] 信号异常 油气ETF: All arrays must be of the same length
2026-07-24 23:42:09 | DEBUG | [20260724_234151] 信号异常 传媒ETF: All arrays must be of the same length
2026-07-24 23:42:09 | DEBUG | [20260724_234151] 信号异常 游戏ETF: All arrays must be of the same length
2026-07-24 23:42:09 | DEBUG | [20260724_234151] 信号异常 机器人ETF: All arrays must be of the same length
2026-07-24 23:42:09 | DEBUG | [20260724_234151] 信号异常 汽车ETF: All arrays must be of the same length
2026-07-24 23:42:09 | DEBUG | [20260724_234151] 信号异常 基建ETF: All arrays must be of the same length
2026-07-24 23:42:09 | DEBUG | [20260724_234151] 信号异常 红利ETF: All arrays must be of the same length
2026-07-24 23:42:09 | DEBUG | [20260724_234151] 信号异常 中证红利ETF: All arrays must be of the same length
2026-07-24 23:42:09 | WARNING | [20260724_234151] 2025-12-31 回测异常: Account.holdings_value() missing 1 required positional argument: 'prices'
2026-07-24 23:42:09 | DEBUG | [20260724_234151] 信号异常 中证500ETF: All arrays must be of the same length
2026-07-24 23:42:09 | DEBUG | [20260724_234151] 信号异常 中证1000ETF: All arrays must be of the same length
2026-07-24 23:42:09 | DEBUG | [20260724_234151] 信号异常 银行ETF: All arrays must be of the same length
2026-07-24 23:42:09 | DEBUG | [20260724_234151] 信号异常 券商ETF: All arrays must be of the same length
2026-07-24 23:42:09 | DEBUG | [20260724_234151] 信号异常 房地产ETF: All arrays must be of the same length
2026-07-24 23:42:09 | DEBUG | [20260724_234151] 信号异常 食品饮料ETF: All arrays must be of the same length
2026-07-24 23:42:09 | DEBUG | [20260724_234151] 信号异常 养殖ETF: All arrays must be of the same length
2026-07-24 23:42:09 | DEBUG | [20260724_234151] 信号异常 酒ETF: All arrays must be of the same length
2026-07-24 23:42:09 | DEBUG | [20260724_234151] 信号异常 家电ETF: All arrays must be of the same length
2026-07-24 23:42:09 | DEBUG | [20260724_234151] 信号异常 医药ETF: All arrays must be of the same length
2026-07-24 23:42:09 | DEBUG | [20260724_234151] 信号异常 创新药ETF: All arrays must be of the same length
2026-07-24 23:42:09 | DEBUG | [20260724_234151] 信号异常 医疗ETF: All arrays must be of the same length
2026-07-24 23:42:09 | DEBUG | [20260724_234151] 信号异常 计算机ETF: All arrays must be of the same length
2026-07-24 23:42:09 | DEBUG | [20260724_234151] 信号异常 人工智能ETF: All arrays must be of the same length
2026-07-24 23:42:09 | DEBUG | [20260724_234151] 信号异常 新能源车ETF: All arrays must be of the same length
2026-07-24 23:42:09 | DEBUG | [20260724_234151] 信号异常 电力ETF: All arrays must be of the same length
2026-07-24 23:42:09 | DEBUG | [20260724_234151] 信号异常 光伏ETF: All arrays must be of the same length
2026-07-24 23:42:09 | DEBUG | [20260724_234151] 信号异常 军工ETF: All arrays must be of the same length
2026-07-24 23:42:09 | DEBUG | [20260724_234151] 信号异常 国防ETF: All arrays must be of the same length
2026-07-24 23:42:09 | DEBUG | [20260724_234151] 信号异常 稀土ETF: All arrays must be of the same length
2026-07-24 23:42:09 | DEBUG | [20260724_234151] 信号异常 有色金属ETF: All arrays must be of the same length
2026-07-24 23:42:09 | DEBUG | [20260724_234151] 信号异常 煤炭ETF: All arrays must be of the same length
2026-07-24 23:42:09 | DEBUG | [20260724_234151] 信号异常 化工ETF: All arrays must be of the same length
2026-07-24 23:42:09 | DEBUG | [20260724_234151] 信号异常 钢铁ETF: All arrays must be of the same length
2026-07-24 23:42:09 | DEBUG | [20260724_234151] 信号异常 油气ETF: All arrays must be of the same length
2026-07-24 23:42:09 | DEBUG | [20260724_234151] 信号异常 传媒ETF: All arrays must be of the same length
2026-07-24 23:42:09 | DEBUG | [20260724_234151] 信号异常 游戏ETF: All arrays must be of the same length
2026-07-24 23:42:09 | DEBUG | [20260724_234151] 信号异常 机器人ETF: All arrays must be of the same length
2026-07-24 23:42:09 | DEBUG | [20260724_234151] 信号异常 汽车ETF: All arrays must be of the same length
2026-07-24 23:42:09 | DEBUG | [20260724_234151] 信号异常 基建ETF: All arrays must be of the same length
2026-07-24 23:42:09 | DEBUG | [20260724_234151] 信号异常 红利ETF: All arrays must be of the same length
2026-07-24 23:42:09 | DEBUG | [20260724_234151] 信号异常 中证红利ETF: All arrays must be of the same length
2026-07-24 23:42:09 | WARNING | [20260724_234151] 2026-01-05 回测异常: Account.holdings_value() missing 1 required positional argument: 'prices'
2026-07-24 23:42:09 | DEBUG | [20260724_234151] 信号异常 中证500ETF: All arrays must be of the same length
2026-07-24 23:42:09 | DEBUG | [20260724_234151] 信号异常 中证1000ETF: All arrays must be of the same length
2026-07-24 23:42:09 | DEBUG | [20260724_234151] 信号异常 银行ETF: All arrays must be of the same length
2026-07-24 23:42:09 | DEBUG | [20260724_234151] 信号异常 券商ETF: All arrays must be of the same length
2026-07-24 23:42:09 | DEBUG | [20260724_234151] 信号异常 房地产ETF: All arrays must be of the same length
2026-07-24 23:42:09 | DEBUG | [20260724_234151] 信号异常 食品饮料ETF: All arrays must be of the same length
2026-07-24 23:42:09 | DEBUG | [20260724_234151] 信号异常 养殖ETF: All arrays must be of the same length
2026-07-24 23:42:09 | DEBUG | [20260724_234151] 信号异常 酒ETF: All arrays must be of the same length
2026-07-24 23:42:09 | DEBUG | [20260724_234151] 信号异常 家电ETF: All arrays must be of the same length
2026-07-24 23:42:09 | DEBUG | [20260724_234151] 信号异常 医药ETF: All arrays must be of the same length
2026-07-24 23:42:09 | DEBUG | [20260724_234151] 信号异常 创新药ETF: All arrays must be of the same length
2026-07-24 23:42:09 | DEBUG | [20260724_234151] 信号异常 医疗ETF: All arrays must be of the same length
2026-07-24 23:42:09 | DEBUG | [20260724_234151] 信号异常 计算机ETF: All arrays must be of the same length
2026-07-24 23:42:09 | DEBUG | [20260724_234151] 信号异常 人工智能ETF: All arrays must be of the same length
2026-07-24 23:42:09 | DEBUG | [20260724_234151] 信号异常 新能源车ETF: All arrays must be of the same length
2026-07-24 23:42:09 | DEBUG | [20260724_234151] 信号异常 电力ETF: All arrays must be of the same length
2026-07-24 23:42:09 | DEBUG | [20260724_234151] 信号异常 光伏ETF: All arrays must be of the same length
2026-07-24 23:42:09 | DEBUG | [20260724_234151] 信号异常 军工ETF: All arrays must be of the same length
2026-07-24 23:42:09 | DEBUG | [20260724_234151] 信号异常 国防ETF: All arrays must be of the same length
2026-07-24 23:42:09 | DEBUG | [20260724_234151] 信号异常 稀土ETF: All arrays must be of the same length
2026-07-24 23:42:09 | DEBUG | [20260724_234151] 信号异常 有色金属ETF: All arrays must be of the same length
2026-07-24 23:42:09 | DEBUG | [20260724_234151] 信号异常 煤炭ETF: All arrays must be of the same length
2026-07-24 23:42:09 | DEBUG | [20260724_234151] 信号异常 化工ETF: All arrays must be of the same length
2026-07-24 23:42:09 | DEBUG | [20260724_234151] 信号异常 钢铁ETF: All arrays must be of the same length
2026-07-24 23:42:09 | DEBUG | [20260724_234151] 信号异常 油气ETF: All arrays must be of the same length
2026-07-24 23:42:09 | DEBUG | [20260724_234151] 信号异常 传媒ETF: All arrays must be of the same length
2026-07-24 23:42:09 | DEBUG | [20260724_234151] 信号异常 游戏ETF: All arrays must be of the same length
2026-07-24 23:42:09 | DEBUG | [20260724_234151] 信号异常 机器人ETF: All arrays must be of the same length
2026-07-24 23:42:09 | DEBUG | [20260724_234151] 信号异常 汽车ETF: All arrays must be of the same length
2026-07-24 23:42:09 | DEBUG | [20260724_234151] 信号异常 基建ETF: All arrays must be of the same length
2026-07-24 23:42:09 | DEBUG | [20260724_234151] 信号异常 红利ETF: All arrays must be of the same length
2026-07-24 23:42:09 | DEBUG | [20260724_234151] 信号异常 中证红利ETF: All arrays must be of the same length
2026-07-24 23:42:09 | WARNING | [20260724_234151] 2026-01-06 回测异常: Account.holdings_value() missing 1 required positional argument: 'prices'
2026-07-24 23:42:09 | DEBUG | [20260724_234151] 信号异常 中证500ETF: All arrays must be of the same length
2026-07-24 23:42:09 | DEBUG | [20260724_234151] 信号异常 中证1000ETF: All arrays must be of the same length
2026-07-24 23:42:09 | DEBUG | [20260724_234151] 信号异常 银行ETF: All arrays must be of the same length
2026-07-24 23:42:09 | DEBUG | [20260724_234151] 信号异常 券商ETF: All arrays must be of the same length
2026-07-24 23:42:09 | DEBUG | [20260724_234151] 信号异常 房地产ETF: All arrays must be of the same length
2026-07-24 23:42:09 | DEBUG | [20260724_234151] 信号异常 食品饮料ETF: All arrays must be of the same length
2026-07-24 23:42:09 | DEBUG | [20260724_234151] 信号异常 养殖ETF: All arrays must be of the same length
2026-07-24 23:42:09 | DEBUG | [20260724_234151] 信号异常 酒ETF: All arrays must be of the same length
2026-07-24 23:42:09 | DEBUG | [20260724_234151] 信号异常 家电ETF: All arrays must be of the same length
2026-07-24 23:42:09 | DEBUG | [20260724_234151] 信号异常 医药ETF: All arrays must be of the same length
2026-07-24 23:42:09 | DEBUG | [20260724_234151] 信号异常 创新药ETF: All arrays must be of the same length
2026-07-24 23:42:09 | DEBUG | [20260724_234151] 信号异常 医疗ETF: All arrays must be of the same length
2026-07-24 23:42:09 | DEBUG | [20260724_234151] 信号异常 计算机ETF: All arrays must be of the same length
2026-07-24 23:42:09 | DEBUG | [20260724_234151] 信号异常 人工智能ETF: All arrays must be of the same length
2026-07-24 23:42:09 | DEBUG | [20260724_234151] 信号异常 新能源车ETF: All arrays must be of the same length
2026-07-24 23:42:09 | DEBUG | [20260724_234151] 信号异常 电力ETF: All arrays must be of the same length
2026-07-24 23:42:09 | DEBUG | [20260724_234151] 信号异常 光伏ETF: All arrays must be of the same length
2026-07-24 23:42:09 | DEBUG | [20260724_234151] 信号异常 军工ETF: All arrays must be of the same length
2026-07-24 23:42:09 | DEBUG | [20260724_234151] 信号异常 国防ETF: All arrays must be of the same length
2026-07-24 23:42:09 | DEBUG | [20260724_234151] 信号异常 稀土ETF: All arrays must be of the same length
2026-07-24 23:42:09 | DEBUG | [20260724_234151] 信号异常 有色金属ETF: All arrays must be of the same length
2026-07-24 23:42:09 | DEBUG | [20260724_234151] 信号异常 煤炭ETF: All arrays must be of the same length
2026-07-24 23:42:09 | DEBUG | [20260724_234151] 信号异常 化工ETF: All arrays must be of the same length
2026-07-24 23:42:09 | DEBUG | [20260724_234151] 信号异常 钢铁ETF: All arrays must be of the same length
2026-07-24 23:42:09 | DEBUG | [20260724_234151] 信号异常 油气ETF: All arrays must be of the same length
2026-07-24 23:42:09 | DEBUG | [20260724_234151] 信号异常 传媒ETF: All arrays must be of the same length
2026-07-24 23:42:09 | DEBUG | [20260724_234151] 信号异常 游戏ETF: All arrays must be of the same length
2026-07-24 23:42:09 | DEBUG | [20260724_234151] 信号异常 机器人ETF: All arrays must be of the same length
2026-07-24 23:42:09 | DEBUG | [20260724_234151] 信号异常 汽车ETF: All arrays must be of the same length
2026-07-24 23:42:09 | DEBUG | [20260724_234151] 信号异常 基建ETF: All arrays must be of the same length
2026-07-24 23:42:09 | DEBUG | [20260724_234151] 信号异常 红利ETF: All arrays must be of the same length
2026-07-24 23:42:09 | DEBUG | [20260724_234151] 信号异常 中证红利ETF: All arrays must be of the same length
2026-07-24 23:42:09 | WARNING | [20260724_234151] 2026-01-07 回测异常: Account.holdings_value() missing 1 required positional argument: 'prices'
2026-07-24 23:42:09 | DEBUG | [20260724_234151] 信号异常 中证500ETF: All arrays must be of the same length
2026-07-24 23:42:09 | DEBUG | [20260724_234151] 信号异常 中证1000ETF: All arrays must be of the same length
2026-07-24 23:42:09 | DEBUG | [20260724_234151] 信号异常 银行ETF: All arrays must be of the same length
2026-07-24 23:42:09 | DEBUG | [20260724_234151] 信号异常 券商ETF: All arrays must be of the same length
2026-07-24 23:42:09 | DEBUG | [20260724_234151] 信号异常 房地产ETF: All arrays must be of the same length
2026-07-24 23:42:09 | DEBUG | [20260724_234151] 信号异常 食品饮料ETF: All arrays must be of the same length
2026-07-24 23:42:09 | DEBUG | [20260724_234151] 信号异常 养殖ETF: All arrays must be of the same length
2026-07-24 23:42:09 | DEBUG | [20260724_234151] 信号异常 酒ETF: All arrays must be of the same length
2026-07-24 23:42:09 | DEBUG | [20260724_234151] 信号异常 家电ETF: All arrays must be of the same length
2026-07-24 23:42:09 | DEBUG | [20260724_234151] 信号异常 医药ETF: All arrays must be of the same length
2026-07-24 23:42:09 | DEBUG | [20260724_234151] 信号异常 创新药ETF: All arrays must be of the same length
2026-07-24 23:42:09 | DEBUG | [20260724_234151] 信号异常 医疗ETF: All arrays must be of the same length
2026-07-24 23:42:09 | DEBUG | [20260724_234151] 信号异常 计算机ETF: All arrays must be of the same length
2026-07-24 23:42:09 | DEBUG | [20260724_234151] 信号异常 人工智能ETF: All arrays must be of the same length
2026-07-24 23:42:09 | DEBUG | [20260724_234151] 信号异常 新能源车ETF: All arrays must be of the same length
2026-07-24 23:42:09 | DEBUG | [20260724_234151] 信号异常 电力ETF: All arrays must be of the same length
2026-07-24 23:42:09 | DEBUG | [20260724_234151] 信号异常 光伏ETF: All arrays must be of the same length
2026-07-24 23:42:09 | DEBUG | [20260724_234151] 信号异常 军工ETF: All arrays must be of the same length
2026-07-24 23:42:09 | DEBUG | [20260724_234151] 信号异常 国防ETF: All arrays must be of the same length
2026-07-24 23:42:09 | DEBUG | [20260724_234151] 信号异常 稀土ETF: All arrays must be of the same length
2026-07-24 23:42:09 | DEBUG | [20260724_234151] 信号异常 有色金属ETF: All arrays must be of the same length
2026-07-24 23:42:09 | DEBUG | [20260724_234151] 信号异常 煤炭ETF: All arrays must be of the same length
2026-07-24 23:42:09 | DEBUG | [20260724_234151] 信号异常 化工ETF: All arrays must be of the same length
2026-07-24 23:42:09 | DEBUG | [20260724_234151] 信号异常 钢铁ETF: All arrays must be of the same length
2026-07-24 23:42:09 | DEBUG | [20260724_234151] 信号异常 油气ETF: All arrays must be of the same length
2026-07-24 23:42:09 | DEBUG | [20260724_234151] 信号异常 传媒ETF: All arrays must be of the same length
2026-07-24 23:42:09 | DEBUG | [20260724_234151] 信号异常 游戏ETF: All arrays must be of the same length
2026-07-24 23:42:09 | DEBUG | [20260724_234151] 信号异常 机器人ETF: All arrays must be of the same length
2026-07-24 23:42:09 | DEBUG | [20260724_234151] 信号异常 汽车ETF: All arrays must be of the same length
2026-07-24 23:42:09 | DEBUG | [20260724_234151] 信号异常 基建ETF: All arrays must be of the same length
2026-07-24 23:42:09 | DEBUG | [20260724_234151] 信号异常 红利ETF: All arrays must be of the same length
2026-07-24 23:42:09 | DEBUG | [20260724_234151] 信号异常 中证红利ETF: All arrays must be of the same length
2026-07-24 23:42:09 | WARNING | [20260724_234151] 2026-01-08 回测异常: Account.holdings_value() missing 1 required positional argument: 'prices'
2026-07-24 23:42:09 | DEBUG | [20260724_234151] 信号异常 中证500ETF: All arrays must be of the same length
2026-07-24 23:42:09 | DEBUG | [20260724_234151] 信号异常 中证1000ETF: All arrays must be of the same length
2026-07-24 23:42:09 | DEBUG | [20260724_234151] 信号异常 银行ETF: All arrays must be of the same length
2026-07-24 23:42:09 | DEBUG | [20260724_234151] 信号异常 券商ETF: All arrays must be of the same length
2026-07-24 23:42:09 | DEBUG | [20260724_234151] 信号异常 房地产ETF: All arrays must be of the same length
2026-07-24 23:42:09 | DEBUG | [20260724_234151] 信号异常 食品饮料ETF: All arrays must be of the same length
2026-07-24 23:42:09 | DEBUG | [20260724_234151] 信号异常 养殖ETF: All arrays must be of the same length
2026-07-24 23:42:09 | DEBUG | [20260724_234151] 信号异常 酒ETF: All arrays must be of the same length
2026-07-24 23:42:09 | DEBUG | [20260724_234151] 信号异常 家电ETF: All arrays must be of the same length
2026-07-24 23:42:09 | DEBUG | [20260724_234151] 信号异常 医药ETF: All arrays must be of the same length
2026-07-24 23:42:09 | DEBUG | [20260724_234151] 信号异常 创新药ETF: All arrays must be of the same length
2026-07-24 23:42:09 | DEBUG | [20260724_234151] 信号异常 医疗ETF: All arrays must be of the same length
2026-07-24 23:42:09 | DEBUG | [20260724_234151] 信号异常 计算机ETF: All arrays must be of the same length
2026-07-24 23:42:09 | DEBUG | [20260724_234151] 信号异常 人工智能ETF: All arrays must be of the same length
2026-07-24 23:42:09 | DEBUG | [20260724_234151] 信号异常 新能源车ETF: All arrays must be of the same length
2026-07-24 23:42:09 | DEBUG | [20260724_234151] 信号异常 电力ETF: All arrays must be of the same length
2026-07-24 23:42:09 | DEBUG | [20260724_234151] 信号异常 光伏ETF: All arrays must be of the same length
2026-07-24 23:42:09 | DEBUG | [20260724_234151] 信号异常 军工ETF: All arrays must be of the same length
2026-07-24 23:42:09 | DEBUG | [20260724_234151] 信号异常 国防ETF: All arrays must be of the same length
2026-07-24 23:42:09 | DEBUG | [20260724_234151] 信号异常 稀土ETF: All arrays must be of the same length
2026-07-24 23:42:09 | DEBUG | [20260724_234151] 信号异常 有色金属ETF: All arrays must be of the same length
2026-07-24 23:42:09 | DEBUG | [20260724_234151] 信号异常 煤炭ETF: All arrays must be of the same length
2026-07-24 23:42:09 | DEBUG | [20260724_234151] 信号异常 化工ETF: All arrays must be of the same length
2026-07-24 23:42:09 | DEBUG | [20260724_234151] 信号异常 钢铁ETF: All arrays must be of the same length
2026-07-24 23:42:09 | DEBUG | [20260724_234151] 信号异常 油气ETF: All arrays must be of the same length
2026-07-24 23:42:09 | DEBUG | [20260724_234151] 信号异常 传媒ETF: All arrays must be of the same length
2026-07-24 23:42:09 | DEBUG | [20260724_234151] 信号异常 游戏ETF: All arrays must be of the same length
2026-07-24 23:42:09 | DEBUG | [20260724_234151] 信号异常 机器人ETF: All arrays must be of the same length
2026-07-24 23:42:09 | DEBUG | [20260724_234151] 信号异常 汽车ETF: All arrays must be of the same length
2026-07-24 23:42:09 | DEBUG | [20260724_234151] 信号异常 基建ETF: All arrays must be of the same length
2026-07-24 23:42:09 | DEBUG | [20260724_234151] 信号异常 红利ETF: All arrays must be of the same length
2026-07-24 23:42:09 | DEBUG | [20260724_234151] 信号异常 中证红利ETF: All arrays must be of the same length
2026-07-24 23:42:09 | WARNING | [20260724_234151] 2026-01-09 回测异常: Account.holdings_value() missing 1 required positional argument: 'prices'
2026-07-24 23:42:09 | DEBUG | [20260724_234151] 信号异常 中证500ETF: All arrays must be of the same length
2026-07-24 23:42:09 | DEBUG | [20260724_234151] 信号异常 中证1000ETF: All arrays must be of the same length
2026-07-24 23:42:09 | DEBUG | [20260724_234151] 信号异常 银行ETF: All arrays must be of the same length
2026-07-24 23:42:09 | DEBUG | [20260724_234151] 信号异常 券商ETF: All arrays must be of the same length
2026-07-24 23:42:09 | DEBUG | [20260724_234151] 信号异常 房地产ETF: All arrays must be of the same length
2026-07-24 23:42:09 | DEBUG | [20260724_234151] 信号异常 食品饮料ETF: All arrays must be of the same length
2026-07-24 23:42:09 | DEBUG | [20260724_234151] 信号异常 养殖ETF: All arrays must be of the same length
2026-07-24 23:42:09 | DEBUG | [20260724_234151] 信号异常 酒ETF: All arrays must be of the same length
2026-07-24 23:42:09 | DEBUG | [20260724_234151] 信号异常 家电ETF: All arrays must be of the same length
2026-07-24 23:42:09 | DEBUG | [20260724_234151] 信号异常 医药ETF: All arrays must be of the same length
2026-07-24 23:42:09 | DEBUG | [20260724_234151] 信号异常 创新药ETF: All arrays must be of the same length
2026-07-24 23:42:09 | DEBUG | [20260724_234151] 信号异常 医疗ETF: All arrays must be of the same length
2026-07-24 23:42:09 | DEBUG | [20260724_234151] 信号异常 计算机ETF: All arrays must be of the same length
2026-07-24 23:42:09 | DEBUG | [20260724_234151] 信号异常 人工智能ETF: All arrays must be of the same length
2026-07-24 23:42:09 | DEBUG | [20260724_234151] 信号异常 新能源车ETF: All arrays must be of the same length
2026-07-24 23:42:09 | DEBUG | [20260724_234151] 信号异常 电力ETF: All arrays must be of the same length
2026-07-24 23:42:09 | DEBUG | [20260724_234151] 信号异常 光伏ETF: All arrays must be of the same length
2026-07-24 23:42:09 | DEBUG | [20260724_234151] 信号异常 军工ETF: All arrays must be of the same length
2026-07-24 23:42:09 | DEBUG | [20260724_234151] 信号异常 国防ETF: All arrays must be of the same length
2026-07-24 23:42:09 | DEBUG | [20260724_234151] 信号异常 稀土ETF: All arrays must be of the same length
2026-07-24 23:42:09 | DEBUG | [20260724_234151] 信号异常 有色金属ETF: All arrays must be of the same length
2026-07-24 23:42:09 | DEBUG | [20260724_234151] 信号异常 煤炭ETF: All arrays must be of the same length
2026-07-24 23:42:09 | DEBUG | [20260724_234151] 信号异常 化工ETF: All arrays must be of the same length
2026-07-24 23:42:09 | DEBUG | [20260724_234151] 信号异常 钢铁ETF: All arrays must be of the same length
2026-07-24 23:42:09 | DEBUG | [20260724_234151] 信号异常 油气ETF: All arrays must be of the same length
2026-07-24 23:42:09 | DEBUG | [20260724_234151] 信号异常 传媒ETF: All arrays must be of the same length
2026-07-24 23:42:09 | DEBUG | [20260724_234151] 信号异常 游戏ETF: All arrays must be of the same length
2026-07-24 23:42:09 | DEBUG | [20260724_234151] 信号异常 机器人ETF: All arrays must be of the same length
2026-07-24 23:42:09 | DEBUG | [20260724_234151] 信号异常 汽车ETF: All arrays must be of the same length
2026-07-24 23:42:09 | DEBUG | [20260724_234151] 信号异常 基建ETF: All arrays must be of the same length
2026-07-24 23:42:09 | DEBUG | [20260724_234151] 信号异常 红利ETF: All arrays must be of the same length
2026-07-24 23:42:09 | DEBUG | [20260724_234151] 信号异常 中证红利ETF: All arrays must be of the same length
2026-07-24 23:42:09 | WARNING | [20260724_234151] 2026-01-12 回测异常: Account.holdings_value() missing 1 required positional argument: 'prices'
2026-07-24 23:42:09 | DEBUG | [20260724_234151] 信号异常 中证500ETF: All arrays must be of the same length
2026-07-24 23:42:09 | DEBUG | [20260724_234151] 信号异常 中证1000ETF: All arrays must be of the same length
2026-07-24 23:42:09 | DEBUG | [20260724_234151] 信号异常 银行ETF: All arrays must be of the same length
2026-07-24 23:42:09 | DEBUG | [20260724_234151] 信号异常 券商ETF: All arrays must be of the same length
2026-07-24 23:42:09 | DEBUG | [20260724_234151] 信号异常 房地产ETF: All arrays must be of the same length
2026-07-24 23:42:09 | DEBUG | [20260724_234151] 信号异常 食品饮料ETF: All arrays must be of the same length
2026-07-24 23:42:09 | DEBUG | [20260724_234151] 信号异常 养殖ETF: All arrays must be of the same length
2026-07-24 23:42:09 | DEBUG | [20260724_234151] 信号异常 酒ETF: All arrays must be of the same length
2026-07-24 23:42:09 | DEBUG | [20260724_234151] 信号异常 家电ETF: All arrays must be of the same length
2026-07-24 23:42:09 | DEBUG | [20260724_234151] 信号异常 医药ETF: All arrays must be of the same length
2026-07-24 23:42:09 | DEBUG | [20260724_234151] 信号异常 创新药ETF: All arrays must be of the same length
2026-07-24 23:42:09 | DEBUG | [20260724_234151] 信号异常 医疗ETF: All arrays must be of the same length
2026-07-24 23:42:09 | DEBUG | [20260724_234151] 信号异常 计算机ETF: All arrays must be of the same length
2026-07-24 23:42:09 | DEBUG | [20260724_234151] 信号异常 人工智能ETF: All arrays must be of the same length
2026-07-24 23:42:09 | DEBUG | [20260724_234151] 信号异常 新能源车ETF: All arrays must be of the same length
2026-07-24 23:42:09 | DEBUG | [20260724_234151] 信号异常 电力ETF: All arrays must be of the same length
2026-07-24 23:42:09 | DEBUG | [20260724_234151] 信号异常 光伏ETF: All arrays must be of the same length
2026-07-24 23:42:09 | DEBUG | [20260724_234151] 信号异常 军工ETF: All arrays must be of the same length
2026-07-24 23:42:09 | DEBUG | [20260724_234151] 信号异常 国防ETF: All arrays must be of the same length
2026-07-24 23:42:09 | DEBUG | [20260724_234151] 信号异常 稀土ETF: All arrays must be of the same length
2026-07-24 23:42:09 | DEBUG | [20260724_234151] 信号异常 有色金属ETF: All arrays must be of the same length
2026-07-24 23:42:09 | DEBUG | [20260724_234151] 信号异常 煤炭ETF: All arrays must be of the same length
2026-07-24 23:42:09 | DEBUG | [20260724_234151] 信号异常 化工ETF: All arrays must be of the same length
2026-07-24 23:42:09 | DEBUG | [20260724_234151] 信号异常 钢铁ETF: All arrays must be of the same length
2026-07-24 23:42:09 | DEBUG | [20260724_234151] 信号异常 油气ETF: All arrays must be of the same length
2026-07-24 23:42:09 | DEBUG | [20260724_234151] 信号异常 传媒ETF: All arrays must be of the same length
2026-07-24 23:42:09 | DEBUG | [20260724_234151] 信号异常 游戏ETF: All arrays must be of the same length
2026-07-24 23:42:09 | DEBUG | [20260724_234151] 信号异常 机器人ETF: All arrays must be of the same length
2026-07-24 23:42:09 | DEBUG | [20260724_234151] 信号异常 汽车ETF: All arrays must be of the same length
2026-07-24 23:42:09 | DEBUG | [20260724_234151] 信号异常 基建ETF: All arrays must be of the same length
2026-07-24 23:42:09 | DEBUG | [20260724_234151] 信号异常 红利ETF: All arrays must be of the same length
2026-07-24 23:42:09 | DEBUG | [20260724_234151] 信号异常 中证红利ETF: All arrays must be of the same length
2026-07-24 23:42:09 | WARNING | [20260724_234151] 2026-01-13 回测异常: Account.holdings_value() missing 1 required positional argument: 'prices'
2026-07-24 23:42:09 | DEBUG | [20260724_234151] 信号异常 中证500ETF: All arrays must be of the same length
2026-07-24 23:42:09 | DEBUG | [20260724_234151] 信号异常 中证1000ETF: All arrays must be of the same length
2026-07-24 23:42:09 | DEBUG | [20260724_234151] 信号异常 银行ETF: All arrays must be of the same length
2026-07-24 23:42:09 | DEBUG | [20260724_234151] 信号异常 券商ETF: All arrays must be of the same length
2026-07-24 23:42:09 | DEBUG | [20260724_234151] 信号异常 房地产ETF: All arrays must be of the same length
2026-07-24 23:42:09 | DEBUG | [20260724_234151] 信号异常 食品饮料ETF: All arrays must be of the same length
2026-07-24 23:42:09 | DEBUG | [20260724_234151] 信号异常 养殖ETF: All arrays must be of the same length
2026-07-24 23:42:09 | DEBUG | [20260724_234151] 信号异常 酒ETF: All arrays must be of the same length
2026-07-24 23:42:09 | DEBUG | [20260724_234151] 信号异常 家电ETF: All arrays must be of the same length
2026-07-24 23:42:09 | DEBUG | [20260724_234151] 信号异常 医药ETF: All arrays must be of the same length
2026-07-24 23:42:09 | DEBUG | [20260724_234151] 信号异常 创新药ETF: All arrays must be of the same length
2026-07-24 23:42:09 | DEBUG | [20260724_234151] 信号异常 医疗ETF: All arrays must be of the same length
2026-07-24 23:42:09 | DEBUG | [20260724_234151] 信号异常 计算机ETF: All arrays must be of the same length
2026-07-24 23:42:09 | DEBUG | [20260724_234151] 信号异常 人工智能ETF: All arrays must be of the same length
2026-07-24 23:42:09 | DEBUG | [20260724_234151] 信号异常 新能源车ETF: All arrays must be of the same length
2026-07-24 23:42:09 | DEBUG | [20260724_234151] 信号异常 电力ETF: All arrays must be of the same length
2026-07-24 23:42:09 | DEBUG | [20260724_234151] 信号异常 光伏ETF: All arrays must be of the same length
2026-07-24 23:42:09 | DEBUG | [20260724_234151] 信号异常 军工ETF: All arrays must be of the same length
2026-07-24 23:42:09 | DEBUG | [20260724_234151] 信号异常 国防ETF: All arrays must be of the same length
2026-07-24 23:42:09 | DEBUG | [20260724_234151] 信号异常 稀土ETF: All arrays must be of the same length
2026-07-24 23:42:09 | DEBUG | [20260724_234151] 信号异常 有色金属ETF: All arrays must be of the same length
2026-07-24 23:42:09 | DEBUG | [20260724_234151] 信号异常 煤炭ETF: All arrays must be of the same length
2026-07-24 23:42:09 | DEBUG | [20260724_234151] 信号异常 化工ETF: All arrays must be of the same length
2026-07-24 23:42:09 | DEBUG | [20260724_234151] 信号异常 钢铁ETF: All arrays must be of the same length
2026-07-24 23:42:09 | DEBUG | [20260724_234151] 信号异常 油气ETF: All arrays must be of the same length
2026-07-24 23:42:09 | DEBUG | [20260724_234151] 信号异常 传媒ETF: All arrays must be of the same length
2026-07-24 23:42:09 | DEBUG | [20260724_234151] 信号异常 游戏ETF: All arrays must be of the same length
2026-07-24 23:42:09 | DEBUG | [20260724_234151] 信号异常 机器人ETF: All arrays must be of the same length
2026-07-24 23:42:09 | DEBUG | [20260724_234151] 信号异常 汽车ETF: All arrays must be of the same length
2026-07-24 23:42:09 | DEBUG | [20260724_234151] 信号异常 基建ETF: All arrays must be of the same length
2026-07-24 23:42:09 | DEBUG | [20260724_234151] 信号异常 红利ETF: All arrays must be of the same length
2026-07-24 23:42:09 | DEBUG | [20260724_234151] 信号异常 中证红利ETF: All arrays must be of the same length
2026-07-24 23:42:09 | WARNING | [20260724_234151] 2026-01-14 回测异常: Account.holdings_value() missing 1 required positional argument: 'prices'
2026-07-24 23:42:09 | DEBUG | [20260724_234151] 信号异常 中证500ETF: All arrays must be of the same length
2026-07-24 23:42:09 | DEBUG | [20260724_234151] 信号异常 中证1000ETF: All arrays must be of the same length
2026-07-24 23:42:09 | DEBUG | [20260724_234151] 信号异常 银行ETF: All arrays must be of the same length
2026-07-24 23:42:09 | DEBUG | [20260724_234151] 信号异常 券商ETF: All arrays must be of the same length
2026-07-24 23:42:09 | DEBUG | [20260724_234151] 信号异常 房地产ETF: All arrays must be of the same length
2026-07-24 23:42:09 | DEBUG | [20260724_234151] 信号异常 食品饮料ETF: All arrays must be of the same length
2026-07-24 23:42:09 | DEBUG | [20260724_234151] 信号异常 养殖ETF: All arrays must be of the same length
2026-07-24 23:42:09 | DEBUG | [20260724_234151] 信号异常 酒ETF: All arrays must be of the same length
2026-07-24 23:42:09 | DEBUG | [20260724_234151] 信号异常 家电ETF: All arrays must be of the same length
2026-07-24 23:42:09 | DEBUG | [20260724_234151] 信号异常 医药ETF: All arrays must be of the same length
2026-07-24 23:42:09 | DEBUG | [20260724_234151] 信号异常 创新药ETF: All arrays must be of the same length
2026-07-24 23:42:09 | DEBUG | [20260724_234151] 信号异常 医疗ETF: All arrays must be of the same length
2026-07-24 23:42:09 | DEBUG | [20260724_234151] 信号异常 计算机ETF: All arrays must be of the same length
2026-07-24 23:42:09 | DEBUG | [20260724_234151] 信号异常 人工智能ETF: All arrays must be of the same length
2026-07-24 23:42:09 | DEBUG | [20260724_234151] 信号异常 新能源车ETF: All arrays must be of the same length
2026-07-24 23:42:09 | DEBUG | [20260724_234151] 信号异常 电力ETF: All arrays must be of the same length
2026-07-24 23:42:09 | DEBUG | [20260724_234151] 信号异常 光伏ETF: All arrays must be of the same length
2026-07-24 23:42:09 | DEBUG | [20260724_234151] 信号异常 军工ETF: All arrays must be of the same length
2026-07-24 23:42:09 | DEBUG | [20260724_234151] 信号异常 国防ETF: All arrays must be of the same length
2026-07-24 23:42:09 | DEBUG | [20260724_234151] 信号异常 稀土ETF: All arrays must be of the same length
2026-07-24 23:42:09 | DEBUG | [20260724_234151] 信号异常 有色金属ETF: All arrays must be of the same length
2026-07-24 23:42:09 | DEBUG | [20260724_234151] 信号异常 煤炭ETF: All arrays must be of the same length
2026-07-24 23:42:09 | DEBUG | [20260724_234151] 信号异常 化工ETF: All arrays must be of the same length
2026-07-24 23:42:09 | DEBUG | [20260724_234151] 信号异常 钢铁ETF: All arrays must be of the same length
2026-07-24 23:42:09 | DEBUG | [20260724_234151] 信号异常 油气ETF: All arrays must be of the same length
2026-07-24 23:42:09 | DEBUG | [20260724_234151] 信号异常 传媒ETF: All arrays must be of the same length
2026-07-24 23:42:09 | DEBUG | [20260724_234151] 信号异常 游戏ETF: All arrays must be of the same length
2026-07-24 23:42:09 | DEBUG | [20260724_234151] 信号异常 机器人ETF: All arrays must be of the same length
2026-07-24 23:42:09 | DEBUG | [20260724_234151] 信号异常 汽车ETF: All arrays must be of the same length
2026-07-24 23:42:09 | DEBUG | [20260724_234151] 信号异常 基建ETF: All arrays must be of the same length
2026-07-24 23:42:09 | DEBUG | [20260724_234151] 信号异常 红利ETF: All arrays must be of the same length
2026-07-24 23:42:09 | DEBUG | [20260724_234151] 信号异常 中证红利ETF: All arrays must be of the same length
2026-07-24 23:42:09 | WARNING | [20260724_234151] 2026-01-15 回测异常: Account.holdings_value() missing 1 required positional argument: 'prices'
2026-07-24 23:42:09 | DEBUG | [20260724_234151] 信号异常 中证500ETF: All arrays must be of the same length
2026-07-24 23:42:09 | DEBUG | [20260724_234151] 信号异常 中证1000ETF: All arrays must be of the same length
2026-07-24 23:42:09 | DEBUG | [20260724_234151] 信号异常 银行ETF: All arrays must be of the same length
2026-07-24 23:42:09 | DEBUG | [20260724_234151] 信号异常 券商ETF: All arrays must be of the same length
2026-07-24 23:42:09 | DEBUG | [20260724_234151] 信号异常 房地产ETF: All arrays must be of the same length
2026-07-24 23:42:09 | DEBUG | [20260724_234151] 信号异常 食品饮料ETF: All arrays must be of the same length
2026-07-24 23:42:09 | DEBUG | [20260724_234151] 信号异常 养殖ETF: All arrays must be of the same length
2026-07-24 23:42:09 | DEBUG | [20260724_234151] 信号异常 酒ETF: All arrays must be of the same length
2026-07-24 23:42:09 | DEBUG | [20260724_234151] 信号异常 家电ETF: All arrays must be of the same length
2026-07-24 23:42:09 | DEBUG | [20260724_234151] 信号异常 医药ETF: All arrays must be of the same length
2026-07-24 23:42:09 | DEBUG | [20260724_234151] 信号异常 创新药ETF: All arrays must be of the same length
2026-07-24 23:42:09 | DEBUG | [20260724_234151] 信号异常 医疗ETF: All arrays must be of the same length
2026-07-24 23:42:10 | DEBUG | [20260724_234151] 信号异常 计算机ETF: All arrays must be of the same length
2026-07-24 23:42:10 | DEBUG | [20260724_234151] 信号异常 人工智能ETF: All arrays must be of the same length
2026-07-24 23:42:10 | DEBUG | [20260724_234151] 信号异常 新能源车ETF: All arrays must be of the same length
2026-07-24 23:42:10 | DEBUG | [20260724_234151] 信号异常 电力ETF: All arrays must be of the same length
2026-07-24 23:42:10 | DEBUG | [20260724_234151] 信号异常 光伏ETF: All arrays must be of the same length
2026-07-24 23:42:10 | DEBUG | [20260724_234151] 信号异常 军工ETF: All arrays must be of the same length
2026-07-24 23:42:10 | DEBUG | [20260724_234151] 信号异常 国防ETF: All arrays must be of the same length
2026-07-24 23:42:10 | DEBUG | [20260724_234151] 信号异常 稀土ETF: All arrays must be of the same length
2026-07-24 23:42:10 | DEBUG | [20260724_234151] 信号异常 有色金属ETF: All arrays must be of the same length
2026-07-24 23:42:10 | DEBUG | [20260724_234151] 信号异常 煤炭ETF: All arrays must be of the same length
2026-07-24 23:42:10 | DEBUG | [20260724_234151] 信号异常 化工ETF: All arrays must be of the same length
2026-07-24 23:42:10 | DEBUG | [20260724_234151] 信号异常 钢铁ETF: All arrays must be of the same length
2026-07-24 23:42:10 | DEBUG | [20260724_234151] 信号异常 油气ETF: All arrays must be of the same length
2026-07-24 23:42:10 | DEBUG | [20260724_234151] 信号异常 传媒ETF: All arrays must be of the same length
2026-07-24 23:42:10 | DEBUG | [20260724_234151] 信号异常 游戏ETF: All arrays must be of the same length
2026-07-24 23:42:10 | DEBUG | [20260724_234151] 信号异常 机器人ETF: All arrays must be of the same length
2026-07-24 23:42:10 | DEBUG | [20260724_234151] 信号异常 汽车ETF: All arrays must be of the same length
2026-07-24 23:42:10 | DEBUG | [20260724_234151] 信号异常 基建ETF: All arrays must be of the same length
2026-07-24 23:42:10 | DEBUG | [20260724_234151] 信号异常 红利ETF: All arrays must be of the same length
2026-07-24 23:42:10 | DEBUG | [20260724_234151] 信号异常 中证红利ETF: All arrays must be of the same length
2026-07-24 23:42:10 | WARNING | [20260724_234151] 2026-01-16 回测异常: Account.holdings_value() missing 1 required positional argument: 'prices'
2026-07-24 23:42:10 | DEBUG | [20260724_234151] 信号异常 中证500ETF: All arrays must be of the same length
2026-07-24 23:42:10 | DEBUG | [20260724_234151] 信号异常 中证1000ETF: All arrays must be of the same length
2026-07-24 23:42:10 | DEBUG | [20260724_234151] 信号异常 银行ETF: All arrays must be of the same length
2026-07-24 23:42:10 | DEBUG | [20260724_234151] 信号异常 券商ETF: All arrays must be of the same length
2026-07-24 23:42:10 | DEBUG | [20260724_234151] 信号异常 房地产ETF: All arrays must be of the same length
2026-07-24 23:42:10 | DEBUG | [20260724_234151] 信号异常 食品饮料ETF: All arrays must be of the same length
2026-07-24 23:42:10 | DEBUG | [20260724_234151] 信号异常 养殖ETF: All arrays must be of the same length
2026-07-24 23:42:10 | DEBUG | [20260724_234151] 信号异常 酒ETF: All arrays must be of the same length
2026-07-24 23:42:10 | DEBUG | [20260724_234151] 信号异常 家电ETF: All arrays must be of the same length
2026-07-24 23:42:10 | DEBUG | [20260724_234151] 信号异常 医药ETF: All arrays must be of the same length
2026-07-24 23:42:10 | DEBUG | [20260724_234151] 信号异常 创新药ETF: All arrays must be of the same length
2026-07-24 23:42:10 | DEBUG | [20260724_234151] 信号异常 医疗ETF: All arrays must be of the same length
2026-07-24 23:42:10 | DEBUG | [20260724_234151] 信号异常 计算机ETF: All arrays must be of the same length
2026-07-24 23:42:10 | DEBUG | [20260724_234151] 信号异常 人工智能ETF: All arrays must be of the same length
2026-07-24 23:42:10 | DEBUG | [20260724_234151] 信号异常 新能源车ETF: All arrays must be of the same length
2026-07-24 23:42:10 | DEBUG | [20260724_234151] 信号异常 电力ETF: All arrays must be of the same length
2026-07-24 23:42:10 | DEBUG | [20260724_234151] 信号异常 光伏ETF: All arrays must be of the same length
2026-07-24 23:42:10 | DEBUG | [20260724_234151] 信号异常 军工ETF: All arrays must be of the same length
2026-07-24 23:42:10 | DEBUG | [20260724_234151] 信号异常 国防ETF: All arrays must be of the same length
2026-07-24 23:42:10 | DEBUG | [20260724_234151] 信号异常 稀土ETF: All arrays must be of the same length
2026-07-24 23:42:10 | DEBUG | [20260724_234151] 信号异常 有色金属ETF: All arrays must be of the same length
2026-07-24 23:42:10 | DEBUG | [20260724_234151] 信号异常 煤炭ETF: All arrays must be of the same length
2026-07-24 23:42:10 | DEBUG | [20260724_234151] 信号异常 化工ETF: All arrays must be of the same length
2026-07-24 23:42:10 | DEBUG | [20260724_234151] 信号异常 钢铁ETF: All arrays must be of the same length
2026-07-24 23:42:10 | DEBUG | [20260724_234151] 信号异常 油气ETF: All arrays must be of the same length
2026-07-24 23:42:10 | DEBUG | [20260724_234151] 信号异常 传媒ETF: All arrays must be of the same length
2026-07-24 23:42:10 | DEBUG | [20260724_234151] 信号异常 游戏ETF: All arrays must be of the same length
2026-07-24 23:42:10 | DEBUG | [20260724_234151] 信号异常 机器人ETF: All arrays must be of the same length
2026-07-24 23:42:10 | DEBUG | [20260724_234151] 信号异常 汽车ETF: All arrays must be of the same length
2026-07-24 23:42:10 | DEBUG | [20260724_234151] 信号异常 基建ETF: All arrays must be of the same length
2026-07-24 23:42:10 | DEBUG | [20260724_234151] 信号异常 红利ETF: All arrays must be of the same length
2026-07-24 23:42:10 | DEBUG | [20260724_234151] 信号异常 中证红利ETF: All arrays must be of the same length
2026-07-24 23:42:10 | WARNING | [20260724_234151] 2026-01-19 回测异常: Account.holdings_value() missing 1 required positional argument: 'prices'
2026-07-24 23:42:10 | DEBUG | [20260724_234151] 信号异常 中证500ETF: All arrays must be of the same length
2026-07-24 23:42:10 | DEBUG | [20260724_234151] 信号异常 中证1000ETF: All arrays must be of the same length
2026-07-24 23:42:10 | DEBUG | [20260724_234151] 信号异常 银行ETF: All arrays must be of the same length
2026-07-24 23:42:10 | DEBUG | [20260724_234151] 信号异常 券商ETF: All arrays must be of the same length
2026-07-24 23:42:10 | DEBUG | [20260724_234151] 信号异常 房地产ETF: All arrays must be of the same length
2026-07-24 23:42:10 | DEBUG | [20260724_234151] 信号异常 食品饮料ETF: All arrays must be of the same length
2026-07-24 23:42:10 | DEBUG | [20260724_234151] 信号异常 养殖ETF: All arrays must be of the same length
2026-07-24 23:42:10 | DEBUG | [20260724_234151] 信号异常 酒ETF: All arrays must be of the same length
2026-07-24 23:42:10 | DEBUG | [20260724_234151] 信号异常 家电ETF: All arrays must be of the same length
2026-07-24 23:42:10 | DEBUG | [20260724_234151] 信号异常 医药ETF: All arrays must be of the same length
2026-07-24 23:42:10 | DEBUG | [20260724_234151] 信号异常 创新药ETF: All arrays must be of the same length
2026-07-24 23:42:10 | DEBUG | [20260724_234151] 信号异常 医疗ETF: All arrays must be of the same length
2026-07-24 23:42:10 | DEBUG | [20260724_234151] 信号异常 计算机ETF: All arrays must be of the same length
2026-07-24 23:42:10 | DEBUG | [20260724_234151] 信号异常 人工智能ETF: All arrays must be of the same length
2026-07-24 23:42:10 | DEBUG | [20260724_234151] 信号异常 新能源车ETF: All arrays must be of the same length
2026-07-24 23:42:10 | DEBUG | [20260724_234151] 信号异常 电力ETF: All arrays must be of the same length
2026-07-24 23:42:10 | DEBUG | [20260724_234151] 信号异常 光伏ETF: All arrays must be of the same length
2026-07-24 23:42:10 | DEBUG | [20260724_234151] 信号异常 军工ETF: All arrays must be of the same length
2026-07-24 23:42:10 | DEBUG | [20260724_234151] 信号异常 国防ETF: All arrays must be of the same length
2026-07-24 23:42:10 | DEBUG | [20260724_234151] 信号异常 稀土ETF: All arrays must be of the same length
2026-07-24 23:42:10 | DEBUG | [20260724_234151] 信号异常 有色金属ETF: All arrays must be of the same length
2026-07-24 23:42:10 | DEBUG | [20260724_234151] 信号异常 煤炭ETF: All arrays must be of the same length
2026-07-24 23:42:10 | DEBUG | [20260724_234151] 信号异常 化工ETF: All arrays must be of the same length
2026-07-24 23:42:10 | DEBUG | [20260724_234151] 信号异常 钢铁ETF: All arrays must be of the same length
2026-07-24 23:42:10 | DEBUG | [20260724_234151] 信号异常 油气ETF: All arrays must be of the same length
2026-07-24 23:42:10 | DEBUG | [20260724_234151] 信号异常 传媒ETF: All arrays must be of the same length
2026-07-24 23:42:10 | DEBUG | [20260724_234151] 信号异常 游戏ETF: All arrays must be of the same length
2026-07-24 23:42:10 | DEBUG | [20260724_234151] 信号异常 机器人ETF: All arrays must be of the same length
2026-07-24 23:42:10 | DEBUG | [20260724_234151] 信号异常 汽车ETF: All arrays must be of the same length
2026-07-24 23:42:10 | DEBUG | [20260724_234151] 信号异常 基建ETF: All arrays must be of the same length
2026-07-24 23:42:10 | DEBUG | [20260724_234151] 信号异常 红利ETF: All arrays must be of the same length
2026-07-24 23:42:10 | DEBUG | [20260724_234151] 信号异常 中证红利ETF: All arrays must be of the same length
2026-07-24 23:42:10 | WARNING | [20260724_234151] 2026-01-20 回测异常: Account.holdings_value() missing 1 required positional argument: 'prices'
2026-07-24 23:42:10 | DEBUG | [20260724_234151] 信号异常 中证500ETF: All arrays must be of the same length
2026-07-24 23:42:10 | DEBUG | [20260724_234151] 信号异常 中证1000ETF: All arrays must be of the same length
2026-07-24 23:42:10 | DEBUG | [20260724_234151] 信号异常 银行ETF: All arrays must be of the same length
2026-07-24 23:42:10 | DEBUG | [20260724_234151] 信号异常 券商ETF: All arrays must be of the same length
2026-07-24 23:42:10 | DEBUG | [20260724_234151] 信号异常 房地产ETF: All arrays must be of the same length
2026-07-24 23:42:10 | DEBUG | [20260724_234151] 信号异常 食品饮料ETF: All arrays must be of the same length
2026-07-24 23:42:10 | DEBUG | [20260724_234151] 信号异常 养殖ETF: All arrays must be of the same length
2026-07-24 23:42:10 | DEBUG | [20260724_234151] 信号异常 酒ETF: All arrays must be of the same length
2026-07-24 23:42:10 | DEBUG | [20260724_234151] 信号异常 家电ETF: All arrays must be of the same length
2026-07-24 23:42:10 | DEBUG | [20260724_234151] 信号异常 医药ETF: All arrays must be of the same length
2026-07-24 23:42:10 | DEBUG | [20260724_234151] 信号异常 创新药ETF: All arrays must be of the same length
2026-07-24 23:42:10 | DEBUG | [20260724_234151] 信号异常 医疗ETF: All arrays must be of the same length
2026-07-24 23:42:10 | DEBUG | [20260724_234151] 信号异常 计算机ETF: All arrays must be of the same length
2026-07-24 23:42:10 | DEBUG | [20260724_234151] 信号异常 人工智能ETF: All arrays must be of the same length
2026-07-24 23:42:10 | DEBUG | [20260724_234151] 信号异常 新能源车ETF: All arrays must be of the same length
2026-07-24 23:42:10 | DEBUG | [20260724_234151] 信号异常 电力ETF: All arrays must be of the same length
2026-07-24 23:42:10 | DEBUG | [20260724_234151] 信号异常 光伏ETF: All arrays must be of the same length
2026-07-24 23:42:10 | DEBUG | [20260724_234151] 信号异常 军工ETF: All arrays must be of the same length
2026-07-24 23:42:10 | DEBUG | [20260724_234151] 信号异常 国防ETF: All arrays must be of the same length
2026-07-24 23:42:10 | DEBUG | [20260724_234151] 信号异常 稀土ETF: All arrays must be of the same length
2026-07-24 23:42:10 | DEBUG | [20260724_234151] 信号异常 有色金属ETF: All arrays must be of the same length
2026-07-24 23:42:10 | DEBUG | [20260724_234151] 信号异常 煤炭ETF: All arrays must be of the same length
2026-07-24 23:42:10 | DEBUG | [20260724_234151] 信号异常 化工ETF: All arrays must be of the same length
2026-07-24 23:42:10 | DEBUG | [20260724_234151] 信号异常 钢铁ETF: All arrays must be of the same length
2026-07-24 23:42:10 | DEBUG | [20260724_234151] 信号异常 油气ETF: All arrays must be of the same length
2026-07-24 23:42:10 | DEBUG | [20260724_234151] 信号异常 传媒ETF: All arrays must be of the same length
2026-07-24 23:42:10 | DEBUG | [20260724_234151] 信号异常 游戏ETF: All arrays must be of the same length
2026-07-24 23:42:10 | DEBUG | [20260724_234151] 信号异常 机器人ETF: All arrays must be of the same length
2026-07-24 23:42:10 | DEBUG | [20260724_234151] 信号异常 汽车ETF: All arrays must be of the same length
2026-07-24 23:42:10 | DEBUG | [20260724_234151] 信号异常 基建ETF: All arrays must be of the same length
2026-07-24 23:42:10 | DEBUG | [20260724_234151] 信号异常 红利ETF: All arrays must be of the same length
2026-07-24 23:42:10 | DEBUG | [20260724_234151] 信号异常 中证红利ETF: All arrays must be of the same length
2026-07-24 23:42:10 | WARNING | [20260724_234151] 2026-01-21 回测异常: Account.holdings_value() missing 1 required positional argument: 'prices'
2026-07-24 23:42:10 | DEBUG | [20260724_234151] 信号异常 中证500ETF: All arrays must be of the same length
2026-07-24 23:42:10 | DEBUG | [20260724_234151] 信号异常 中证1000ETF: All arrays must be of the same length
2026-07-24 23:42:10 | DEBUG | [20260724_234151] 信号异常 银行ETF: All arrays must be of the same length
2026-07-24 23:42:10 | DEBUG | [20260724_234151] 信号异常 券商ETF: All arrays must be of the same length
2026-07-24 23:42:10 | DEBUG | [20260724_234151] 信号异常 房地产ETF: All arrays must be of the same length
2026-07-24 23:42:10 | DEBUG | [20260724_234151] 信号异常 食品饮料ETF: All arrays must be of the same length
2026-07-24 23:42:10 | DEBUG | [20260724_234151] 信号异常 养殖ETF: All arrays must be of the same length
2026-07-24 23:42:10 | DEBUG | [20260724_234151] 信号异常 酒ETF: All arrays must be of the same length
2026-07-24 23:42:10 | DEBUG | [20260724_234151] 信号异常 家电ETF: All arrays must be of the same length
2026-07-24 23:42:10 | DEBUG | [20260724_234151] 信号异常 医药ETF: All arrays must be of the same length
2026-07-24 23:42:10 | DEBUG | [20260724_234151] 信号异常 创新药ETF: All arrays must be of the same length
2026-07-24 23:42:10 | DEBUG | [20260724_234151] 信号异常 医疗ETF: All arrays must be of the same length
2026-07-24 23:42:10 | DEBUG | [20260724_234151] 信号异常 计算机ETF: All arrays must be of the same length
2026-07-24 23:42:10 | DEBUG | [20260724_234151] 信号异常 人工智能ETF: All arrays must be of the same length
2026-07-24 23:42:10 | DEBUG | [20260724_234151] 信号异常 新能源车ETF: All arrays must be of the same length
2026-07-24 23:42:10 | DEBUG | [20260724_234151] 信号异常 电力ETF: All arrays must be of the same length
2026-07-24 23:42:10 | DEBUG | [20260724_234151] 信号异常 光伏ETF: All arrays must be of the same length
2026-07-24 23:42:10 | DEBUG | [20260724_234151] 信号异常 军工ETF: All arrays must be of the same length
2026-07-24 23:42:10 | DEBUG | [20260724_234151] 信号异常 国防ETF: All arrays must be of the same length
2026-07-24 23:42:10 | DEBUG | [20260724_234151] 信号异常 稀土ETF: All arrays must be of the same length
2026-07-24 23:42:10 | DEBUG | [20260724_234151] 信号异常 有色金属ETF: All arrays must be of the same length
2026-07-24 23:42:10 | DEBUG | [20260724_234151] 信号异常 煤炭ETF: All arrays must be of the same length
2026-07-24 23:42:10 | DEBUG | [20260724_234151] 信号异常 化工ETF: All arrays must be of the same length
2026-07-24 23:42:10 | DEBUG | [20260724_234151] 信号异常 钢铁ETF: All arrays must be of the same length
2026-07-24 23:42:10 | DEBUG | [20260724_234151] 信号异常 油气ETF: All arrays must be of the same length
2026-07-24 23:42:10 | DEBUG | [20260724_234151] 信号异常 传媒ETF: All arrays must be of the same length
2026-07-24 23:42:10 | DEBUG | [20260724_234151] 信号异常 游戏ETF: All arrays must be of the same length
2026-07-24 23:42:10 | DEBUG | [20260724_234151] 信号异常 机器人ETF: All arrays must be of the same length
2026-07-24 23:42:10 | DEBUG | [20260724_234151] 信号异常 汽车ETF: All arrays must be of the same length
2026-07-24 23:42:10 | DEBUG | [20260724_234151] 信号异常 基建ETF: All arrays must be of the same length
2026-07-24 23:42:10 | DEBUG | [20260724_234151] 信号异常 红利ETF: All arrays must be of the same length
2026-07-24 23:42:10 | DEBUG | [20260724_234151] 信号异常 中证红利ETF: All arrays must be of the same length
2026-07-24 23:42:10 | WARNING | [20260724_234151] 2026-01-22 回测异常: Account.holdings_value() missing 1 required positional argument: 'prices'
2026-07-24 23:42:10 | DEBUG | [20260724_234151] 信号异常 中证500ETF: All arrays must be of the same length
2026-07-24 23:42:10 | DEBUG | [20260724_234151] 信号异常 中证1000ETF: All arrays must be of the same length
2026-07-24 23:42:10 | DEBUG | [20260724_234151] 信号异常 银行ETF: All arrays must be of the same length
2026-07-24 23:42:10 | DEBUG | [20260724_234151] 信号异常 券商ETF: All arrays must be of the same length
2026-07-24 23:42:10 | DEBUG | [20260724_234151] 信号异常 房地产ETF: All arrays must be of the same length
2026-07-24 23:42:10 | DEBUG | [20260724_234151] 信号异常 食品饮料ETF: All arrays must be of the same length
2026-07-24 23:42:10 | DEBUG | [20260724_234151] 信号异常 养殖ETF: All arrays must be of the same length
2026-07-24 23:42:10 | DEBUG | [20260724_234151] 信号异常 酒ETF: All arrays must be of the same length
2026-07-24 23:42:10 | DEBUG | [20260724_234151] 信号异常 家电ETF: All arrays must be of the same length
2026-07-24 23:42:10 | DEBUG | [20260724_234151] 信号异常 医药ETF: All arrays must be of the same length
2026-07-24 23:42:10 | DEBUG | [20260724_234151] 信号异常 创新药ETF: All arrays must be of the same length
2026-07-24 23:42:10 | DEBUG | [20260724_234151] 信号异常 医疗ETF: All arrays must be of the same length
2026-07-24 23:42:10 | DEBUG | [20260724_234151] 信号异常 计算机ETF: All arrays must be of the same length
2026-07-24 23:42:10 | DEBUG | [20260724_234151] 信号异常 人工智能ETF: All arrays must be of the same length
2026-07-24 23:42:10 | DEBUG | [20260724_234151] 信号异常 新能源车ETF: All arrays must be of the same length
2026-07-24 23:42:10 | DEBUG | [20260724_234151] 信号异常 电力ETF: All arrays must be of the same length
2026-07-24 23:42:10 | DEBUG | [20260724_234151] 信号异常 光伏ETF: All arrays must be of the same length
2026-07-24 23:42:10 | DEBUG | [20260724_234151] 信号异常 军工ETF: All arrays must be of the same length
2026-07-24 23:42:10 | DEBUG | [20260724_234151] 信号异常 国防ETF: All arrays must be of the same length
2026-07-24 23:42:10 | DEBUG | [20260724_234151] 信号异常 稀土ETF: All arrays must be of the same length
2026-07-24 23:42:10 | DEBUG | [20260724_234151] 信号异常 有色金属ETF: All arrays must be of the same length
2026-07-24 23:42:10 | DEBUG | [20260724_234151] 信号异常 煤炭ETF: All arrays must be of the same length
2026-07-24 23:42:10 | DEBUG | [20260724_234151] 信号异常 化工ETF: All arrays must be of the same length
2026-07-24 23:42:10 | DEBUG | [20260724_234151] 信号异常 钢铁ETF: All arrays must be of the same length
2026-07-24 23:42:10 | DEBUG | [20260724_234151] 信号异常 油气ETF: All arrays must be of the same length
2026-07-24 23:42:10 | DEBUG | [20260724_234151] 信号异常 传媒ETF: All arrays must be of the same length
2026-07-24 23:42:10 | DEBUG | [20260724_234151] 信号异常 游戏ETF: All arrays must be of the same length
2026-07-24 23:42:10 | DEBUG | [20260724_234151] 信号异常 机器人ETF: All arrays must be of the same length
2026-07-24 23:42:10 | DEBUG | [20260724_234151] 信号异常 汽车ETF: All arrays must be of the same length
2026-07-24 23:42:10 | DEBUG | [20260724_234151] 信号异常 基建ETF: All arrays must be of the same length
2026-07-24 23:42:10 | DEBUG | [20260724_234151] 信号异常 红利ETF: All arrays must be of the same length
2026-07-24 23:42:10 | DEBUG | [20260724_234151] 信号异常 中证红利ETF: All arrays must be of the same length
2026-07-24 23:42:10 | WARNING | [20260724_234151] 2026-01-23 回测异常: Account.holdings_value() missing 1 required positional argument: 'prices'
2026-07-24 23:42:10 | DEBUG | [20260724_234151] 信号异常 中证500ETF: All arrays must be of the same length
2026-07-24 23:42:10 | DEBUG | [20260724_234151] 信号异常 中证1000ETF: All arrays must be of the same length
2026-07-24 23:42:10 | DEBUG | [20260724_234151] 信号异常 银行ETF: All arrays must be of the same length
2026-07-24 23:42:10 | DEBUG | [20260724_234151] 信号异常 券商ETF: All arrays must be of the same length
2026-07-24 23:42:10 | DEBUG | [20260724_234151] 信号异常 房地产ETF: All arrays must be of the same length
2026-07-24 23:42:10 | DEBUG | [20260724_234151] 信号异常 食品饮料ETF: All arrays must be of the same length
2026-07-24 23:42:10 | DEBUG | [20260724_234151] 信号异常 养殖ETF: All arrays must be of the same length
2026-07-24 23:42:10 | DEBUG | [20260724_234151] 信号异常 酒ETF: All arrays must be of the same length
2026-07-24 23:42:10 | DEBUG | [20260724_234151] 信号异常 家电ETF: All arrays must be of the same length
2026-07-24 23:42:10 | DEBUG | [20260724_234151] 信号异常 医药ETF: All arrays must be of the same length
2026-07-24 23:42:10 | DEBUG | [20260724_234151] 信号异常 创新药ETF: All arrays must be of the same length
2026-07-24 23:42:10 | DEBUG | [20260724_234151] 信号异常 医疗ETF: All arrays must be of the same length
2026-07-24 23:42:10 | DEBUG | [20260724_234151] 信号异常 计算机ETF: All arrays must be of the same length
2026-07-24 23:42:10 | DEBUG | [20260724_234151] 信号异常 人工智能ETF: All arrays must be of the same length
2026-07-24 23:42:10 | DEBUG | [20260724_234151] 信号异常 新能源车ETF: All arrays must be of the same length
2026-07-24 23:42:10 | DEBUG | [20260724_234151] 信号异常 电力ETF: All arrays must be of the same length
2026-07-24 23:42:10 | DEBUG | [20260724_234151] 信号异常 光伏ETF: All arrays must be of the same length
2026-07-24 23:42:10 | DEBUG | [20260724_234151] 信号异常 军工ETF: All arrays must be of the same length
2026-07-24 23:42:10 | DEBUG | [20260724_234151] 信号异常 国防ETF: All arrays must be of the same length
2026-07-24 23:42:10 | DEBUG | [20260724_234151] 信号异常 稀土ETF: All arrays must be of the same length
2026-07-24 23:42:10 | DEBUG | [20260724_234151] 信号异常 有色金属ETF: All arrays must be of the same length
2026-07-24 23:42:10 | DEBUG | [20260724_234151] 信号异常 煤炭ETF: All arrays must be of the same length
2026-07-24 23:42:10 | DEBUG | [20260724_234151] 信号异常 化工ETF: All arrays must be of the same length
2026-07-24 23:42:10 | DEBUG | [20260724_234151] 信号异常 钢铁ETF: All arrays must be of the same length
2026-07-24 23:42:10 | DEBUG | [20260724_234151] 信号异常 油气ETF: All arrays must be of the same length
2026-07-24 23:42:10 | DEBUG | [20260724_234151] 信号异常 传媒ETF: All arrays must be of the same length
2026-07-24 23:42:10 | DEBUG | [20260724_234151] 信号异常 游戏ETF: All arrays must be of the same length
2026-07-24 23:42:10 | DEBUG | [20260724_234151] 信号异常 机器人ETF: All arrays must be of the same length
2026-07-24 23:42:10 | DEBUG | [20260724_234151] 信号异常 汽车ETF: All arrays must be of the same length
2026-07-24 23:42:10 | DEBUG | [20260724_234151] 信号异常 基建ETF: All arrays must be of the same length
2026-07-24 23:42:10 | DEBUG | [20260724_234151] 信号异常 红利ETF: All arrays must be of the same length
2026-07-24 23:42:10 | DEBUG | [20260724_234151] 信号异常 中证红利ETF: All arrays must be of the same length
2026-07-24 23:42:10 | WARNING | [20260724_234151] 2026-01-26 回测异常: Account.holdings_value() missing 1 required positional argument: 'prices'
2026-07-24 23:42:10 | DEBUG | [20260724_234151] 信号异常 中证500ETF: All arrays must be of the same length
2026-07-24 23:42:10 | DEBUG | [20260724_234151] 信号异常 中证1000ETF: All arrays must be of the same length
2026-07-24 23:42:10 | DEBUG | [20260724_234151] 信号异常 银行ETF: All arrays must be of the same length
2026-07-24 23:42:10 | DEBUG | [20260724_234151] 信号异常 券商ETF: All arrays must be of the same length
2026-07-24 23:42:10 | DEBUG | [20260724_234151] 信号异常 房地产ETF: All arrays must be of the same length
2026-07-24 23:42:10 | DEBUG | [20260724_234151] 信号异常 食品饮料ETF: All arrays must be of the same length
2026-07-24 23:42:10 | DEBUG | [20260724_234151] 信号异常 养殖ETF: All arrays must be of the same length
2026-07-24 23:42:10 | DEBUG | [20260724_234151] 信号异常 酒ETF: All arrays must be of the same length
2026-07-24 23:42:10 | DEBUG | [20260724_234151] 信号异常 家电ETF: All arrays must be of the same length
2026-07-24 23:42:10 | DEBUG | [20260724_234151] 信号异常 医药ETF: All arrays must be of the same length
2026-07-24 23:42:10 | DEBUG | [20260724_234151] 信号异常 创新药ETF: All arrays must be of the same length
2026-07-24 23:42:10 | DEBUG | [20260724_234151] 信号异常 医疗ETF: All arrays must be of the same length
2026-07-24 23:42:10 | DEBUG | [20260724_234151] 信号异常 计算机ETF: All arrays must be of the same length
2026-07-24 23:42:10 | DEBUG | [20260724_234151] 信号异常 人工智能ETF: All arrays must be of the same length
2026-07-24 23:42:10 | DEBUG | [20260724_234151] 信号异常 新能源车ETF: All arrays must be of the same length
2026-07-24 23:42:10 | DEBUG | [20260724_234151] 信号异常 电力ETF: All arrays must be of the same length
2026-07-24 23:42:10 | DEBUG | [20260724_234151] 信号异常 光伏ETF: All arrays must be of the same length
2026-07-24 23:42:10 | DEBUG | [20260724_234151] 信号异常 军工ETF: All arrays must be of the same length
2026-07-24 23:42:10 | DEBUG | [20260724_234151] 信号异常 国防ETF: All arrays must be of the same length
2026-07-24 23:42:10 | DEBUG | [20260724_234151] 信号异常 稀土ETF: All arrays must be of the same length
2026-07-24 23:42:10 | DEBUG | [20260724_234151] 信号异常 有色金属ETF: All arrays must be of the same length
2026-07-24 23:42:10 | DEBUG | [20260724_234151] 信号异常 煤炭ETF: All arrays must be of the same length
2026-07-24 23:42:10 | DEBUG | [20260724_234151] 信号异常 化工ETF: All arrays must be of the same length
2026-07-24 23:42:10 | DEBUG | [20260724_234151] 信号异常 钢铁ETF: All arrays must be of the same length
2026-07-24 23:42:10 | DEBUG | [20260724_234151] 信号异常 油气ETF: All arrays must be of the same length
2026-07-24 23:42:10 | DEBUG | [20260724_234151] 信号异常 传媒ETF: All arrays must be of the same length
2026-07-24 23:42:10 | DEBUG | [20260724_234151] 信号异常 游戏ETF: All arrays must be of the same length
2026-07-24 23:42:10 | DEBUG | [20260724_234151] 信号异常 机器人ETF: All arrays must be of the same length
2026-07-24 23:42:10 | DEBUG | [20260724_234151] 信号异常 汽车ETF: All arrays must be of the same length
2026-07-24 23:42:10 | DEBUG | [20260724_234151] 信号异常 基建ETF: All arrays must be of the same length
2026-07-24 23:42:10 | DEBUG | [20260724_234151] 信号异常 红利ETF: All arrays must be of the same length
2026-07-24 23:42:10 | DEBUG | [20260724_234151] 信号异常 中证红利ETF: All arrays must be of the same length
2026-07-24 23:42:10 | WARNING | [20260724_234151] 2026-01-27 回测异常: Account.holdings_value() missing 1 required positional argument: 'prices'
2026-07-24 23:42:10 | DEBUG | [20260724_234151] 信号异常 中证500ETF: All arrays must be of the same length
2026-07-24 23:42:10 | DEBUG | [20260724_234151] 信号异常 中证1000ETF: All arrays must be of the same length
2026-07-24 23:42:10 | DEBUG | [20260724_234151] 信号异常 银行ETF: All arrays must be of the same length
2026-07-24 23:42:10 | DEBUG | [20260724_234151] 信号异常 券商ETF: All arrays must be of the same length
2026-07-24 23:42:10 | DEBUG | [20260724_234151] 信号异常 房地产ETF: All arrays must be of the same length
2026-07-24 23:42:10 | DEBUG | [20260724_234151] 信号异常 食品饮料ETF: All arrays must be of the same length
2026-07-24 23:42:10 | DEBUG | [20260724_234151] 信号异常 养殖ETF: All arrays must be of the same length
2026-07-24 23:42:10 | DEBUG | [20260724_234151] 信号异常 酒ETF: All arrays must be of the same length
2026-07-24 23:42:10 | DEBUG | [20260724_234151] 信号异常 家电ETF: All arrays must be of the same length
2026-07-24 23:42:10 | DEBUG | [20260724_234151] 信号异常 医药ETF: All arrays must be of the same length
2026-07-24 23:42:10 | DEBUG | [20260724_234151] 信号异常 创新药ETF: All arrays must be of the same length
2026-07-24 23:42:10 | DEBUG | [20260724_234151] 信号异常 医疗ETF: All arrays must be of the same length
2026-07-24 23:42:10 | DEBUG | [20260724_234151] 信号异常 计算机ETF: All arrays must be of the same length
2026-07-24 23:42:10 | DEBUG | [20260724_234151] 信号异常 人工智能ETF: All arrays must be of the same length
2026-07-24 23:42:10 | DEBUG | [20260724_234151] 信号异常 新能源车ETF: All arrays must be of the same length
2026-07-24 23:42:10 | DEBUG | [20260724_234151] 信号异常 电力ETF: All arrays must be of the same length
2026-07-24 23:42:10 | DEBUG | [20260724_234151] 信号异常 光伏ETF: All arrays must be of the same length
2026-07-24 23:42:10 | DEBUG | [20260724_234151] 信号异常 军工ETF: All arrays must be of the same length
2026-07-24 23:42:10 | DEBUG | [20260724_234151] 信号异常 国防ETF: All arrays must be of the same length
2026-07-24 23:42:10 | DEBUG | [20260724_234151] 信号异常 稀土ETF: All arrays must be of the same length
2026-07-24 23:42:10 | DEBUG | [20260724_234151] 信号异常 有色金属ETF: All arrays must be of the same length
2026-07-24 23:42:10 | DEBUG | [20260724_234151] 信号异常 煤炭ETF: All arrays must be of the same length
2026-07-24 23:42:10 | DEBUG | [20260724_234151] 信号异常 化工ETF: All arrays must be of the same length
2026-07-24 23:42:10 | DEBUG | [20260724_234151] 信号异常 钢铁ETF: All arrays must be of the same length
2026-07-24 23:42:10 | DEBUG | [20260724_234151] 信号异常 油气ETF: All arrays must be of the same length
2026-07-24 23:42:10 | DEBUG | [20260724_234151] 信号异常 传媒ETF: All arrays must be of the same length
2026-07-24 23:42:10 | DEBUG | [20260724_234151] 信号异常 游戏ETF: All arrays must be of the same length
2026-07-24 23:42:10 | DEBUG | [20260724_234151] 信号异常 机器人ETF: All arrays must be of the same length
2026-07-24 23:42:10 | DEBUG | [20260724_234151] 信号异常 汽车ETF: All arrays must be of the same length
2026-07-24 23:42:10 | DEBUG | [20260724_234151] 信号异常 基建ETF: All arrays must be of the same length
2026-07-24 23:42:10 | DEBUG | [20260724_234151] 信号异常 红利ETF: All arrays must be of the same length
2026-07-24 23:42:10 | DEBUG | [20260724_234151] 信号异常 中证红利ETF: All arrays must be of the same length
2026-07-24 23:42:10 | WARNING | [20260724_234151] 2026-01-28 回测异常: Account.holdings_value() missing 1 required positional argument: 'prices'
2026-07-24 23:42:10 | DEBUG | [20260724_234151] 信号异常 中证500ETF: All arrays must be of the same length
2026-07-24 23:42:10 | DEBUG | [20260724_234151] 信号异常 中证1000ETF: All arrays must be of the same length
2026-07-24 23:42:10 | DEBUG | [20260724_234151] 信号异常 银行ETF: All arrays must be of the same length
2026-07-24 23:42:10 | DEBUG | [20260724_234151] 信号异常 券商ETF: All arrays must be of the same length
2026-07-24 23:42:10 | DEBUG | [20260724_234151] 信号异常 房地产ETF: All arrays must be of the same length
2026-07-24 23:42:10 | DEBUG | [20260724_234151] 信号异常 食品饮料ETF: All arrays must be of the same length
2026-07-24 23:42:10 | DEBUG | [20260724_234151] 信号异常 养殖ETF: All arrays must be of the same length
2026-07-24 23:42:10 | DEBUG | [20260724_234151] 信号异常 酒ETF: All arrays must be of the same length
2026-07-24 23:42:10 | DEBUG | [20260724_234151] 信号异常 家电ETF: All arrays must be of the same length
2026-07-24 23:42:10 | DEBUG | [20260724_234151] 信号异常 医药ETF: All arrays must be of the same length
2026-07-24 23:42:10 | DEBUG | [20260724_234151] 信号异常 创新药ETF: All arrays must be of the same length
2026-07-24 23:42:10 | DEBUG | [20260724_234151] 信号异常 医疗ETF: All arrays must be of the same length
2026-07-24 23:42:10 | DEBUG | [20260724_234151] 信号异常 计算机ETF: All arrays must be of the same length
2026-07-24 23:42:10 | DEBUG | [20260724_234151] 信号异常 人工智能ETF: All arrays must be of the same length
2026-07-24 23:42:10 | DEBUG | [20260724_234151] 信号异常 新能源车ETF: All arrays must be of the same length
2026-07-24 23:42:10 | DEBUG | [20260724_234151] 信号异常 电力ETF: All arrays must be of the same length
2026-07-24 23:42:10 | DEBUG | [20260724_234151] 信号异常 光伏ETF: All arrays must be of the same length
2026-07-24 23:42:10 | DEBUG | [20260724_234151] 信号异常 军工ETF: All arrays must be of the same length
2026-07-24 23:42:10 | DEBUG | [20260724_234151] 信号异常 国防ETF: All arrays must be of the same length
2026-07-24 23:42:10 | DEBUG | [20260724_234151] 信号异常 稀土ETF: All arrays must be of the same length
2026-07-24 23:42:10 | DEBUG | [20260724_234151] 信号异常 有色金属ETF: All arrays must be of the same length
2026-07-24 23:42:10 | DEBUG | [20260724_234151] 信号异常 煤炭ETF: All arrays must be of the same length
2026-07-24 23:42:10 | DEBUG | [20260724_234151] 信号异常 化工ETF: All arrays must be of the same length
2026-07-24 23:42:10 | DEBUG | [20260724_234151] 信号异常 钢铁ETF: All arrays must be of the same length
2026-07-24 23:42:10 | DEBUG | [20260724_234151] 信号异常 油气ETF: All arrays must be of the same length
2026-07-24 23:42:10 | DEBUG | [20260724_234151] 信号异常 传媒ETF: All arrays must be of the same length
2026-07-24 23:42:10 | DEBUG | [20260724_234151] 信号异常 游戏ETF: All arrays must be of the same length
2026-07-24 23:42:10 | DEBUG | [20260724_234151] 信号异常 机器人ETF: All arrays must be of the same length
2026-07-24 23:42:10 | DEBUG | [20260724_234151] 信号异常 汽车ETF: All arrays must be of the same length
2026-07-24 23:42:10 | DEBUG | [20260724_234151] 信号异常 基建ETF: All arrays must be of the same length
2026-07-24 23:42:10 | DEBUG | [20260724_234151] 信号异常 红利ETF: All arrays must be of the same length
2026-07-24 23:42:10 | DEBUG | [20260724_234151] 信号异常 中证红利ETF: All arrays must be of the same length
2026-07-24 23:42:10 | WARNING | [20260724_234151] 2026-01-29 回测异常: Account.holdings_value() missing 1 required positional argument: 'prices'
2026-07-24 23:42:10 | DEBUG | [20260724_234151] 信号异常 中证500ETF: All arrays must be of the same length
2026-07-24 23:42:10 | DEBUG | [20260724_234151] 信号异常 中证1000ETF: All arrays must be of the same length
2026-07-24 23:42:10 | DEBUG | [20260724_234151] 信号异常 银行ETF: All arrays must be of the same length
2026-07-24 23:42:10 | DEBUG | [20260724_234151] 信号异常 券商ETF: All arrays must be of the same length
2026-07-24 23:42:10 | DEBUG | [20260724_234151] 信号异常 房地产ETF: All arrays must be of the same length
2026-07-24 23:42:10 | DEBUG | [20260724_234151] 信号异常 食品饮料ETF: All arrays must be of the same length
2026-07-24 23:42:10 | DEBUG | [20260724_234151] 信号异常 养殖ETF: All arrays must be of the same length
2026-07-24 23:42:10 | DEBUG | [20260724_234151] 信号异常 酒ETF: All arrays must be of the same length
2026-07-24 23:42:10 | DEBUG | [20260724_234151] 信号异常 家电ETF: All arrays must be of the same length
2026-07-24 23:42:10 | DEBUG | [20260724_234151] 信号异常 医药ETF: All arrays must be of the same length
2026-07-24 23:42:10 | DEBUG | [20260724_234151] 信号异常 创新药ETF: All arrays must be of the same length
2026-07-24 23:42:10 | DEBUG | [20260724_234151] 信号异常 医疗ETF: All arrays must be of the same length
2026-07-24 23:42:10 | DEBUG | [20260724_234151] 信号异常 计算机ETF: All arrays must be of the same length
2026-07-24 23:42:10 | DEBUG | [20260724_234151] 信号异常 人工智能ETF: All arrays must be of the same length
2026-07-24 23:42:10 | DEBUG | [20260724_234151] 信号异常 新能源车ETF: All arrays must be of the same length
2026-07-24 23:42:10 | DEBUG | [20260724_234151] 信号异常 电力ETF: All arrays must be of the same length
2026-07-24 23:42:10 | DEBUG | [20260724_234151] 信号异常 光伏ETF: All arrays must be of the same length
2026-07-24 23:42:10 | DEBUG | [20260724_234151] 信号异常 军工ETF: All arrays must be of the same length
2026-07-24 23:42:10 | DEBUG | [20260724_234151] 信号异常 国防ETF: All arrays must be of the same length
2026-07-24 23:42:10 | DEBUG | [20260724_234151] 信号异常 稀土ETF: All arrays must be of the same length
2026-07-24 23:42:10 | DEBUG | [20260724_234151] 信号异常 有色金属ETF: All arrays must be of the same length
2026-07-24 23:42:10 | DEBUG | [20260724_234151] 信号异常 煤炭ETF: All arrays must be of the same length
2026-07-24 23:42:10 | DEBUG | [20260724_234151] 信号异常 化工ETF: All arrays must be of the same length
2026-07-24 23:42:10 | DEBUG | [20260724_234151] 信号异常 钢铁ETF: All arrays must be of the same length
2026-07-24 23:42:10 | DEBUG | [20260724_234151] 信号异常 油气ETF: All arrays must be of the same length
2026-07-24 23:42:10 | DEBUG | [20260724_234151] 信号异常 传媒ETF: All arrays must be of the same length
2026-07-24 23:42:10 | DEBUG | [20260724_234151] 信号异常 游戏ETF: All arrays must be of the same length
2026-07-24 23:42:10 | DEBUG | [20260724_234151] 信号异常 机器人ETF: All arrays must be of the same length
2026-07-24 23:42:10 | DEBUG | [20260724_234151] 信号异常 汽车ETF: All arrays must be of the same length
2026-07-24 23:42:10 | DEBUG | [20260724_234151] 信号异常 基建ETF: All arrays must be of the same length
2026-07-24 23:42:10 | DEBUG | [20260724_234151] 信号异常 红利ETF: All arrays must be of the same length
2026-07-24 23:42:10 | DEBUG | [20260724_234151] 信号异常 中证红利ETF: All arrays must be of the same length
2026-07-24 23:42:10 | WARNING | [20260724_234151] 2026-01-30 回测异常: Account.holdings_value() missing 1 required positional argument: 'prices'
2026-07-24 23:42:10 | DEBUG | [20260724_234151] 信号异常 中证500ETF: All arrays must be of the same length
2026-07-24 23:42:10 | DEBUG | [20260724_234151] 信号异常 中证1000ETF: All arrays must be of the same length
2026-07-24 23:42:10 | DEBUG | [20260724_234151] 信号异常 银行ETF: All arrays must be of the same length
2026-07-24 23:42:10 | DEBUG | [20260724_234151] 信号异常 券商ETF: All arrays must be of the same length
2026-07-24 23:42:10 | DEBUG | [20260724_234151] 信号异常 房地产ETF: All arrays must be of the same length
2026-07-24 23:42:10 | DEBUG | [20260724_234151] 信号异常 食品饮料ETF: All arrays must be of the same length
2026-07-24 23:42:10 | DEBUG | [20260724_234151] 信号异常 养殖ETF: All arrays must be of the same length
2026-07-24 23:42:10 | DEBUG | [20260724_234151] 信号异常 酒ETF: All arrays must be of the same length
2026-07-24 23:42:10 | DEBUG | [20260724_234151] 信号异常 家电ETF: All arrays must be of the same length
2026-07-24 23:42:10 | DEBUG | [20260724_234151] 信号异常 医药ETF: All arrays must be of the same length
2026-07-24 23:42:10 | DEBUG | [20260724_234151] 信号异常 创新药ETF: All arrays must be of the same length
2026-07-24 23:42:10 | DEBUG | [20260724_234151] 信号异常 医疗ETF: All arrays must be of the same length
2026-07-24 23:42:10 | DEBUG | [20260724_234151] 信号异常 计算机ETF: All arrays must be of the same length
2026-07-24 23:42:10 | DEBUG | [20260724_234151] 信号异常 人工智能ETF: All arrays must be of the same length
2026-07-24 23:42:10 | DEBUG | [20260724_234151] 信号异常 新能源车ETF: All arrays must be of the same length
2026-07-24 23:42:10 | DEBUG | [20260724_234151] 信号异常 电力ETF: All arrays must be of the same length
2026-07-24 23:42:10 | DEBUG | [20260724_234151] 信号异常 光伏ETF: All arrays must be of the same length
2026-07-24 23:42:10 | DEBUG | [20260724_234151] 信号异常 军工ETF: All arrays must be of the same length
2026-07-24 23:42:10 | DEBUG | [20260724_234151] 信号异常 国防ETF: All arrays must be of the same length
2026-07-24 23:42:10 | DEBUG | [20260724_234151] 信号异常 稀土ETF: All arrays must be of the same length
2026-07-24 23:42:10 | DEBUG | [20260724_234151] 信号异常 有色金属ETF: All arrays must be of the same length
2026-07-24 23:42:10 | DEBUG | [20260724_234151] 信号异常 煤炭ETF: All arrays must be of the same length
2026-07-24 23:42:10 | DEBUG | [20260724_234151] 信号异常 化工ETF: All arrays must be of the same length
2026-07-24 23:42:10 | DEBUG | [20260724_234151] 信号异常 钢铁ETF: All arrays must be of the same length
2026-07-24 23:42:10 | DEBUG | [20260724_234151] 信号异常 油气ETF: All arrays must be of the same length
2026-07-24 23:42:10 | DEBUG | [20260724_234151] 信号异常 传媒ETF: All arrays must be of the same length
2026-07-24 23:42:10 | DEBUG | [20260724_234151] 信号异常 游戏ETF: All arrays must be of the same length
2026-07-24 23:42:10 | DEBUG | [20260724_234151] 信号异常 机器人ETF: All arrays must be of the same length
2026-07-24 23:42:10 | DEBUG | [20260724_234151] 信号异常 汽车ETF: All arrays must be of the same length
2026-07-24 23:42:10 | DEBUG | [20260724_234151] 信号异常 基建ETF: All arrays must be of the same length
2026-07-24 23:42:10 | DEBUG | [20260724_234151] 信号异常 红利ETF: All arrays must be of the same length
2026-07-24 23:42:10 | DEBUG | [20260724_234151] 信号异常 中证红利ETF: All arrays must be of the same length
2026-07-24 23:42:10 | WARNING | [20260724_234151] 2026-02-02 回测异常: Account.holdings_value() missing 1 required positional argument: 'prices'
2026-07-24 23:42:10 | DEBUG | [20260724_234151] 信号异常 中证500ETF: All arrays must be of the same length
2026-07-24 23:42:10 | DEBUG | [20260724_234151] 信号异常 中证1000ETF: All arrays must be of the same length
2026-07-24 23:42:10 | DEBUG | [20260724_234151] 信号异常 银行ETF: All arrays must be of the same length
2026-07-24 23:42:10 | DEBUG | [20260724_234151] 信号异常 券商ETF: All arrays must be of the same length
2026-07-24 23:42:10 | DEBUG | [20260724_234151] 信号异常 房地产ETF: All arrays must be of the same length
2026-07-24 23:42:10 | DEBUG | [20260724_234151] 信号异常 食品饮料ETF: All arrays must be of the same length
2026-07-24 23:42:10 | DEBUG | [20260724_234151] 信号异常 养殖ETF: All arrays must be of the same length
2026-07-24 23:42:10 | DEBUG | [20260724_234151] 信号异常 酒ETF: All arrays must be of the same length
2026-07-24 23:42:10 | DEBUG | [20260724_234151] 信号异常 家电ETF: All arrays must be of the same length
2026-07-24 23:42:10 | DEBUG | [20260724_234151] 信号异常 医药ETF: All arrays must be of the same length
2026-07-24 23:42:10 | DEBUG | [20260724_234151] 信号异常 创新药ETF: All arrays must be of the same length
2026-07-24 23:42:10 | DEBUG | [20260724_234151] 信号异常 医疗ETF: All arrays must be of the same length
2026-07-24 23:42:10 | DEBUG | [20260724_234151] 信号异常 计算机ETF: All arrays must be of the same length
2026-07-24 23:42:10 | DEBUG | [20260724_234151] 信号异常 人工智能ETF: All arrays must be of the same length
2026-07-24 23:42:10 | DEBUG | [20260724_234151] 信号异常 新能源车ETF: All arrays must be of the same length
2026-07-24 23:42:10 | DEBUG | [20260724_234151] 信号异常 电力ETF: All arrays must be of the same length
2026-07-24 23:42:10 | DEBUG | [20260724_234151] 信号异常 光伏ETF: All arrays must be of the same length
2026-07-24 23:42:10 | DEBUG | [20260724_234151] 信号异常 军工ETF: All arrays must be of the same length
2026-07-24 23:42:10 | DEBUG | [20260724_234151] 信号异常 国防ETF: All arrays must be of the same length
2026-07-24 23:42:10 | DEBUG | [20260724_234151] 信号异常 稀土ETF: All arrays must be of the same length
2026-07-24 23:42:10 | DEBUG | [20260724_234151] 信号异常 有色金属ETF: All arrays must be of the same length
2026-07-24 23:42:10 | DEBUG | [20260724_234151] 信号异常 煤炭ETF: All arrays must be of the same length
2026-07-24 23:42:10 | DEBUG | [20260724_234151] 信号异常 化工ETF: All arrays must be of the same length
2026-07-24 23:42:10 | DEBUG | [20260724_234151] 信号异常 钢铁ETF: All arrays must be of the same length
2026-07-24 23:42:10 | DEBUG | [20260724_234151] 信号异常 油气ETF: All arrays must be of the same length
2026-07-24 23:42:10 | DEBUG | [20260724_234151] 信号异常 传媒ETF: All arrays must be of the same length
2026-07-24 23:42:10 | DEBUG | [20260724_234151] 信号异常 游戏ETF: All arrays must be of the same length
2026-07-24 23:42:10 | DEBUG | [20260724_234151] 信号异常 机器人ETF: All arrays must be of the same length
2026-07-24 23:42:10 | DEBUG | [20260724_234151] 信号异常 汽车ETF: All arrays must be of the same length
2026-07-24 23:42:10 | DEBUG | [20260724_234151] 信号异常 基建ETF: All arrays must be of the same length
2026-07-24 23:42:10 | DEBUG | [20260724_234151] 信号异常 红利ETF: All arrays must be of the same length
2026-07-24 23:42:10 | DEBUG | [20260724_234151] 信号异常 中证红利ETF: All arrays must be of the same length
2026-07-24 23:42:10 | WARNING | [20260724_234151] 2026-02-03 回测异常: Account.holdings_value() missing 1 required positional argument: 'prices'
2026-07-24 23:42:10 | DEBUG | [20260724_234151] 信号异常 中证500ETF: All arrays must be of the same length
2026-07-24 23:42:10 | DEBUG | [20260724_234151] 信号异常 中证1000ETF: All arrays must be of the same length
2026-07-24 23:42:10 | DEBUG | [20260724_234151] 信号异常 银行ETF: All arrays must be of the same length
2026-07-24 23:42:10 | DEBUG | [20260724_234151] 信号异常 券商ETF: All arrays must be of the same length
2026-07-24 23:42:10 | DEBUG | [20260724_234151] 信号异常 房地产ETF: All arrays must be of the same length
2026-07-24 23:42:10 | DEBUG | [20260724_234151] 信号异常 食品饮料ETF: All arrays must be of the same length
2026-07-24 23:42:10 | DEBUG | [20260724_234151] 信号异常 养殖ETF: All arrays must be of the same length
2026-07-24 23:42:10 | DEBUG | [20260724_234151] 信号异常 酒ETF: All arrays must be of the same length
2026-07-24 23:42:10 | DEBUG | [20260724_234151] 信号异常 家电ETF: All arrays must be of the same length
2026-07-24 23:42:10 | DEBUG | [20260724_234151] 信号异常 医药ETF: All arrays must be of the same length
2026-07-24 23:42:10 | DEBUG | [20260724_234151] 信号异常 创新药ETF: All arrays must be of the same length
2026-07-24 23:42:10 | DEBUG | [20260724_234151] 信号异常 医疗ETF: All arrays must be of the same length
2026-07-24 23:42:10 | DEBUG | [20260724_234151] 信号异常 计算机ETF: All arrays must be of the same length
2026-07-24 23:42:10 | DEBUG | [20260724_234151] 信号异常 人工智能ETF: All arrays must be of the same length
2026-07-24 23:42:10 | DEBUG | [20260724_234151] 信号异常 新能源车ETF: All arrays must be of the same length
2026-07-24 23:42:10 | DEBUG | [20260724_234151] 信号异常 电力ETF: All arrays must be of the same length
2026-07-24 23:42:10 | DEBUG | [20260724_234151] 信号异常 光伏ETF: All arrays must be of the same length
2026-07-24 23:42:10 | DEBUG | [20260724_234151] 信号异常 军工ETF: All arrays must be of the same length
2026-07-24 23:42:10 | DEBUG | [20260724_234151] 信号异常 国防ETF: All arrays must be of the same length
2026-07-24 23:42:10 | DEBUG | [20260724_234151] 信号异常 稀土ETF: All arrays must be of the same length
2026-07-24 23:42:10 | DEBUG | [20260724_234151] 信号异常 有色金属ETF: All arrays must be of the same length
2026-07-24 23:42:10 | DEBUG | [20260724_234151] 信号异常 煤炭ETF: All arrays must be of the same length
2026-07-24 23:42:10 | DEBUG | [20260724_234151] 信号异常 化工ETF: All arrays must be of the same length
2026-07-24 23:42:10 | DEBUG | [20260724_234151] 信号异常 钢铁ETF: All arrays must be of the same length
2026-07-24 23:42:10 | DEBUG | [20260724_234151] 信号异常 油气ETF: All arrays must be of the same length
2026-07-24 23:42:10 | DEBUG | [20260724_234151] 信号异常 传媒ETF: All arrays must be of the same length
2026-07-24 23:42:10 | DEBUG | [20260724_234151] 信号异常 游戏ETF: All arrays must be of the same length
2026-07-24 23:42:10 | DEBUG | [20260724_234151] 信号异常 机器人ETF: All arrays must be of the same length
2026-07-24 23:42:10 | DEBUG | [20260724_234151] 信号异常 汽车ETF: All arrays must be of the same length
2026-07-24 23:42:10 | DEBUG | [20260724_234151] 信号异常 基建ETF: All arrays must be of the same length
2026-07-24 23:42:10 | DEBUG | [20260724_234151] 信号异常 红利ETF: All arrays must be of the same length
2026-07-24 23:42:10 | DEBUG | [20260724_234151] 信号异常 中证红利ETF: All arrays must be of the same length
2026-07-24 23:42:10 | WARNING | [20260724_234151] 2026-02-04 回测异常: Account.holdings_value() missing 1 required positional argument: 'prices'
2026-07-24 23:42:11 | DEBUG | [20260724_234151] 信号异常 中证500ETF: All arrays must be of the same length
2026-07-24 23:42:11 | DEBUG | [20260724_234151] 信号异常 中证1000ETF: All arrays must be of the same length
2026-07-24 23:42:11 | DEBUG | [20260724_234151] 信号异常 银行ETF: All arrays must be of the same length
2026-07-24 23:42:11 | DEBUG | [20260724_234151] 信号异常 券商ETF: All arrays must be of the same length
2026-07-24 23:42:11 | DEBUG | [20260724_234151] 信号异常 房地产ETF: All arrays must be of the same length
2026-07-24 23:42:11 | DEBUG | [20260724_234151] 信号异常 食品饮料ETF: All arrays must be of the same length
2026-07-24 23:42:11 | DEBUG | [20260724_234151] 信号异常 养殖ETF: All arrays must be of the same length
2026-07-24 23:42:11 | DEBUG | [20260724_234151] 信号异常 酒ETF: All arrays must be of the same length
2026-07-24 23:42:11 | DEBUG | [20260724_234151] 信号异常 家电ETF: All arrays must be of the same length
2026-07-24 23:42:11 | DEBUG | [20260724_234151] 信号异常 医药ETF: All arrays must be of the same length
2026-07-24 23:42:11 | DEBUG | [20260724_234151] 信号异常 创新药ETF: All arrays must be of the same length
2026-07-24 23:42:11 | DEBUG | [20260724_234151] 信号异常 医疗ETF: All arrays must be of the same length
2026-07-24 23:42:11 | DEBUG | [20260724_234151] 信号异常 计算机ETF: All arrays must be of the same length
2026-07-24 23:42:11 | DEBUG | [20260724_234151] 信号异常 人工智能ETF: All arrays must be of the same length
2026-07-24 23:42:11 | DEBUG | [20260724_234151] 信号异常 新能源车ETF: All arrays must be of the same length
2026-07-24 23:42:11 | DEBUG | [20260724_234151] 信号异常 电力ETF: All arrays must be of the same length
2026-07-24 23:42:11 | DEBUG | [20260724_234151] 信号异常 光伏ETF: All arrays must be of the same length
2026-07-24 23:42:11 | DEBUG | [20260724_234151] 信号异常 军工ETF: All arrays must be of the same length
2026-07-24 23:42:11 | DEBUG | [20260724_234151] 信号异常 国防ETF: All arrays must be of the same length
2026-07-24 23:42:11 | DEBUG | [20260724_234151] 信号异常 稀土ETF: All arrays must be of the same length
2026-07-24 23:42:11 | DEBUG | [20260724_234151] 信号异常 有色金属ETF: All arrays must be of the same length
2026-07-24 23:42:11 | DEBUG | [20260724_234151] 信号异常 煤炭ETF: All arrays must be of the same length
2026-07-24 23:42:11 | DEBUG | [20260724_234151] 信号异常 化工ETF: All arrays must be of the same length
2026-07-24 23:42:11 | DEBUG | [20260724_234151] 信号异常 钢铁ETF: All arrays must be of the same length
2026-07-24 23:42:11 | DEBUG | [20260724_234151] 信号异常 油气ETF: All arrays must be of the same length
2026-07-24 23:42:11 | DEBUG | [20260724_234151] 信号异常 传媒ETF: All arrays must be of the same length
2026-07-24 23:42:11 | DEBUG | [20260724_234151] 信号异常 游戏ETF: All arrays must be of the same length
2026-07-24 23:42:11 | DEBUG | [20260724_234151] 信号异常 机器人ETF: All arrays must be of the same length
2026-07-24 23:42:11 | DEBUG | [20260724_234151] 信号异常 汽车ETF: All arrays must be of the same length
2026-07-24 23:42:11 | DEBUG | [20260724_234151] 信号异常 基建ETF: All arrays must be of the same length
2026-07-24 23:42:11 | DEBUG | [20260724_234151] 信号异常 红利ETF: All arrays must be of the same length
2026-07-24 23:42:11 | DEBUG | [20260724_234151] 信号异常 中证红利ETF: All arrays must be of the same length
2026-07-24 23:42:11 | WARNING | [20260724_234151] 2026-02-05 回测异常: Account.holdings_value() missing 1 required positional argument: 'prices'
2026-07-24 23:42:11 | DEBUG | [20260724_234151] 信号异常 中证500ETF: All arrays must be of the same length
2026-07-24 23:42:11 | DEBUG | [20260724_234151] 信号异常 中证1000ETF: All arrays must be of the same length
2026-07-24 23:42:11 | DEBUG | [20260724_234151] 信号异常 银行ETF: All arrays must be of the same length
2026-07-24 23:42:11 | DEBUG | [20260724_234151] 信号异常 券商ETF: All arrays must be of the same length
2026-07-24 23:42:11 | DEBUG | [20260724_234151] 信号异常 房地产ETF: All arrays must be of the same length
2026-07-24 23:42:11 | DEBUG | [20260724_234151] 信号异常 食品饮料ETF: All arrays must be of the same length
2026-07-24 23:42:11 | DEBUG | [20260724_234151] 信号异常 养殖ETF: All arrays must be of the same length
2026-07-24 23:42:11 | DEBUG | [20260724_234151] 信号异常 酒ETF: All arrays must be of the same length
2026-07-24 23:42:11 | DEBUG | [20260724_234151] 信号异常 家电ETF: All arrays must be of the same length
2026-07-24 23:42:11 | DEBUG | [20260724_234151] 信号异常 医药ETF: All arrays must be of the same length
2026-07-24 23:42:11 | DEBUG | [20260724_234151] 信号异常 创新药ETF: All arrays must be of the same length
2026-07-24 23:42:11 | DEBUG | [20260724_234151] 信号异常 医疗ETF: All arrays must be of the same length
2026-07-24 23:42:11 | DEBUG | [20260724_234151] 信号异常 计算机ETF: All arrays must be of the same length
2026-07-24 23:42:11 | DEBUG | [20260724_234151] 信号异常 人工智能ETF: All arrays must be of the same length
2026-07-24 23:42:11 | DEBUG | [20260724_234151] 信号异常 新能源车ETF: All arrays must be of the same length
2026-07-24 23:42:11 | DEBUG | [20260724_234151] 信号异常 电力ETF: All arrays must be of the same length
2026-07-24 23:42:11 | DEBUG | [20260724_234151] 信号异常 光伏ETF: All arrays must be of the same length
2026-07-24 23:42:11 | DEBUG | [20260724_234151] 信号异常 军工ETF: All arrays must be of the same length
2026-07-24 23:42:11 | DEBUG | [20260724_234151] 信号异常 国防ETF: All arrays must be of the same length
2026-07-24 23:42:11 | DEBUG | [20260724_234151] 信号异常 稀土ETF: All arrays must be of the same length
2026-07-24 23:42:11 | DEBUG | [20260724_234151] 信号异常 有色金属ETF: All arrays must be of the same length
2026-07-24 23:42:11 | DEBUG | [20260724_234151] 信号异常 煤炭ETF: All arrays must be of the same length
2026-07-24 23:42:11 | DEBUG | [20260724_234151] 信号异常 化工ETF: All arrays must be of the same length
2026-07-24 23:42:11 | DEBUG | [20260724_234151] 信号异常 钢铁ETF: All arrays must be of the same length
2026-07-24 23:42:11 | DEBUG | [20260724_234151] 信号异常 油气ETF: All arrays must be of the same length
2026-07-24 23:42:11 | DEBUG | [20260724_234151] 信号异常 传媒ETF: All arrays must be of the same length
2026-07-24 23:42:11 | DEBUG | [20260724_234151] 信号异常 游戏ETF: All arrays must be of the same length
2026-07-24 23:42:11 | DEBUG | [20260724_234151] 信号异常 机器人ETF: All arrays must be of the same length
2026-07-24 23:42:11 | DEBUG | [20260724_234151] 信号异常 汽车ETF: All arrays must be of the same length
2026-07-24 23:42:11 | DEBUG | [20260724_234151] 信号异常 基建ETF: All arrays must be of the same length
2026-07-24 23:42:11 | DEBUG | [20260724_234151] 信号异常 红利ETF: All arrays must be of the same length
2026-07-24 23:42:11 | DEBUG | [20260724_234151] 信号异常 中证红利ETF: All arrays must be of the same length
2026-07-24 23:42:11 | WARNING | [20260724_234151] 2026-02-06 回测异常: Account.holdings_value() missing 1 required positional argument: 'prices'
2026-07-24 23:42:11 | DEBUG | [20260724_234151] 信号异常 中证500ETF: All arrays must be of the same length
2026-07-24 23:42:11 | DEBUG | [20260724_234151] 信号异常 中证1000ETF: All arrays must be of the same length
2026-07-24 23:42:11 | DEBUG | [20260724_234151] 信号异常 银行ETF: All arrays must be of the same length
2026-07-24 23:42:11 | DEBUG | [20260724_234151] 信号异常 券商ETF: All arrays must be of the same length
2026-07-24 23:42:11 | DEBUG | [20260724_234151] 信号异常 房地产ETF: All arrays must be of the same length
2026-07-24 23:42:11 | DEBUG | [20260724_234151] 信号异常 食品饮料ETF: All arrays must be of the same length
2026-07-24 23:42:11 | DEBUG | [20260724_234151] 信号异常 养殖ETF: All arrays must be of the same length
2026-07-24 23:42:11 | DEBUG | [20260724_234151] 信号异常 酒ETF: All arrays must be of the same length
2026-07-24 23:42:11 | DEBUG | [20260724_234151] 信号异常 家电ETF: All arrays must be of the same length
2026-07-24 23:42:11 | DEBUG | [20260724_234151] 信号异常 医药ETF: All arrays must be of the same length
2026-07-24 23:42:11 | DEBUG | [20260724_234151] 信号异常 创新药ETF: All arrays must be of the same length
2026-07-24 23:42:11 | DEBUG | [20260724_234151] 信号异常 医疗ETF: All arrays must be of the same length
2026-07-24 23:42:11 | DEBUG | [20260724_234151] 信号异常 计算机ETF: All arrays must be of the same length
2026-07-24 23:42:11 | DEBUG | [20260724_234151] 信号异常 人工智能ETF: All arrays must be of the same length
2026-07-24 23:42:11 | DEBUG | [20260724_234151] 信号异常 新能源车ETF: All arrays must be of the same length
2026-07-24 23:42:11 | DEBUG | [20260724_234151] 信号异常 电力ETF: All arrays must be of the same length
2026-07-24 23:42:11 | DEBUG | [20260724_234151] 信号异常 光伏ETF: All arrays must be of the same length
2026-07-24 23:42:11 | DEBUG | [20260724_234151] 信号异常 军工ETF: All arrays must be of the same length
2026-07-24 23:42:11 | DEBUG | [20260724_234151] 信号异常 国防ETF: All arrays must be of the same length
2026-07-24 23:42:11 | DEBUG | [20260724_234151] 信号异常 稀土ETF: All arrays must be of the same length
2026-07-24 23:42:11 | DEBUG | [20260724_234151] 信号异常 有色金属ETF: All arrays must be of the same length
2026-07-24 23:42:11 | DEBUG | [20260724_234151] 信号异常 煤炭ETF: All arrays must be of the same length
2026-07-24 23:42:11 | DEBUG | [20260724_234151] 信号异常 化工ETF: All arrays must be of the same length
2026-07-24 23:42:11 | DEBUG | [20260724_234151] 信号异常 钢铁ETF: All arrays must be of the same length
2026-07-24 23:42:11 | DEBUG | [20260724_234151] 信号异常 油气ETF: All arrays must be of the same length
2026-07-24 23:42:11 | DEBUG | [20260724_234151] 信号异常 传媒ETF: All arrays must be of the same length
2026-07-24 23:42:11 | DEBUG | [20260724_234151] 信号异常 游戏ETF: All arrays must be of the same length
2026-07-24 23:42:11 | DEBUG | [20260724_234151] 信号异常 机器人ETF: All arrays must be of the same length
2026-07-24 23:42:11 | DEBUG | [20260724_234151] 信号异常 汽车ETF: All arrays must be of the same length
2026-07-24 23:42:11 | DEBUG | [20260724_234151] 信号异常 基建ETF: All arrays must be of the same length
2026-07-24 23:42:11 | DEBUG | [20260724_234151] 信号异常 红利ETF: All arrays must be of the same length
2026-07-24 23:42:11 | DEBUG | [20260724_234151] 信号异常 中证红利ETF: All arrays must be of the same length
2026-07-24 23:42:11 | WARNING | [20260724_234151] 2026-02-09 回测异常: Account.holdings_value() missing 1 required positional argument: 'prices'
2026-07-24 23:42:11 | DEBUG | [20260724_234151] 信号异常 中证500ETF: All arrays must be of the same length
2026-07-24 23:42:11 | DEBUG | [20260724_234151] 信号异常 中证1000ETF: All arrays must be of the same length
2026-07-24 23:42:11 | DEBUG | [20260724_234151] 信号异常 银行ETF: All arrays must be of the same length
2026-07-24 23:42:11 | DEBUG | [20260724_234151] 信号异常 券商ETF: All arrays must be of the same length
2026-07-24 23:42:11 | DEBUG | [20260724_234151] 信号异常 房地产ETF: All arrays must be of the same length
2026-07-24 23:42:11 | DEBUG | [20260724_234151] 信号异常 食品饮料ETF: All arrays must be of the same length
2026-07-24 23:42:11 | DEBUG | [20260724_234151] 信号异常 养殖ETF: All arrays must be of the same length
2026-07-24 23:42:11 | DEBUG | [20260724_234151] 信号异常 酒ETF: All arrays must be of the same length
2026-07-24 23:42:11 | DEBUG | [20260724_234151] 信号异常 家电ETF: All arrays must be of the same length
2026-07-24 23:42:11 | DEBUG | [20260724_234151] 信号异常 医药ETF: All arrays must be of the same length
2026-07-24 23:42:11 | DEBUG | [20260724_234151] 信号异常 创新药ETF: All arrays must be of the same length
2026-07-24 23:42:11 | DEBUG | [20260724_234151] 信号异常 医疗ETF: All arrays must be of the same length
2026-07-24 23:42:11 | DEBUG | [20260724_234151] 信号异常 计算机ETF: All arrays must be of the same length
2026-07-24 23:42:11 | DEBUG | [20260724_234151] 信号异常 人工智能ETF: All arrays must be of the same length
2026-07-24 23:42:11 | DEBUG | [20260724_234151] 信号异常 新能源车ETF: All arrays must be of the same length
2026-07-24 23:42:11 | DEBUG | [20260724_234151] 信号异常 电力ETF: All arrays must be of the same length
2026-07-24 23:42:11 | DEBUG | [20260724_234151] 信号异常 光伏ETF: All arrays must be of the same length
2026-07-24 23:42:11 | DEBUG | [20260724_234151] 信号异常 军工ETF: All arrays must be of the same length
2026-07-24 23:42:11 | DEBUG | [20260724_234151] 信号异常 国防ETF: All arrays must be of the same length
2026-07-24 23:42:11 | DEBUG | [20260724_234151] 信号异常 稀土ETF: All arrays must be of the same length
2026-07-24 23:42:11 | DEBUG | [20260724_234151] 信号异常 有色金属ETF: All arrays must be of the same length
2026-07-24 23:42:11 | DEBUG | [20260724_234151] 信号异常 煤炭ETF: All arrays must be of the same length
2026-07-24 23:42:11 | DEBUG | [20260724_234151] 信号异常 化工ETF: All arrays must be of the same length
2026-07-24 23:42:11 | DEBUG | [20260724_234151] 信号异常 钢铁ETF: All arrays must be of the same length
2026-07-24 23:42:11 | DEBUG | [20260724_234151] 信号异常 油气ETF: All arrays must be of the same length
2026-07-24 23:42:11 | DEBUG | [20260724_234151] 信号异常 传媒ETF: All arrays must be of the same length
2026-07-24 23:42:11 | DEBUG | [20260724_234151] 信号异常 游戏ETF: All arrays must be of the same length
2026-07-24 23:42:11 | DEBUG | [20260724_234151] 信号异常 机器人ETF: All arrays must be of the same length
2026-07-24 23:42:11 | DEBUG | [20260724_234151] 信号异常 汽车ETF: All arrays must be of the same length
2026-07-24 23:42:11 | DEBUG | [20260724_234151] 信号异常 基建ETF: All arrays must be of the same length
2026-07-24 23:42:11 | DEBUG | [20260724_234151] 信号异常 红利ETF: All arrays must be of the same length
2026-07-24 23:42:11 | DEBUG | [20260724_234151] 信号异常 中证红利ETF: All arrays must be of the same length
2026-07-24 23:42:11 | WARNING | [20260724_234151] 2026-02-10 回测异常: Account.holdings_value() missing 1 required positional argument: 'prices'
2026-07-24 23:42:11 | DEBUG | [20260724_234151] 信号异常 中证500ETF: All arrays must be of the same length
2026-07-24 23:42:11 | DEBUG | [20260724_234151] 信号异常 中证1000ETF: All arrays must be of the same length
2026-07-24 23:42:11 | DEBUG | [20260724_234151] 信号异常 银行ETF: All arrays must be of the same length
2026-07-24 23:42:11 | DEBUG | [20260724_234151] 信号异常 券商ETF: All arrays must be of the same length
2026-07-24 23:42:11 | DEBUG | [20260724_234151] 信号异常 房地产ETF: All arrays must be of the same length
2026-07-24 23:42:11 | DEBUG | [20260724_234151] 信号异常 食品饮料ETF: All arrays must be of the same length
2026-07-24 23:42:11 | DEBUG | [20260724_234151] 信号异常 养殖ETF: All arrays must be of the same length
2026-07-24 23:42:11 | DEBUG | [20260724_234151] 信号异常 酒ETF: All arrays must be of the same length
2026-07-24 23:42:11 | DEBUG | [20260724_234151] 信号异常 家电ETF: All arrays must be of the same length
2026-07-24 23:42:11 | DEBUG | [20260724_234151] 信号异常 医药ETF: All arrays must be of the same length
2026-07-24 23:42:11 | DEBUG | [20260724_234151] 信号异常 创新药ETF: All arrays must be of the same length
2026-07-24 23:42:11 | DEBUG | [20260724_234151] 信号异常 医疗ETF: All arrays must be of the same length
2026-07-24 23:42:11 | DEBUG | [20260724_234151] 信号异常 计算机ETF: All arrays must be of the same length
2026-07-24 23:42:11 | DEBUG | [20260724_234151] 信号异常 人工智能ETF: All arrays must be of the same length
2026-07-24 23:42:11 | DEBUG | [20260724_234151] 信号异常 新能源车ETF: All arrays must be of the same length
2026-07-24 23:42:11 | DEBUG | [20260724_234151] 信号异常 电力ETF: All arrays must be of the same length
2026-07-24 23:42:11 | DEBUG | [20260724_234151] 信号异常 光伏ETF: All arrays must be of the same length
2026-07-24 23:42:11 | DEBUG | [20260724_234151] 信号异常 军工ETF: All arrays must be of the same length
2026-07-24 23:42:11 | DEBUG | [20260724_234151] 信号异常 国防ETF: All arrays must be of the same length
2026-07-24 23:42:11 | DEBUG | [20260724_234151] 信号异常 稀土ETF: All arrays must be of the same length
2026-07-24 23:42:11 | DEBUG | [20260724_234151] 信号异常 有色金属ETF: All arrays must be of the same length
2026-07-24 23:42:11 | DEBUG | [20260724_234151] 信号异常 煤炭ETF: All arrays must be of the same length
2026-07-24 23:42:11 | DEBUG | [20260724_234151] 信号异常 化工ETF: All arrays must be of the same length
2026-07-24 23:42:11 | DEBUG | [20260724_234151] 信号异常 钢铁ETF: All arrays must be of the same length
2026-07-24 23:42:11 | DEBUG | [20260724_234151] 信号异常 油气ETF: All arrays must be of the same length
2026-07-24 23:42:11 | DEBUG | [20260724_234151] 信号异常 传媒ETF: All arrays must be of the same length
2026-07-24 23:42:11 | DEBUG | [20260724_234151] 信号异常 游戏ETF: All arrays must be of the same length
2026-07-24 23:42:11 | DEBUG | [20260724_234151] 信号异常 机器人ETF: All arrays must be of the same length
2026-07-24 23:42:11 | DEBUG | [20260724_234151] 信号异常 汽车ETF: All arrays must be of the same length
2026-07-24 23:42:11 | DEBUG | [20260724_234151] 信号异常 基建ETF: All arrays must be of the same length
2026-07-24 23:42:11 | DEBUG | [20260724_234151] 信号异常 红利ETF: All arrays must be of the same length
2026-07-24 23:42:11 | DEBUG | [20260724_234151] 信号异常 中证红利ETF: All arrays must be of the same length
2026-07-24 23:42:11 | WARNING | [20260724_234151] 2026-02-11 回测异常: Account.holdings_value() missing 1 required positional argument: 'prices'
2026-07-24 23:42:11 | DEBUG | [20260724_234151] 信号异常 中证500ETF: All arrays must be of the same length
2026-07-24 23:42:11 | DEBUG | [20260724_234151] 信号异常 中证1000ETF: All arrays must be of the same length
2026-07-24 23:42:11 | DEBUG | [20260724_234151] 信号异常 银行ETF: All arrays must be of the same length
2026-07-24 23:42:11 | DEBUG | [20260724_234151] 信号异常 券商ETF: All arrays must be of the same length
2026-07-24 23:42:11 | DEBUG | [20260724_234151] 信号异常 房地产ETF: All arrays must be of the same length
2026-07-24 23:42:11 | DEBUG | [20260724_234151] 信号异常 食品饮料ETF: All arrays must be of the same length
2026-07-24 23:42:11 | DEBUG | [20260724_234151] 信号异常 养殖ETF: All arrays must be of the same length
2026-07-24 23:42:11 | DEBUG | [20260724_234151] 信号异常 酒ETF: All arrays must be of the same length
2026-07-24 23:42:11 | DEBUG | [20260724_234151] 信号异常 家电ETF: All arrays must be of the same length
2026-07-24 23:42:11 | DEBUG | [20260724_234151] 信号异常 医药ETF: All arrays must be of the same length
2026-07-24 23:42:11 | DEBUG | [20260724_234151] 信号异常 创新药ETF: All arrays must be of the same length
2026-07-24 23:42:11 | DEBUG | [20260724_234151] 信号异常 医疗ETF: All arrays must be of the same length
2026-07-24 23:42:11 | DEBUG | [20260724_234151] 信号异常 计算机ETF: All arrays must be of the same length
2026-07-24 23:42:11 | DEBUG | [20260724_234151] 信号异常 人工智能ETF: All arrays must be of the same length
2026-07-24 23:42:11 | DEBUG | [20260724_234151] 信号异常 新能源车ETF: All arrays must be of the same length
2026-07-24 23:42:11 | DEBUG | [20260724_234151] 信号异常 电力ETF: All arrays must be of the same length
2026-07-24 23:42:11 | DEBUG | [20260724_234151] 信号异常 光伏ETF: All arrays must be of the same length
2026-07-24 23:42:11 | DEBUG | [20260724_234151] 信号异常 军工ETF: All arrays must be of the same length
2026-07-24 23:42:11 | DEBUG | [20260724_234151] 信号异常 国防ETF: All arrays must be of the same length
2026-07-24 23:42:11 | DEBUG | [20260724_234151] 信号异常 稀土ETF: All arrays must be of the same length
2026-07-24 23:42:11 | DEBUG | [20260724_234151] 信号异常 有色金属ETF: All arrays must be of the same length
2026-07-24 23:42:11 | DEBUG | [20260724_234151] 信号异常 煤炭ETF: All arrays must be of the same length
2026-07-24 23:42:11 | DEBUG | [20260724_234151] 信号异常 化工ETF: All arrays must be of the same length
2026-07-24 23:42:11 | DEBUG | [20260724_234151] 信号异常 钢铁ETF: All arrays must be of the same length
2026-07-24 23:42:11 | DEBUG | [20260724_234151] 信号异常 油气ETF: All arrays must be of the same length
2026-07-24 23:42:11 | DEBUG | [20260724_234151] 信号异常 传媒ETF: All arrays must be of the same length
2026-07-24 23:42:11 | DEBUG | [20260724_234151] 信号异常 游戏ETF: All arrays must be of the same length
2026-07-24 23:42:11 | DEBUG | [20260724_234151] 信号异常 机器人ETF: All arrays must be of the same length
2026-07-24 23:42:11 | DEBUG | [20260724_234151] 信号异常 汽车ETF: All arrays must be of the same length
2026-07-24 23:42:11 | DEBUG | [20260724_234151] 信号异常 基建ETF: All arrays must be of the same length
2026-07-24 23:42:11 | DEBUG | [20260724_234151] 信号异常 红利ETF: All arrays must be of the same length
2026-07-24 23:42:11 | DEBUG | [20260724_234151] 信号异常 中证红利ETF: All arrays must be of the same length
2026-07-24 23:42:11 | WARNING | [20260724_234151] 2026-02-12 回测异常: Account.holdings_value() missing 1 required positional argument: 'prices'
2026-07-24 23:42:11 | DEBUG | [20260724_234151] 信号异常 中证500ETF: All arrays must be of the same length
2026-07-24 23:42:11 | DEBUG | [20260724_234151] 信号异常 中证1000ETF: All arrays must be of the same length
2026-07-24 23:42:11 | DEBUG | [20260724_234151] 信号异常 银行ETF: All arrays must be of the same length
2026-07-24 23:42:11 | DEBUG | [20260724_234151] 信号异常 券商ETF: All arrays must be of the same length
2026-07-24 23:42:11 | DEBUG | [20260724_234151] 信号异常 房地产ETF: All arrays must be of the same length
2026-07-24 23:42:11 | DEBUG | [20260724_234151] 信号异常 食品饮料ETF: All arrays must be of the same length
2026-07-24 23:42:11 | DEBUG | [20260724_234151] 信号异常 养殖ETF: All arrays must be of the same length
2026-07-24 23:42:11 | DEBUG | [20260724_234151] 信号异常 酒ETF: All arrays must be of the same length
2026-07-24 23:42:11 | DEBUG | [20260724_234151] 信号异常 家电ETF: All arrays must be of the same length
2026-07-24 23:42:11 | DEBUG | [20260724_234151] 信号异常 医药ETF: All arrays must be of the same length
2026-07-24 23:42:11 | DEBUG | [20260724_234151] 信号异常 创新药ETF: All arrays must be of the same length
2026-07-24 23:42:11 | DEBUG | [20260724_234151] 信号异常 医疗ETF: All arrays must be of the same length
2026-07-24 23:42:11 | DEBUG | [20260724_234151] 信号异常 计算机ETF: All arrays must be of the same length
2026-07-24 23:42:11 | DEBUG | [20260724_234151] 信号异常 人工智能ETF: All arrays must be of the same length
2026-07-24 23:42:11 | DEBUG | [20260724_234151] 信号异常 新能源车ETF: All arrays must be of the same length
2026-07-24 23:42:11 | DEBUG | [20260724_234151] 信号异常 电力ETF: All arrays must be of the same length
2026-07-24 23:42:11 | DEBUG | [20260724_234151] 信号异常 光伏ETF: All arrays must be of the same length
2026-07-24 23:42:11 | DEBUG | [20260724_234151] 信号异常 军工ETF: All arrays must be of the same length
2026-07-24 23:42:11 | DEBUG | [20260724_234151] 信号异常 国防ETF: All arrays must be of the same length
2026-07-24 23:42:11 | DEBUG | [20260724_234151] 信号异常 稀土ETF: All arrays must be of the same length
2026-07-24 23:42:11 | DEBUG | [20260724_234151] 信号异常 有色金属ETF: All arrays must be of the same length
2026-07-24 23:42:11 | DEBUG | [20260724_234151] 信号异常 煤炭ETF: All arrays must be of the same length
2026-07-24 23:42:11 | DEBUG | [20260724_234151] 信号异常 化工ETF: All arrays must be of the same length
2026-07-24 23:42:11 | DEBUG | [20260724_234151] 信号异常 钢铁ETF: All arrays must be of the same length
2026-07-24 23:42:11 | DEBUG | [20260724_234151] 信号异常 油气ETF: All arrays must be of the same length
2026-07-24 23:42:11 | DEBUG | [20260724_234151] 信号异常 传媒ETF: All arrays must be of the same length
2026-07-24 23:42:11 | DEBUG | [20260724_234151] 信号异常 游戏ETF: All arrays must be of the same length
2026-07-24 23:42:11 | DEBUG | [20260724_234151] 信号异常 机器人ETF: All arrays must be of the same length
2026-07-24 23:42:11 | DEBUG | [20260724_234151] 信号异常 汽车ETF: All arrays must be of the same length
2026-07-24 23:42:11 | DEBUG | [20260724_234151] 信号异常 基建ETF: All arrays must be of the same length
2026-07-24 23:42:11 | DEBUG | [20260724_234151] 信号异常 红利ETF: All arrays must be of the same length
2026-07-24 23:42:11 | DEBUG | [20260724_234151] 信号异常 中证红利ETF: All arrays must be of the same length
2026-07-24 23:42:11 | WARNING | [20260724_234151] 2026-02-13 回测异常: Account.holdings_value() missing 1 required positional argument: 'prices'
2026-07-24 23:42:11 | DEBUG | [20260724_234151] 信号异常 中证500ETF: All arrays must be of the same length
2026-07-24 23:42:11 | DEBUG | [20260724_234151] 信号异常 中证1000ETF: All arrays must be of the same length
2026-07-24 23:42:11 | DEBUG | [20260724_234151] 信号异常 银行ETF: All arrays must be of the same length
2026-07-24 23:42:11 | DEBUG | [20260724_234151] 信号异常 券商ETF: All arrays must be of the same length
2026-07-24 23:42:11 | DEBUG | [20260724_234151] 信号异常 房地产ETF: All arrays must be of the same length
2026-07-24 23:42:11 | DEBUG | [20260724_234151] 信号异常 食品饮料ETF: All arrays must be of the same length
2026-07-24 23:42:11 | DEBUG | [20260724_234151] 信号异常 养殖ETF: All arrays must be of the same length
2026-07-24 23:42:11 | DEBUG | [20260724_234151] 信号异常 酒ETF: All arrays must be of the same length
2026-07-24 23:42:11 | DEBUG | [20260724_234151] 信号异常 家电ETF: All arrays must be of the same length
2026-07-24 23:42:11 | DEBUG | [20260724_234151] 信号异常 医药ETF: All arrays must be of the same length
2026-07-24 23:42:11 | DEBUG | [20260724_234151] 信号异常 创新药ETF: All arrays must be of the same length
2026-07-24 23:42:11 | DEBUG | [20260724_234151] 信号异常 医疗ETF: All arrays must be of the same length
2026-07-24 23:42:11 | DEBUG | [20260724_234151] 信号异常 计算机ETF: All arrays must be of the same length
2026-07-24 23:42:11 | DEBUG | [20260724_234151] 信号异常 人工智能ETF: All arrays must be of the same length
2026-07-24 23:42:11 | DEBUG | [20260724_234151] 信号异常 新能源车ETF: All arrays must be of the same length
2026-07-24 23:42:11 | DEBUG | [20260724_234151] 信号异常 电力ETF: All arrays must be of the same length
2026-07-24 23:42:11 | DEBUG | [20260724_234151] 信号异常 光伏ETF: All arrays must be of the same length
2026-07-24 23:42:11 | DEBUG | [20260724_234151] 信号异常 军工ETF: All arrays must be of the same length
2026-07-24 23:42:11 | DEBUG | [20260724_234151] 信号异常 国防ETF: All arrays must be of the same length
2026-07-24 23:42:11 | DEBUG | [20260724_234151] 信号异常 稀土ETF: All arrays must be of the same length
2026-07-24 23:42:11 | DEBUG | [20260724_234151] 信号异常 有色金属ETF: All arrays must be of the same length
2026-07-24 23:42:11 | DEBUG | [20260724_234151] 信号异常 煤炭ETF: All arrays must be of the same length
2026-07-24 23:42:11 | DEBUG | [20260724_234151] 信号异常 化工ETF: All arrays must be of the same length
2026-07-24 23:42:11 | DEBUG | [20260724_234151] 信号异常 钢铁ETF: All arrays must be of the same length
2026-07-24 23:42:11 | DEBUG | [20260724_234151] 信号异常 油气ETF: All arrays must be of the same length
2026-07-24 23:42:11 | DEBUG | [20260724_234151] 信号异常 传媒ETF: All arrays must be of the same length
2026-07-24 23:42:11 | DEBUG | [20260724_234151] 信号异常 游戏ETF: All arrays must be of the same length
2026-07-24 23:42:11 | DEBUG | [20260724_234151] 信号异常 机器人ETF: All arrays must be of the same length
2026-07-24 23:42:11 | DEBUG | [20260724_234151] 信号异常 汽车ETF: All arrays must be of the same length
2026-07-24 23:42:11 | DEBUG | [20260724_234151] 信号异常 基建ETF: All arrays must be of the same length
2026-07-24 23:42:11 | DEBUG | [20260724_234151] 信号异常 红利ETF: All arrays must be of the same length
2026-07-24 23:42:11 | DEBUG | [20260724_234151] 信号异常 中证红利ETF: All arrays must be of the same length
2026-07-24 23:42:11 | WARNING | [20260724_234151] 2026-02-24 回测异常: Account.holdings_value() missing 1 required positional argument: 'prices'
2026-07-24 23:42:11 | DEBUG | [20260724_234151] 信号异常 中证500ETF: All arrays must be of the same length
2026-07-24 23:42:11 | DEBUG | [20260724_234151] 信号异常 中证1000ETF: All arrays must be of the same length
2026-07-24 23:42:11 | DEBUG | [20260724_234151] 信号异常 银行ETF: All arrays must be of the same length
2026-07-24 23:42:11 | DEBUG | [20260724_234151] 信号异常 券商ETF: All arrays must be of the same length
2026-07-24 23:42:11 | DEBUG | [20260724_234151] 信号异常 房地产ETF: All arrays must be of the same length
2026-07-24 23:42:11 | DEBUG | [20260724_234151] 信号异常 食品饮料ETF: All arrays must be of the same length
2026-07-24 23:42:11 | DEBUG | [20260724_234151] 信号异常 养殖ETF: All arrays must be of the same length
2026-07-24 23:42:11 | DEBUG | [20260724_234151] 信号异常 酒ETF: All arrays must be of the same length
2026-07-24 23:42:11 | DEBUG | [20260724_234151] 信号异常 家电ETF: All arrays must be of the same length
2026-07-24 23:42:11 | DEBUG | [20260724_234151] 信号异常 医药ETF: All arrays must be of the same length
2026-07-24 23:42:11 | DEBUG | [20260724_234151] 信号异常 创新药ETF: All arrays must be of the same length
2026-07-24 23:42:11 | DEBUG | [20260724_234151] 信号异常 医疗ETF: All arrays must be of the same length
2026-07-24 23:42:11 | DEBUG | [20260724_234151] 信号异常 计算机ETF: All arrays must be of the same length
2026-07-24 23:42:11 | DEBUG | [20260724_234151] 信号异常 人工智能ETF: All arrays must be of the same length
2026-07-24 23:42:11 | DEBUG | [20260724_234151] 信号异常 新能源车ETF: All arrays must be of the same length
2026-07-24 23:42:11 | DEBUG | [20260724_234151] 信号异常 电力ETF: All arrays must be of the same length
2026-07-24 23:42:11 | DEBUG | [20260724_234151] 信号异常 光伏ETF: All arrays must be of the same length
2026-07-24 23:42:11 | DEBUG | [20260724_234151] 信号异常 军工ETF: All arrays must be of the same length
2026-07-24 23:42:11 | DEBUG | [20260724_234151] 信号异常 国防ETF: All arrays must be of the same length
2026-07-24 23:42:11 | DEBUG | [20260724_234151] 信号异常 稀土ETF: All arrays must be of the same length
2026-07-24 23:42:11 | DEBUG | [20260724_234151] 信号异常 有色金属ETF: All arrays must be of the same length
2026-07-24 23:42:11 | DEBUG | [20260724_234151] 信号异常 煤炭ETF: All arrays must be of the same length
2026-07-24 23:42:11 | DEBUG | [20260724_234151] 信号异常 化工ETF: All arrays must be of the same length
2026-07-24 23:42:11 | DEBUG | [20260724_234151] 信号异常 钢铁ETF: All arrays must be of the same length
2026-07-24 23:42:11 | DEBUG | [20260724_234151] 信号异常 油气ETF: All arrays must be of the same length
2026-07-24 23:42:11 | DEBUG | [20260724_234151] 信号异常 传媒ETF: All arrays must be of the same length
2026-07-24 23:42:11 | DEBUG | [20260724_234151] 信号异常 游戏ETF: All arrays must be of the same length
2026-07-24 23:42:11 | DEBUG | [20260724_234151] 信号异常 机器人ETF: All arrays must be of the same length
2026-07-24 23:42:11 | DEBUG | [20260724_234151] 信号异常 汽车ETF: All arrays must be of the same length
2026-07-24 23:42:11 | DEBUG | [20260724_234151] 信号异常 基建ETF: All arrays must be of the same length
2026-07-24 23:42:11 | DEBUG | [20260724_234151] 信号异常 红利ETF: All arrays must be of the same length
2026-07-24 23:42:11 | DEBUG | [20260724_234151] 信号异常 中证红利ETF: All arrays must be of the same length
2026-07-24 23:42:11 | WARNING | [20260724_234151] 2026-02-25 回测异常: Account.holdings_value() missing 1 required positional argument: 'prices'
2026-07-24 23:42:11 | DEBUG | [20260724_234151] 信号异常 中证500ETF: All arrays must be of the same length
2026-07-24 23:42:11 | DEBUG | [20260724_234151] 信号异常 中证1000ETF: All arrays must be of the same length
2026-07-24 23:42:11 | DEBUG | [20260724_234151] 信号异常 银行ETF: All arrays must be of the same length
2026-07-24 23:42:11 | DEBUG | [20260724_234151] 信号异常 券商ETF: All arrays must be of the same length
2026-07-24 23:42:11 | DEBUG | [20260724_234151] 信号异常 房地产ETF: All arrays must be of the same length
2026-07-24 23:42:11 | DEBUG | [20260724_234151] 信号异常 食品饮料ETF: All arrays must be of the same length
2026-07-24 23:42:11 | DEBUG | [20260724_234151] 信号异常 养殖ETF: All arrays must be of the same length
2026-07-24 23:42:11 | DEBUG | [20260724_234151] 信号异常 酒ETF: All arrays must be of the same length
2026-07-24 23:42:11 | DEBUG | [20260724_234151] 信号异常 家电ETF: All arrays must be of the same length
2026-07-24 23:42:11 | DEBUG | [20260724_234151] 信号异常 医药ETF: All arrays must be of the same length
2026-07-24 23:42:11 | DEBUG | [20260724_234151] 信号异常 创新药ETF: All arrays must be of the same length
2026-07-24 23:42:11 | DEBUG | [20260724_234151] 信号异常 医疗ETF: All arrays must be of the same length
2026-07-24 23:42:11 | DEBUG | [20260724_234151] 信号异常 计算机ETF: All arrays must be of the same length
2026-07-24 23:42:11 | DEBUG | [20260724_234151] 信号异常 人工智能ETF: All arrays must be of the same length
2026-07-24 23:42:11 | DEBUG | [20260724_234151] 信号异常 新能源车ETF: All arrays must be of the same length
2026-07-24 23:42:11 | DEBUG | [20260724_234151] 信号异常 电力ETF: All arrays must be of the same length
2026-07-24 23:42:11 | DEBUG | [20260724_234151] 信号异常 光伏ETF: All arrays must be of the same length
2026-07-24 23:42:11 | DEBUG | [20260724_234151] 信号异常 军工ETF: All arrays must be of the same length
2026-07-24 23:42:11 | DEBUG | [20260724_234151] 信号异常 国防ETF: All arrays must be of the same length
2026-07-24 23:42:11 | DEBUG | [20260724_234151] 信号异常 稀土ETF: All arrays must be of the same length
2026-07-24 23:42:11 | DEBUG | [20260724_234151] 信号异常 有色金属ETF: All arrays must be of the same length
2026-07-24 23:42:11 | DEBUG | [20260724_234151] 信号异常 煤炭ETF: All arrays must be of the same length
2026-07-24 23:42:11 | DEBUG | [20260724_234151] 信号异常 化工ETF: All arrays must be of the same length
2026-07-24 23:42:11 | DEBUG | [20260724_234151] 信号异常 钢铁ETF: All arrays must be of the same length
2026-07-24 23:42:11 | DEBUG | [20260724_234151] 信号异常 油气ETF: All arrays must be of the same length
2026-07-24 23:42:11 | DEBUG | [20260724_234151] 信号异常 传媒ETF: All arrays must be of the same length
2026-07-24 23:42:11 | DEBUG | [20260724_234151] 信号异常 游戏ETF: All arrays must be of the same length
2026-07-24 23:42:11 | DEBUG | [20260724_234151] 信号异常 机器人ETF: All arrays must be of the same length
2026-07-24 23:42:11 | DEBUG | [20260724_234151] 信号异常 汽车ETF: All arrays must be of the same length
2026-07-24 23:42:11 | DEBUG | [20260724_234151] 信号异常 基建ETF: All arrays must be of the same length
2026-07-24 23:42:11 | DEBUG | [20260724_234151] 信号异常 红利ETF: All arrays must be of the same length
2026-07-24 23:42:11 | DEBUG | [20260724_234151] 信号异常 中证红利ETF: All arrays must be of the same length
2026-07-24 23:42:11 | WARNING | [20260724_234151] 2026-02-26 回测异常: Account.holdings_value() missing 1 required positional argument: 'prices'
2026-07-24 23:42:11 | DEBUG | [20260724_234151] 信号异常 中证500ETF: All arrays must be of the same length
2026-07-24 23:42:11 | DEBUG | [20260724_234151] 信号异常 中证1000ETF: All arrays must be of the same length
2026-07-24 23:42:11 | DEBUG | [20260724_234151] 信号异常 银行ETF: All arrays must be of the same length
2026-07-24 23:42:11 | DEBUG | [20260724_234151] 信号异常 券商ETF: All arrays must be of the same length
2026-07-24 23:42:11 | DEBUG | [20260724_234151] 信号异常 房地产ETF: All arrays must be of the same length
2026-07-24 23:42:11 | DEBUG | [20260724_234151] 信号异常 食品饮料ETF: All arrays must be of the same length
2026-07-24 23:42:11 | DEBUG | [20260724_234151] 信号异常 养殖ETF: All arrays must be of the same length
2026-07-24 23:42:11 | DEBUG | [20260724_234151] 信号异常 酒ETF: All arrays must be of the same length
2026-07-24 23:42:11 | DEBUG | [20260724_234151] 信号异常 家电ETF: All arrays must be of the same length
2026-07-24 23:42:11 | DEBUG | [20260724_234151] 信号异常 医药ETF: All arrays must be of the same length
2026-07-24 23:42:11 | DEBUG | [20260724_234151] 信号异常 创新药ETF: All arrays must be of the same length
2026-07-24 23:42:11 | DEBUG | [20260724_234151] 信号异常 医疗ETF: All arrays must be of the same length
2026-07-24 23:42:11 | DEBUG | [20260724_234151] 信号异常 计算机ETF: All arrays must be of the same length
2026-07-24 23:42:11 | DEBUG | [20260724_234151] 信号异常 人工智能ETF: All arrays must be of the same length
2026-07-24 23:42:11 | DEBUG | [20260724_234151] 信号异常 新能源车ETF: All arrays must be of the same length
2026-07-24 23:42:11 | DEBUG | [20260724_234151] 信号异常 电力ETF: All arrays must be of the same length
2026-07-24 23:42:11 | DEBUG | [20260724_234151] 信号异常 光伏ETF: All arrays must be of the same length
2026-07-24 23:42:11 | DEBUG | [20260724_234151] 信号异常 军工ETF: All arrays must be of the same length
2026-07-24 23:42:11 | DEBUG | [20260724_234151] 信号异常 国防ETF: All arrays must be of the same length
2026-07-24 23:42:11 | DEBUG | [20260724_234151] 信号异常 稀土ETF: All arrays must be of the same length
2026-07-24 23:42:11 | DEBUG | [20260724_234151] 信号异常 有色金属ETF: All arrays must be of the same length
2026-07-24 23:42:11 | DEBUG | [20260724_234151] 信号异常 煤炭ETF: All arrays must be of the same length
2026-07-24 23:42:11 | DEBUG | [20260724_234151] 信号异常 化工ETF: All arrays must be of the same length
2026-07-24 23:42:11 | DEBUG | [20260724_234151] 信号异常 钢铁ETF: All arrays must be of the same length
2026-07-24 23:42:11 | DEBUG | [20260724_234151] 信号异常 油气ETF: All arrays must be of the same length
2026-07-24 23:42:11 | DEBUG | [20260724_234151] 信号异常 传媒ETF: All arrays must be of the same length
2026-07-24 23:42:11 | DEBUG | [20260724_234151] 信号异常 游戏ETF: All arrays must be of the same length
2026-07-24 23:42:11 | DEBUG | [20260724_234151] 信号异常 机器人ETF: All arrays must be of the same length
2026-07-24 23:42:11 | DEBUG | [20260724_234151] 信号异常 汽车ETF: All arrays must be of the same length
2026-07-24 23:42:11 | DEBUG | [20260724_234151] 信号异常 基建ETF: All arrays must be of the same length
2026-07-24 23:42:11 | DEBUG | [20260724_234151] 信号异常 红利ETF: All arrays must be of the same length
2026-07-24 23:42:11 | DEBUG | [20260724_234151] 信号异常 中证红利ETF: All arrays must be of the same length
2026-07-24 23:42:11 | WARNING | [20260724_234151] 2026-02-27 回测异常: Account.holdings_value() missing 1 required positional argument: 'prices'
2026-07-24 23:42:11 | DEBUG | [20260724_234151] 信号异常 中证500ETF: All arrays must be of the same length
2026-07-24 23:42:11 | DEBUG | [20260724_234151] 信号异常 中证1000ETF: All arrays must be of the same length
2026-07-24 23:42:11 | DEBUG | [20260724_234151] 信号异常 银行ETF: All arrays must be of the same length
2026-07-24 23:42:11 | DEBUG | [20260724_234151] 信号异常 券商ETF: All arrays must be of the same length
2026-07-24 23:42:11 | DEBUG | [20260724_234151] 信号异常 房地产ETF: All arrays must be of the same length
2026-07-24 23:42:11 | DEBUG | [20260724_234151] 信号异常 食品饮料ETF: All arrays must be of the same length
2026-07-24 23:42:11 | DEBUG | [20260724_234151] 信号异常 养殖ETF: All arrays must be of the same length
2026-07-24 23:42:11 | DEBUG | [20260724_234151] 信号异常 酒ETF: All arrays must be of the same length
2026-07-24 23:42:11 | DEBUG | [20260724_234151] 信号异常 家电ETF: All arrays must be of the same length
2026-07-24 23:42:11 | DEBUG | [20260724_234151] 信号异常 医药ETF: All arrays must be of the same length
2026-07-24 23:42:11 | DEBUG | [20260724_234151] 信号异常 创新药ETF: All arrays must be of the same length
2026-07-24 23:42:11 | DEBUG | [20260724_234151] 信号异常 医疗ETF: All arrays must be of the same length
2026-07-24 23:42:11 | DEBUG | [20260724_234151] 信号异常 计算机ETF: All arrays must be of the same length
2026-07-24 23:42:11 | DEBUG | [20260724_234151] 信号异常 人工智能ETF: All arrays must be of the same length
2026-07-24 23:42:11 | DEBUG | [20260724_234151] 信号异常 新能源车ETF: All arrays must be of the same length
2026-07-24 23:42:11 | DEBUG | [20260724_234151] 信号异常 电力ETF: All arrays must be of the same length
2026-07-24 23:42:11 | DEBUG | [20260724_234151] 信号异常 光伏ETF: All arrays must be of the same length
2026-07-24 23:42:11 | DEBUG | [20260724_234151] 信号异常 军工ETF: All arrays must be of the same length
2026-07-24 23:42:11 | DEBUG | [20260724_234151] 信号异常 国防ETF: All arrays must be of the same length
2026-07-24 23:42:11 | DEBUG | [20260724_234151] 信号异常 稀土ETF: All arrays must be of the same length
2026-07-24 23:42:11 | DEBUG | [20260724_234151] 信号异常 有色金属ETF: All arrays must be of the same length
2026-07-24 23:42:11 | DEBUG | [20260724_234151] 信号异常 煤炭ETF: All arrays must be of the same length
2026-07-24 23:42:11 | DEBUG | [20260724_234151] 信号异常 化工ETF: All arrays must be of the same length
2026-07-24 23:42:11 | DEBUG | [20260724_234151] 信号异常 钢铁ETF: All arrays must be of the same length
2026-07-24 23:42:11 | DEBUG | [20260724_234151] 信号异常 油气ETF: All arrays must be of the same length
2026-07-24 23:42:11 | DEBUG | [20260724_234151] 信号异常 传媒ETF: All arrays must be of the same length
2026-07-24 23:42:11 | DEBUG | [20260724_234151] 信号异常 游戏ETF: All arrays must be of the same length
2026-07-24 23:42:11 | DEBUG | [20260724_234151] 信号异常 机器人ETF: All arrays must be of the same length
2026-07-24 23:42:11 | DEBUG | [20260724_234151] 信号异常 汽车ETF: All arrays must be of the same length
2026-07-24 23:42:11 | DEBUG | [20260724_234151] 信号异常 基建ETF: All arrays must be of the same length
2026-07-24 23:42:11 | DEBUG | [20260724_234151] 信号异常 红利ETF: All arrays must be of the same length
2026-07-24 23:42:11 | DEBUG | [20260724_234151] 信号异常 中证红利ETF: All arrays must be of the same length
2026-07-24 23:42:11 | WARNING | [20260724_234151] 2026-03-02 回测异常: Account.holdings_value() missing 1 required positional argument: 'prices'
2026-07-24 23:42:11 | DEBUG | [20260724_234151] 信号异常 中证500ETF: All arrays must be of the same length
2026-07-24 23:42:11 | DEBUG | [20260724_234151] 信号异常 中证1000ETF: All arrays must be of the same length
2026-07-24 23:42:11 | DEBUG | [20260724_234151] 信号异常 银行ETF: All arrays must be of the same length
2026-07-24 23:42:11 | DEBUG | [20260724_234151] 信号异常 券商ETF: All arrays must be of the same length
2026-07-24 23:42:11 | DEBUG | [20260724_234151] 信号异常 房地产ETF: All arrays must be of the same length
2026-07-24 23:42:11 | DEBUG | [20260724_234151] 信号异常 食品饮料ETF: All arrays must be of the same length
2026-07-24 23:42:11 | DEBUG | [20260724_234151] 信号异常 养殖ETF: All arrays must be of the same length
2026-07-24 23:42:11 | DEBUG | [20260724_234151] 信号异常 酒ETF: All arrays must be of the same length
2026-07-24 23:42:11 | DEBUG | [20260724_234151] 信号异常 家电ETF: All arrays must be of the same length
2026-07-24 23:42:11 | DEBUG | [20260724_234151] 信号异常 医药ETF: All arrays must be of the same length
2026-07-24 23:42:11 | DEBUG | [20260724_234151] 信号异常 创新药ETF: All arrays must be of the same length
2026-07-24 23:42:11 | DEBUG | [20260724_234151] 信号异常 医疗ETF: All arrays must be of the same length
2026-07-24 23:42:11 | DEBUG | [20260724_234151] 信号异常 计算机ETF: All arrays must be of the same length
2026-07-24 23:42:11 | DEBUG | [20260724_234151] 信号异常 人工智能ETF: All arrays must be of the same length
2026-07-24 23:42:11 | DEBUG | [20260724_234151] 信号异常 新能源车ETF: All arrays must be of the same length
2026-07-24 23:42:11 | DEBUG | [20260724_234151] 信号异常 电力ETF: All arrays must be of the same length
2026-07-24 23:42:11 | DEBUG | [20260724_234151] 信号异常 光伏ETF: All arrays must be of the same length
2026-07-24 23:42:11 | DEBUG | [20260724_234151] 信号异常 军工ETF: All arrays must be of the same length
2026-07-24 23:42:11 | DEBUG | [20260724_234151] 信号异常 国防ETF: All arrays must be of the same length
2026-07-24 23:42:11 | DEBUG | [20260724_234151] 信号异常 稀土ETF: All arrays must be of the same length
2026-07-24 23:42:11 | DEBUG | [20260724_234151] 信号异常 有色金属ETF: All arrays must be of the same length
2026-07-24 23:42:11 | DEBUG | [20260724_234151] 信号异常 煤炭ETF: All arrays must be of the same length
2026-07-24 23:42:11 | DEBUG | [20260724_234151] 信号异常 化工ETF: All arrays must be of the same length
2026-07-24 23:42:11 | DEBUG | [20260724_234151] 信号异常 钢铁ETF: All arrays must be of the same length
2026-07-24 23:42:11 | DEBUG | [20260724_234151] 信号异常 油气ETF: All arrays must be of the same length
2026-07-24 23:42:11 | DEBUG | [20260724_234151] 信号异常 传媒ETF: All arrays must be of the same length
2026-07-24 23:42:11 | DEBUG | [20260724_234151] 信号异常 游戏ETF: All arrays must be of the same length
2026-07-24 23:42:11 | DEBUG | [20260724_234151] 信号异常 机器人ETF: All arrays must be of the same length
2026-07-24 23:42:11 | DEBUG | [20260724_234151] 信号异常 汽车ETF: All arrays must be of the same length
2026-07-24 23:42:11 | DEBUG | [20260724_234151] 信号异常 基建ETF: All arrays must be of the same length
2026-07-24 23:42:11 | DEBUG | [20260724_234151] 信号异常 红利ETF: All arrays must be of the same length
2026-07-24 23:42:11 | DEBUG | [20260724_234151] 信号异常 中证红利ETF: All arrays must be of the same length
2026-07-24 23:42:11 | WARNING | [20260724_234151] 2026-03-03 回测异常: Account.holdings_value() missing 1 required positional argument: 'prices'
2026-07-24 23:42:11 | DEBUG | [20260724_234151] 信号异常 中证500ETF: All arrays must be of the same length
2026-07-24 23:42:11 | DEBUG | [20260724_234151] 信号异常 中证1000ETF: All arrays must be of the same length
2026-07-24 23:42:11 | DEBUG | [20260724_234151] 信号异常 银行ETF: All arrays must be of the same length
2026-07-24 23:42:11 | DEBUG | [20260724_234151] 信号异常 券商ETF: All arrays must be of the same length
2026-07-24 23:42:11 | DEBUG | [20260724_234151] 信号异常 房地产ETF: All arrays must be of the same length
2026-07-24 23:42:11 | DEBUG | [20260724_234151] 信号异常 食品饮料ETF: All arrays must be of the same length
2026-07-24 23:42:11 | DEBUG | [20260724_234151] 信号异常 养殖ETF: All arrays must be of the same length
2026-07-24 23:42:11 | DEBUG | [20260724_234151] 信号异常 酒ETF: All arrays must be of the same length
2026-07-24 23:42:11 | DEBUG | [20260724_234151] 信号异常 家电ETF: All arrays must be of the same length
2026-07-24 23:42:11 | DEBUG | [20260724_234151] 信号异常 医药ETF: All arrays must be of the same length
2026-07-24 23:42:11 | DEBUG | [20260724_234151] 信号异常 创新药ETF: All arrays must be of the same length
2026-07-24 23:42:11 | DEBUG | [20260724_234151] 信号异常 医疗ETF: All arrays must be of the same length
2026-07-24 23:42:12 | DEBUG | [20260724_234151] 信号异常 计算机ETF: All arrays must be of the same length
2026-07-24 23:42:12 | DEBUG | [20260724_234151] 信号异常 人工智能ETF: All arrays must be of the same length
2026-07-24 23:42:12 | DEBUG | [20260724_234151] 信号异常 新能源车ETF: All arrays must be of the same length
2026-07-24 23:42:12 | DEBUG | [20260724_234151] 信号异常 电力ETF: All arrays must be of the same length
2026-07-24 23:42:12 | DEBUG | [20260724_234151] 信号异常 光伏ETF: All arrays must be of the same length
2026-07-24 23:42:12 | DEBUG | [20260724_234151] 信号异常 军工ETF: All arrays must be of the same length
2026-07-24 23:42:12 | DEBUG | [20260724_234151] 信号异常 国防ETF: All arrays must be of the same length
2026-07-24 23:42:12 | DEBUG | [20260724_234151] 信号异常 稀土ETF: All arrays must be of the same length
2026-07-24 23:42:12 | DEBUG | [20260724_234151] 信号异常 有色金属ETF: All arrays must be of the same length
2026-07-24 23:42:12 | DEBUG | [20260724_234151] 信号异常 煤炭ETF: All arrays must be of the same length
2026-07-24 23:42:12 | DEBUG | [20260724_234151] 信号异常 化工ETF: All arrays must be of the same length
2026-07-24 23:42:12 | DEBUG | [20260724_234151] 信号异常 钢铁ETF: All arrays must be of the same length
2026-07-24 23:42:12 | DEBUG | [20260724_234151] 信号异常 油气ETF: All arrays must be of the same length
2026-07-24 23:42:12 | DEBUG | [20260724_234151] 信号异常 传媒ETF: All arrays must be of the same length
2026-07-24 23:42:12 | DEBUG | [20260724_234151] 信号异常 游戏ETF: All arrays must be of the same length
2026-07-24 23:42:12 | DEBUG | [20260724_234151] 信号异常 机器人ETF: All arrays must be of the same length
2026-07-24 23:42:12 | DEBUG | [20260724_234151] 信号异常 汽车ETF: All arrays must be of the same length
2026-07-24 23:42:12 | DEBUG | [20260724_234151] 信号异常 基建ETF: All arrays must be of the same length
2026-07-24 23:42:12 | DEBUG | [20260724_234151] 信号异常 红利ETF: All arrays must be of the same length
2026-07-24 23:42:12 | DEBUG | [20260724_234151] 信号异常 中证红利ETF: All arrays must be of the same length
2026-07-24 23:42:12 | WARNING | [20260724_234151] 2026-03-04 回测异常: Account.holdings_value() missing 1 required positional argument: 'prices'
2026-07-24 23:42:12 | DEBUG | [20260724_234151] 信号异常 中证500ETF: All arrays must be of the same length
2026-07-24 23:42:12 | DEBUG | [20260724_234151] 信号异常 中证1000ETF: All arrays must be of the same length
2026-07-24 23:42:12 | DEBUG | [20260724_234151] 信号异常 银行ETF: All arrays must be of the same length
2026-07-24 23:42:12 | DEBUG | [20260724_234151] 信号异常 券商ETF: All arrays must be of the same length
2026-07-24 23:42:12 | DEBUG | [20260724_234151] 信号异常 房地产ETF: All arrays must be of the same length
2026-07-24 23:42:12 | DEBUG | [20260724_234151] 信号异常 食品饮料ETF: All arrays must be of the same length
2026-07-24 23:42:12 | DEBUG | [20260724_234151] 信号异常 养殖ETF: All arrays must be of the same length
2026-07-24 23:42:12 | DEBUG | [20260724_234151] 信号异常 酒ETF: All arrays must be of the same length
2026-07-24 23:42:12 | DEBUG | [20260724_234151] 信号异常 家电ETF: All arrays must be of the same length
2026-07-24 23:42:12 | DEBUG | [20260724_234151] 信号异常 医药ETF: All arrays must be of the same length
2026-07-24 23:42:12 | DEBUG | [20260724_234151] 信号异常 创新药ETF: All arrays must be of the same length
2026-07-24 23:42:12 | DEBUG | [20260724_234151] 信号异常 医疗ETF: All arrays must be of the same length
2026-07-24 23:42:12 | DEBUG | [20260724_234151] 信号异常 计算机ETF: All arrays must be of the same length
2026-07-24 23:42:12 | DEBUG | [20260724_234151] 信号异常 人工智能ETF: All arrays must be of the same length
2026-07-24 23:42:12 | DEBUG | [20260724_234151] 信号异常 新能源车ETF: All arrays must be of the same length
2026-07-24 23:42:12 | DEBUG | [20260724_234151] 信号异常 电力ETF: All arrays must be of the same length
2026-07-24 23:42:12 | DEBUG | [20260724_234151] 信号异常 光伏ETF: All arrays must be of the same length
2026-07-24 23:42:12 | DEBUG | [20260724_234151] 信号异常 军工ETF: All arrays must be of the same length
2026-07-24 23:42:12 | DEBUG | [20260724_234151] 信号异常 国防ETF: All arrays must be of the same length
2026-07-24 23:42:12 | DEBUG | [20260724_234151] 信号异常 稀土ETF: All arrays must be of the same length
2026-07-24 23:42:12 | DEBUG | [20260724_234151] 信号异常 有色金属ETF: All arrays must be of the same length
2026-07-24 23:42:12 | DEBUG | [20260724_234151] 信号异常 煤炭ETF: All arrays must be of the same length
2026-07-24 23:42:12 | DEBUG | [20260724_234151] 信号异常 化工ETF: All arrays must be of the same length
2026-07-24 23:42:12 | DEBUG | [20260724_234151] 信号异常 钢铁ETF: All arrays must be of the same length
2026-07-24 23:42:12 | DEBUG | [20260724_234151] 信号异常 油气ETF: All arrays must be of the same length
2026-07-24 23:42:12 | DEBUG | [20260724_234151] 信号异常 传媒ETF: All arrays must be of the same length
2026-07-24 23:42:12 | DEBUG | [20260724_234151] 信号异常 游戏ETF: All arrays must be of the same length
2026-07-24 23:42:12 | DEBUG | [20260724_234151] 信号异常 机器人ETF: All arrays must be of the same length
2026-07-24 23:42:12 | DEBUG | [20260724_234151] 信号异常 汽车ETF: All arrays must be of the same length
2026-07-24 23:42:12 | DEBUG | [20260724_234151] 信号异常 基建ETF: All arrays must be of the same length
2026-07-24 23:42:12 | DEBUG | [20260724_234151] 信号异常 红利ETF: All arrays must be of the same length
2026-07-24 23:42:12 | DEBUG | [20260724_234151] 信号异常 中证红利ETF: All arrays must be of the same length
2026-07-24 23:42:12 | WARNING | [20260724_234151] 2026-03-05 回测异常: Account.holdings_value() missing 1 required positional argument: 'prices'
2026-07-24 23:42:12 | DEBUG | [20260724_234151] 信号异常 中证500ETF: All arrays must be of the same length
2026-07-24 23:42:12 | DEBUG | [20260724_234151] 信号异常 中证1000ETF: All arrays must be of the same length
2026-07-24 23:42:12 | DEBUG | [20260724_234151] 信号异常 银行ETF: All arrays must be of the same length
2026-07-24 23:42:12 | DEBUG | [20260724_234151] 信号异常 券商ETF: All arrays must be of the same length
2026-07-24 23:42:12 | DEBUG | [20260724_234151] 信号异常 房地产ETF: All arrays must be of the same length
2026-07-24 23:42:12 | DEBUG | [20260724_234151] 信号异常 食品饮料ETF: All arrays must be of the same length
2026-07-24 23:42:12 | DEBUG | [20260724_234151] 信号异常 养殖ETF: All arrays must be of the same length
2026-07-24 23:42:12 | DEBUG | [20260724_234151] 信号异常 酒ETF: All arrays must be of the same length
2026-07-24 23:42:12 | DEBUG | [20260724_234151] 信号异常 家电ETF: All arrays must be of the same length
2026-07-24 23:42:12 | DEBUG | [20260724_234151] 信号异常 医药ETF: All arrays must be of the same length
2026-07-24 23:42:12 | DEBUG | [20260724_234151] 信号异常 创新药ETF: All arrays must be of the same length
2026-07-24 23:42:12 | DEBUG | [20260724_234151] 信号异常 医疗ETF: All arrays must be of the same length
2026-07-24 23:42:12 | DEBUG | [20260724_234151] 信号异常 计算机ETF: All arrays must be of the same length
2026-07-24 23:42:12 | DEBUG | [20260724_234151] 信号异常 人工智能ETF: All arrays must be of the same length
2026-07-24 23:42:12 | DEBUG | [20260724_234151] 信号异常 新能源车ETF: All arrays must be of the same length
2026-07-24 23:42:12 | DEBUG | [20260724_234151] 信号异常 电力ETF: All arrays must be of the same length
2026-07-24 23:42:12 | DEBUG | [20260724_234151] 信号异常 光伏ETF: All arrays must be of the same length
2026-07-24 23:42:12 | DEBUG | [20260724_234151] 信号异常 军工ETF: All arrays must be of the same length
2026-07-24 23:42:12 | DEBUG | [20260724_234151] 信号异常 国防ETF: All arrays must be of the same length
2026-07-24 23:42:12 | DEBUG | [20260724_234151] 信号异常 稀土ETF: All arrays must be of the same length
2026-07-24 23:42:12 | DEBUG | [20260724_234151] 信号异常 有色金属ETF: All arrays must be of the same length
2026-07-24 23:42:12 | DEBUG | [20260724_234151] 信号异常 煤炭ETF: All arrays must be of the same length
2026-07-24 23:42:12 | DEBUG | [20260724_234151] 信号异常 化工ETF: All arrays must be of the same length
2026-07-24 23:42:12 | DEBUG | [20260724_234151] 信号异常 钢铁ETF: All arrays must be of the same length
2026-07-24 23:42:12 | DEBUG | [20260724_234151] 信号异常 油气ETF: All arrays must be of the same length
2026-07-24 23:42:12 | DEBUG | [20260724_234151] 信号异常 传媒ETF: All arrays must be of the same length
2026-07-24 23:42:12 | DEBUG | [20260724_234151] 信号异常 游戏ETF: All arrays must be of the same length
2026-07-24 23:42:12 | DEBUG | [20260724_234151] 信号异常 机器人ETF: All arrays must be of the same length
2026-07-24 23:42:12 | DEBUG | [20260724_234151] 信号异常 汽车ETF: All arrays must be of the same length
2026-07-24 23:42:12 | DEBUG | [20260724_234151] 信号异常 基建ETF: All arrays must be of the same length
2026-07-24 23:42:12 | DEBUG | [20260724_234151] 信号异常 红利ETF: All arrays must be of the same length
2026-07-24 23:42:12 | DEBUG | [20260724_234151] 信号异常 中证红利ETF: All arrays must be of the same length
2026-07-24 23:42:12 | WARNING | [20260724_234151] 2026-03-06 回测异常: Account.holdings_value() missing 1 required positional argument: 'prices'
2026-07-24 23:42:12 | DEBUG | [20260724_234151] 信号异常 中证500ETF: All arrays must be of the same length
2026-07-24 23:42:12 | DEBUG | [20260724_234151] 信号异常 中证1000ETF: All arrays must be of the same length
2026-07-24 23:42:12 | DEBUG | [20260724_234151] 信号异常 银行ETF: All arrays must be of the same length
2026-07-24 23:42:12 | DEBUG | [20260724_234151] 信号异常 券商ETF: All arrays must be of the same length
2026-07-24 23:42:12 | DEBUG | [20260724_234151] 信号异常 房地产ETF: All arrays must be of the same length
2026-07-24 23:42:12 | DEBUG | [20260724_234151] 信号异常 食品饮料ETF: All arrays must be of the same length
2026-07-24 23:42:12 | DEBUG | [20260724_234151] 信号异常 养殖ETF: All arrays must be of the same length
2026-07-24 23:42:12 | DEBUG | [20260724_234151] 信号异常 酒ETF: All arrays must be of the same length
2026-07-24 23:42:12 | DEBUG | [20260724_234151] 信号异常 家电ETF: All arrays must be of the same length
2026-07-24 23:42:12 | DEBUG | [20260724_234151] 信号异常 医药ETF: All arrays must be of the same length
2026-07-24 23:42:12 | DEBUG | [20260724_234151] 信号异常 创新药ETF: All arrays must be of the same length
2026-07-24 23:42:12 | DEBUG | [20260724_234151] 信号异常 医疗ETF: All arrays must be of the same length
2026-07-24 23:42:12 | DEBUG | [20260724_234151] 信号异常 计算机ETF: All arrays must be of the same length
2026-07-24 23:42:12 | DEBUG | [20260724_234151] 信号异常 人工智能ETF: All arrays must be of the same length
2026-07-24 23:42:12 | DEBUG | [20260724_234151] 信号异常 新能源车ETF: All arrays must be of the same length
2026-07-24 23:42:12 | DEBUG | [20260724_234151] 信号异常 电力ETF: All arrays must be of the same length
2026-07-24 23:42:12 | DEBUG | [20260724_234151] 信号异常 光伏ETF: All arrays must be of the same length
2026-07-24 23:42:12 | DEBUG | [20260724_234151] 信号异常 军工ETF: All arrays must be of the same length
2026-07-24 23:42:12 | DEBUG | [20260724_234151] 信号异常 国防ETF: All arrays must be of the same length
2026-07-24 23:42:12 | DEBUG | [20260724_234151] 信号异常 稀土ETF: All arrays must be of the same length
2026-07-24 23:42:12 | DEBUG | [20260724_234151] 信号异常 有色金属ETF: All arrays must be of the same length
2026-07-24 23:42:12 | DEBUG | [20260724_234151] 信号异常 煤炭ETF: All arrays must be of the same length
2026-07-24 23:42:12 | DEBUG | [20260724_234151] 信号异常 化工ETF: All arrays must be of the same length
2026-07-24 23:42:12 | DEBUG | [20260724_234151] 信号异常 钢铁ETF: All arrays must be of the same length
2026-07-24 23:42:12 | DEBUG | [20260724_234151] 信号异常 油气ETF: All arrays must be of the same length
2026-07-24 23:42:12 | DEBUG | [20260724_234151] 信号异常 传媒ETF: All arrays must be of the same length
2026-07-24 23:42:12 | DEBUG | [20260724_234151] 信号异常 游戏ETF: All arrays must be of the same length
2026-07-24 23:42:12 | DEBUG | [20260724_234151] 信号异常 机器人ETF: All arrays must be of the same length
2026-07-24 23:42:12 | DEBUG | [20260724_234151] 信号异常 汽车ETF: All arrays must be of the same length
2026-07-24 23:42:12 | DEBUG | [20260724_234151] 信号异常 基建ETF: All arrays must be of the same length
2026-07-24 23:42:12 | DEBUG | [20260724_234151] 信号异常 红利ETF: All arrays must be of the same length
2026-07-24 23:42:12 | DEBUG | [20260724_234151] 信号异常 中证红利ETF: All arrays must be of the same length
2026-07-24 23:42:12 | WARNING | [20260724_234151] 2026-03-09 回测异常: Account.holdings_value() missing 1 required positional argument: 'prices'
2026-07-24 23:42:12 | DEBUG | [20260724_234151] 信号异常 中证500ETF: All arrays must be of the same length
2026-07-24 23:42:12 | DEBUG | [20260724_234151] 信号异常 中证1000ETF: All arrays must be of the same length
2026-07-24 23:42:12 | DEBUG | [20260724_234151] 信号异常 银行ETF: All arrays must be of the same length
2026-07-24 23:42:12 | DEBUG | [20260724_234151] 信号异常 券商ETF: All arrays must be of the same length
2026-07-24 23:42:12 | DEBUG | [20260724_234151] 信号异常 房地产ETF: All arrays must be of the same length
2026-07-24 23:42:12 | DEBUG | [20260724_234151] 信号异常 食品饮料ETF: All arrays must be of the same length
2026-07-24 23:42:12 | DEBUG | [20260724_234151] 信号异常 养殖ETF: All arrays must be of the same length
2026-07-24 23:42:12 | DEBUG | [20260724_234151] 信号异常 酒ETF: All arrays must be of the same length
2026-07-24 23:42:12 | DEBUG | [20260724_234151] 信号异常 家电ETF: All arrays must be of the same length
2026-07-24 23:42:12 | DEBUG | [20260724_234151] 信号异常 医药ETF: All arrays must be of the same length
2026-07-24 23:42:12 | DEBUG | [20260724_234151] 信号异常 创新药ETF: All arrays must be of the same length
2026-07-24 23:42:12 | DEBUG | [20260724_234151] 信号异常 医疗ETF: All arrays must be of the same length
2026-07-24 23:42:12 | DEBUG | [20260724_234151] 信号异常 计算机ETF: All arrays must be of the same length
2026-07-24 23:42:12 | DEBUG | [20260724_234151] 信号异常 人工智能ETF: All arrays must be of the same length
2026-07-24 23:42:12 | DEBUG | [20260724_234151] 信号异常 新能源车ETF: All arrays must be of the same length
2026-07-24 23:42:12 | DEBUG | [20260724_234151] 信号异常 电力ETF: All arrays must be of the same length
2026-07-24 23:42:12 | DEBUG | [20260724_234151] 信号异常 光伏ETF: All arrays must be of the same length
2026-07-24 23:42:12 | DEBUG | [20260724_234151] 信号异常 军工ETF: All arrays must be of the same length
2026-07-24 23:42:12 | DEBUG | [20260724_234151] 信号异常 国防ETF: All arrays must be of the same length
2026-07-24 23:42:12 | DEBUG | [20260724_234151] 信号异常 稀土ETF: All arrays must be of the same length
2026-07-24 23:42:12 | DEBUG | [20260724_234151] 信号异常 有色金属ETF: All arrays must be of the same length
2026-07-24 23:42:12 | DEBUG | [20260724_234151] 信号异常 煤炭ETF: All arrays must be of the same length
2026-07-24 23:42:12 | DEBUG | [20260724_234151] 信号异常 化工ETF: All arrays must be of the same length
2026-07-24 23:42:12 | DEBUG | [20260724_234151] 信号异常 钢铁ETF: All arrays must be of the same length
2026-07-24 23:42:12 | DEBUG | [20260724_234151] 信号异常 油气ETF: All arrays must be of the same length
2026-07-24 23:42:12 | DEBUG | [20260724_234151] 信号异常 传媒ETF: All arrays must be of the same length
2026-07-24 23:42:12 | DEBUG | [20260724_234151] 信号异常 游戏ETF: All arrays must be of the same length
2026-07-24 23:42:12 | DEBUG | [20260724_234151] 信号异常 机器人ETF: All arrays must be of the same length
2026-07-24 23:42:12 | DEBUG | [20260724_234151] 信号异常 汽车ETF: All arrays must be of the same length
2026-07-24 23:42:12 | DEBUG | [20260724_234151] 信号异常 基建ETF: All arrays must be of the same length
2026-07-24 23:42:12 | DEBUG | [20260724_234151] 信号异常 红利ETF: All arrays must be of the same length
2026-07-24 23:42:12 | DEBUG | [20260724_234151] 信号异常 中证红利ETF: All arrays must be of the same length
2026-07-24 23:42:12 | WARNING | [20260724_234151] 2026-03-10 回测异常: Account.holdings_value() missing 1 required positional argument: 'prices'
2026-07-24 23:42:12 | DEBUG | [20260724_234151] 信号异常 中证500ETF: All arrays must be of the same length
2026-07-24 23:42:12 | DEBUG | [20260724_234151] 信号异常 中证1000ETF: All arrays must be of the same length
2026-07-24 23:42:12 | DEBUG | [20260724_234151] 信号异常 银行ETF: All arrays must be of the same length
2026-07-24 23:42:12 | DEBUG | [20260724_234151] 信号异常 券商ETF: All arrays must be of the same length
2026-07-24 23:42:12 | DEBUG | [20260724_234151] 信号异常 房地产ETF: All arrays must be of the same length
2026-07-24 23:42:12 | DEBUG | [20260724_234151] 信号异常 食品饮料ETF: All arrays must be of the same length
2026-07-24 23:42:12 | DEBUG | [20260724_234151] 信号异常 养殖ETF: All arrays must be of the same length
2026-07-24 23:42:12 | DEBUG | [20260724_234151] 信号异常 酒ETF: All arrays must be of the same length
2026-07-24 23:42:12 | DEBUG | [20260724_234151] 信号异常 家电ETF: All arrays must be of the same length
2026-07-24 23:42:12 | DEBUG | [20260724_234151] 信号异常 医药ETF: All arrays must be of the same length
2026-07-24 23:42:12 | DEBUG | [20260724_234151] 信号异常 创新药ETF: All arrays must be of the same length
2026-07-24 23:42:12 | DEBUG | [20260724_234151] 信号异常 医疗ETF: All arrays must be of the same length
2026-07-24 23:42:12 | DEBUG | [20260724_234151] 信号异常 计算机ETF: All arrays must be of the same length
2026-07-24 23:42:12 | DEBUG | [20260724_234151] 信号异常 人工智能ETF: All arrays must be of the same length
2026-07-24 23:42:12 | DEBUG | [20260724_234151] 信号异常 新能源车ETF: All arrays must be of the same length
2026-07-24 23:42:12 | DEBUG | [20260724_234151] 信号异常 电力ETF: All arrays must be of the same length
2026-07-24 23:42:12 | DEBUG | [20260724_234151] 信号异常 光伏ETF: All arrays must be of the same length
2026-07-24 23:42:12 | DEBUG | [20260724_234151] 信号异常 军工ETF: All arrays must be of the same length
2026-07-24 23:42:12 | DEBUG | [20260724_234151] 信号异常 国防ETF: All arrays must be of the same length
2026-07-24 23:42:12 | DEBUG | [20260724_234151] 信号异常 稀土ETF: All arrays must be of the same length
2026-07-24 23:42:12 | DEBUG | [20260724_234151] 信号异常 有色金属ETF: All arrays must be of the same length
2026-07-24 23:42:12 | DEBUG | [20260724_234151] 信号异常 煤炭ETF: All arrays must be of the same length
2026-07-24 23:42:12 | DEBUG | [20260724_234151] 信号异常 化工ETF: All arrays must be of the same length
2026-07-24 23:42:12 | DEBUG | [20260724_234151] 信号异常 钢铁ETF: All arrays must be of the same length
2026-07-24 23:42:12 | DEBUG | [20260724_234151] 信号异常 油气ETF: All arrays must be of the same length
2026-07-24 23:42:12 | DEBUG | [20260724_234151] 信号异常 传媒ETF: All arrays must be of the same length
2026-07-24 23:42:12 | DEBUG | [20260724_234151] 信号异常 游戏ETF: All arrays must be of the same length
2026-07-24 23:42:12 | DEBUG | [20260724_234151] 信号异常 机器人ETF: All arrays must be of the same length
2026-07-24 23:42:12 | DEBUG | [20260724_234151] 信号异常 汽车ETF: All arrays must be of the same length
2026-07-24 23:42:12 | DEBUG | [20260724_234151] 信号异常 基建ETF: All arrays must be of the same length
2026-07-24 23:42:12 | DEBUG | [20260724_234151] 信号异常 红利ETF: All arrays must be of the same length
2026-07-24 23:42:12 | DEBUG | [20260724_234151] 信号异常 中证红利ETF: All arrays must be of the same length
2026-07-24 23:42:12 | WARNING | [20260724_234151] 2026-03-11 回测异常: Account.holdings_value() missing 1 required positional argument: 'prices'
2026-07-24 23:42:12 | DEBUG | [20260724_234151] 信号异常 中证500ETF: All arrays must be of the same length
2026-07-24 23:42:12 | DEBUG | [20260724_234151] 信号异常 中证1000ETF: All arrays must be of the same length
2026-07-24 23:42:12 | DEBUG | [20260724_234151] 信号异常 银行ETF: All arrays must be of the same length
2026-07-24 23:42:12 | DEBUG | [20260724_234151] 信号异常 券商ETF: All arrays must be of the same length
2026-07-24 23:42:12 | DEBUG | [20260724_234151] 信号异常 房地产ETF: All arrays must be of the same length
2026-07-24 23:42:12 | DEBUG | [20260724_234151] 信号异常 食品饮料ETF: All arrays must be of the same length
2026-07-24 23:42:12 | DEBUG | [20260724_234151] 信号异常 养殖ETF: All arrays must be of the same length
2026-07-24 23:42:12 | DEBUG | [20260724_234151] 信号异常 酒ETF: All arrays must be of the same length
2026-07-24 23:42:12 | DEBUG | [20260724_234151] 信号异常 家电ETF: All arrays must be of the same length
2026-07-24 23:42:12 | DEBUG | [20260724_234151] 信号异常 医药ETF: All arrays must be of the same length
2026-07-24 23:42:12 | DEBUG | [20260724_234151] 信号异常 创新药ETF: All arrays must be of the same length
2026-07-24 23:42:12 | DEBUG | [20260724_234151] 信号异常 医疗ETF: All arrays must be of the same length
2026-07-24 23:42:12 | DEBUG | [20260724_234151] 信号异常 计算机ETF: All arrays must be of the same length
2026-07-24 23:42:12 | DEBUG | [20260724_234151] 信号异常 人工智能ETF: All arrays must be of the same length
2026-07-24 23:42:12 | DEBUG | [20260724_234151] 信号异常 新能源车ETF: All arrays must be of the same length
2026-07-24 23:42:12 | DEBUG | [20260724_234151] 信号异常 电力ETF: All arrays must be of the same length
2026-07-24 23:42:12 | DEBUG | [20260724_234151] 信号异常 光伏ETF: All arrays must be of the same length
2026-07-24 23:42:12 | DEBUG | [20260724_234151] 信号异常 军工ETF: All arrays must be of the same length
2026-07-24 23:42:12 | DEBUG | [20260724_234151] 信号异常 国防ETF: All arrays must be of the same length
2026-07-24 23:42:12 | DEBUG | [20260724_234151] 信号异常 稀土ETF: All arrays must be of the same length
2026-07-24 23:42:12 | DEBUG | [20260724_234151] 信号异常 有色金属ETF: All arrays must be of the same length
2026-07-24 23:42:12 | DEBUG | [20260724_234151] 信号异常 煤炭ETF: All arrays must be of the same length
2026-07-24 23:42:12 | DEBUG | [20260724_234151] 信号异常 化工ETF: All arrays must be of the same length
2026-07-24 23:42:12 | DEBUG | [20260724_234151] 信号异常 钢铁ETF: All arrays must be of the same length
2026-07-24 23:42:12 | DEBUG | [20260724_234151] 信号异常 油气ETF: All arrays must be of the same length
2026-07-24 23:42:12 | DEBUG | [20260724_234151] 信号异常 传媒ETF: All arrays must be of the same length
2026-07-24 23:42:12 | DEBUG | [20260724_234151] 信号异常 游戏ETF: All arrays must be of the same length
2026-07-24 23:42:12 | DEBUG | [20260724_234151] 信号异常 机器人ETF: All arrays must be of the same length
2026-07-24 23:42:12 | DEBUG | [20260724_234151] 信号异常 汽车ETF: All arrays must be of the same length
2026-07-24 23:42:12 | DEBUG | [20260724_234151] 信号异常 基建ETF: All arrays must be of the same length
2026-07-24 23:42:12 | DEBUG | [20260724_234151] 信号异常 红利ETF: All arrays must be of the same length
2026-07-24 23:42:12 | DEBUG | [20260724_234151] 信号异常 中证红利ETF: All arrays must be of the same length
2026-07-24 23:42:12 | WARNING | [20260724_234151] 2026-03-12 回测异常: Account.holdings_value() missing 1 required positional argument: 'prices'
2026-07-24 23:42:12 | DEBUG | [20260724_234151] 信号异常 中证500ETF: All arrays must be of the same length
2026-07-24 23:42:12 | DEBUG | [20260724_234151] 信号异常 中证1000ETF: All arrays must be of the same length
2026-07-24 23:42:12 | DEBUG | [20260724_234151] 信号异常 银行ETF: All arrays must be of the same length
2026-07-24 23:42:12 | DEBUG | [20260724_234151] 信号异常 券商ETF: All arrays must be of the same length
2026-07-24 23:42:12 | DEBUG | [20260724_234151] 信号异常 房地产ETF: All arrays must be of the same length
2026-07-24 23:42:12 | DEBUG | [20260724_234151] 信号异常 食品饮料ETF: All arrays must be of the same length
2026-07-24 23:42:12 | DEBUG | [20260724_234151] 信号异常 养殖ETF: All arrays must be of the same length
2026-07-24 23:42:12 | DEBUG | [20260724_234151] 信号异常 酒ETF: All arrays must be of the same length
2026-07-24 23:42:12 | DEBUG | [20260724_234151] 信号异常 家电ETF: All arrays must be of the same length
2026-07-24 23:42:12 | DEBUG | [20260724_234151] 信号异常 医药ETF: All arrays must be of the same length
2026-07-24 23:42:12 | DEBUG | [20260724_234151] 信号异常 创新药ETF: All arrays must be of the same length
2026-07-24 23:42:12 | DEBUG | [20260724_234151] 信号异常 医疗ETF: All arrays must be of the same length
2026-07-24 23:42:12 | DEBUG | [20260724_234151] 信号异常 计算机ETF: All arrays must be of the same length
2026-07-24 23:42:12 | DEBUG | [20260724_234151] 信号异常 人工智能ETF: All arrays must be of the same length
2026-07-24 23:42:12 | DEBUG | [20260724_234151] 信号异常 新能源车ETF: All arrays must be of the same length
2026-07-24 23:42:12 | DEBUG | [20260724_234151] 信号异常 电力ETF: All arrays must be of the same length
2026-07-24 23:42:12 | DEBUG | [20260724_234151] 信号异常 光伏ETF: All arrays must be of the same length
2026-07-24 23:42:12 | DEBUG | [20260724_234151] 信号异常 军工ETF: All arrays must be of the same length
2026-07-24 23:42:12 | DEBUG | [20260724_234151] 信号异常 国防ETF: All arrays must be of the same length
2026-07-24 23:42:12 | DEBUG | [20260724_234151] 信号异常 稀土ETF: All arrays must be of the same length
2026-07-24 23:42:12 | DEBUG | [20260724_234151] 信号异常 有色金属ETF: All arrays must be of the same length
2026-07-24 23:42:12 | DEBUG | [20260724_234151] 信号异常 煤炭ETF: All arrays must be of the same length
2026-07-24 23:42:12 | DEBUG | [20260724_234151] 信号异常 化工ETF: All arrays must be of the same length
2026-07-24 23:42:12 | DEBUG | [20260724_234151] 信号异常 钢铁ETF: All arrays must be of the same length
2026-07-24 23:42:12 | DEBUG | [20260724_234151] 信号异常 油气ETF: All arrays must be of the same length
2026-07-24 23:42:12 | DEBUG | [20260724_234151] 信号异常 传媒ETF: All arrays must be of the same length
2026-07-24 23:42:12 | DEBUG | [20260724_234151] 信号异常 游戏ETF: All arrays must be of the same length
2026-07-24 23:42:12 | DEBUG | [20260724_234151] 信号异常 机器人ETF: All arrays must be of the same length
2026-07-24 23:42:12 | DEBUG | [20260724_234151] 信号异常 汽车ETF: All arrays must be of the same length
2026-07-24 23:42:12 | DEBUG | [20260724_234151] 信号异常 基建ETF: All arrays must be of the same length
2026-07-24 23:42:12 | DEBUG | [20260724_234151] 信号异常 红利ETF: All arrays must be of the same length
2026-07-24 23:42:12 | DEBUG | [20260724_234151] 信号异常 中证红利ETF: All arrays must be of the same length
2026-07-24 23:42:12 | WARNING | [20260724_234151] 2026-03-13 回测异常: Account.holdings_value() missing 1 required positional argument: 'prices'
2026-07-24 23:42:12 | DEBUG | [20260724_234151] 信号异常 中证500ETF: All arrays must be of the same length
2026-07-24 23:42:12 | DEBUG | [20260724_234151] 信号异常 中证1000ETF: All arrays must be of the same length
2026-07-24 23:42:12 | DEBUG | [20260724_234151] 信号异常 银行ETF: All arrays must be of the same length
2026-07-24 23:42:12 | DEBUG | [20260724_234151] 信号异常 券商ETF: All arrays must be of the same length
2026-07-24 23:42:12 | DEBUG | [20260724_234151] 信号异常 房地产ETF: All arrays must be of the same length
2026-07-24 23:42:12 | DEBUG | [20260724_234151] 信号异常 食品饮料ETF: All arrays must be of the same length
2026-07-24 23:42:12 | DEBUG | [20260724_234151] 信号异常 养殖ETF: All arrays must be of the same length
2026-07-24 23:42:12 | DEBUG | [20260724_234151] 信号异常 酒ETF: All arrays must be of the same length
2026-07-24 23:42:12 | DEBUG | [20260724_234151] 信号异常 家电ETF: All arrays must be of the same length
2026-07-24 23:42:12 | DEBUG | [20260724_234151] 信号异常 医药ETF: All arrays must be of the same length
2026-07-24 23:42:12 | DEBUG | [20260724_234151] 信号异常 创新药ETF: All arrays must be of the same length
2026-07-24 23:42:12 | DEBUG | [20260724_234151] 信号异常 医疗ETF: All arrays must be of the same length
2026-07-24 23:42:12 | DEBUG | [20260724_234151] 信号异常 计算机ETF: All arrays must be of the same length
2026-07-24 23:42:12 | DEBUG | [20260724_234151] 信号异常 人工智能ETF: All arrays must be of the same length
2026-07-24 23:42:12 | DEBUG | [20260724_234151] 信号异常 新能源车ETF: All arrays must be of the same length
2026-07-24 23:42:12 | DEBUG | [20260724_234151] 信号异常 电力ETF: All arrays must be of the same length
2026-07-24 23:42:12 | DEBUG | [20260724_234151] 信号异常 光伏ETF: All arrays must be of the same length
2026-07-24 23:42:12 | DEBUG | [20260724_234151] 信号异常 军工ETF: All arrays must be of the same length
2026-07-24 23:42:12 | DEBUG | [20260724_234151] 信号异常 国防ETF: All arrays must be of the same length
2026-07-24 23:42:12 | DEBUG | [20260724_234151] 信号异常 稀土ETF: All arrays must be of the same length
2026-07-24 23:42:12 | DEBUG | [20260724_234151] 信号异常 有色金属ETF: All arrays must be of the same length
2026-07-24 23:42:12 | DEBUG | [20260724_234151] 信号异常 煤炭ETF: All arrays must be of the same length
2026-07-24 23:42:12 | DEBUG | [20260724_234151] 信号异常 化工ETF: All arrays must be of the same length
2026-07-24 23:42:12 | DEBUG | [20260724_234151] 信号异常 钢铁ETF: All arrays must be of the same length
2026-07-24 23:42:12 | DEBUG | [20260724_234151] 信号异常 油气ETF: All arrays must be of the same length
2026-07-24 23:42:12 | DEBUG | [20260724_234151] 信号异常 传媒ETF: All arrays must be of the same length
2026-07-24 23:42:12 | DEBUG | [20260724_234151] 信号异常 游戏ETF: All arrays must be of the same length
2026-07-24 23:42:12 | DEBUG | [20260724_234151] 信号异常 机器人ETF: All arrays must be of the same length
2026-07-24 23:42:12 | DEBUG | [20260724_234151] 信号异常 汽车ETF: All arrays must be of the same length
2026-07-24 23:42:12 | DEBUG | [20260724_234151] 信号异常 基建ETF: All arrays must be of the same length
2026-07-24 23:42:12 | DEBUG | [20260724_234151] 信号异常 红利ETF: All arrays must be of the same length
2026-07-24 23:42:12 | DEBUG | [20260724_234151] 信号异常 中证红利ETF: All arrays must be of the same length
2026-07-24 23:42:12 | WARNING | [20260724_234151] 2026-03-16 回测异常: Account.holdings_value() missing 1 required positional argument: 'prices'
2026-07-24 23:42:12 | DEBUG | [20260724_234151] 信号异常 中证500ETF: All arrays must be of the same length
2026-07-24 23:42:12 | DEBUG | [20260724_234151] 信号异常 中证1000ETF: All arrays must be of the same length
2026-07-24 23:42:12 | DEBUG | [20260724_234151] 信号异常 银行ETF: All arrays must be of the same length
2026-07-24 23:42:12 | DEBUG | [20260724_234151] 信号异常 券商ETF: All arrays must be of the same length
2026-07-24 23:42:12 | DEBUG | [20260724_234151] 信号异常 房地产ETF: All arrays must be of the same length
2026-07-24 23:42:12 | DEBUG | [20260724_234151] 信号异常 食品饮料ETF: All arrays must be of the same length
2026-07-24 23:42:12 | DEBUG | [20260724_234151] 信号异常 养殖ETF: All arrays must be of the same length
2026-07-24 23:42:12 | DEBUG | [20260724_234151] 信号异常 酒ETF: All arrays must be of the same length
2026-07-24 23:42:12 | DEBUG | [20260724_234151] 信号异常 家电ETF: All arrays must be of the same length
2026-07-24 23:42:12 | DEBUG | [20260724_234151] 信号异常 医药ETF: All arrays must be of the same length
2026-07-24 23:42:12 | DEBUG | [20260724_234151] 信号异常 创新药ETF: All arrays must be of the same length
2026-07-24 23:42:12 | DEBUG | [20260724_234151] 信号异常 医疗ETF: All arrays must be of the same length
2026-07-24 23:42:12 | DEBUG | [20260724_234151] 信号异常 计算机ETF: All arrays must be of the same length
2026-07-24 23:42:12 | DEBUG | [20260724_234151] 信号异常 人工智能ETF: All arrays must be of the same length
2026-07-24 23:42:12 | DEBUG | [20260724_234151] 信号异常 新能源车ETF: All arrays must be of the same length
2026-07-24 23:42:12 | DEBUG | [20260724_234151] 信号异常 电力ETF: All arrays must be of the same length
2026-07-24 23:42:12 | DEBUG | [20260724_234151] 信号异常 光伏ETF: All arrays must be of the same length
2026-07-24 23:42:12 | DEBUG | [20260724_234151] 信号异常 军工ETF: All arrays must be of the same length
2026-07-24 23:42:12 | DEBUG | [20260724_234151] 信号异常 国防ETF: All arrays must be of the same length
2026-07-24 23:42:12 | DEBUG | [20260724_234151] 信号异常 稀土ETF: All arrays must be of the same length
2026-07-24 23:42:12 | DEBUG | [20260724_234151] 信号异常 有色金属ETF: All arrays must be of the same length
2026-07-24 23:42:12 | DEBUG | [20260724_234151] 信号异常 煤炭ETF: All arrays must be of the same length
2026-07-24 23:42:12 | DEBUG | [20260724_234151] 信号异常 化工ETF: All arrays must be of the same length
2026-07-24 23:42:12 | DEBUG | [20260724_234151] 信号异常 钢铁ETF: All arrays must be of the same length
2026-07-24 23:42:12 | DEBUG | [20260724_234151] 信号异常 油气ETF: All arrays must be of the same length
2026-07-24 23:42:12 | DEBUG | [20260724_234151] 信号异常 传媒ETF: All arrays must be of the same length
2026-07-24 23:42:12 | DEBUG | [20260724_234151] 信号异常 游戏ETF: All arrays must be of the same length
2026-07-24 23:42:12 | DEBUG | [20260724_234151] 信号异常 机器人ETF: All arrays must be of the same length
2026-07-24 23:42:12 | DEBUG | [20260724_234151] 信号异常 汽车ETF: All arrays must be of the same length
2026-07-24 23:42:12 | DEBUG | [20260724_234151] 信号异常 基建ETF: All arrays must be of the same length
2026-07-24 23:42:12 | DEBUG | [20260724_234151] 信号异常 红利ETF: All arrays must be of the same length
2026-07-24 23:42:12 | DEBUG | [20260724_234151] 信号异常 中证红利ETF: All arrays must be of the same length
2026-07-24 23:42:12 | WARNING | [20260724_234151] 2026-03-17 回测异常: Account.holdings_value() missing 1 required positional argument: 'prices'
2026-07-24 23:42:12 | DEBUG | [20260724_234151] 信号异常 中证500ETF: All arrays must be of the same length
2026-07-24 23:42:12 | DEBUG | [20260724_234151] 信号异常 中证1000ETF: All arrays must be of the same length
2026-07-24 23:42:12 | DEBUG | [20260724_234151] 信号异常 银行ETF: All arrays must be of the same length
2026-07-24 23:42:12 | DEBUG | [20260724_234151] 信号异常 券商ETF: All arrays must be of the same length
2026-07-24 23:42:12 | DEBUG | [20260724_234151] 信号异常 房地产ETF: All arrays must be of the same length
2026-07-24 23:42:12 | DEBUG | [20260724_234151] 信号异常 食品饮料ETF: All arrays must be of the same length
2026-07-24 23:42:12 | DEBUG | [20260724_234151] 信号异常 养殖ETF: All arrays must be of the same length
2026-07-24 23:42:12 | DEBUG | [20260724_234151] 信号异常 酒ETF: All arrays must be of the same length
2026-07-24 23:42:12 | DEBUG | [20260724_234151] 信号异常 家电ETF: All arrays must be of the same length
2026-07-24 23:42:12 | DEBUG | [20260724_234151] 信号异常 医药ETF: All arrays must be of the same length
2026-07-24 23:42:12 | DEBUG | [20260724_234151] 信号异常 创新药ETF: All arrays must be of the same length
2026-07-24 23:42:12 | DEBUG | [20260724_234151] 信号异常 医疗ETF: All arrays must be of the same length
2026-07-24 23:42:12 | DEBUG | [20260724_234151] 信号异常 计算机ETF: All arrays must be of the same length
2026-07-24 23:42:12 | DEBUG | [20260724_234151] 信号异常 人工智能ETF: All arrays must be of the same length
2026-07-24 23:42:12 | DEBUG | [20260724_234151] 信号异常 新能源车ETF: All arrays must be of the same length
2026-07-24 23:42:12 | DEBUG | [20260724_234151] 信号异常 电力ETF: All arrays must be of the same length
2026-07-24 23:42:12 | DEBUG | [20260724_234151] 信号异常 光伏ETF: All arrays must be of the same length
2026-07-24 23:42:12 | DEBUG | [20260724_234151] 信号异常 军工ETF: All arrays must be of the same length
2026-07-24 23:42:12 | DEBUG | [20260724_234151] 信号异常 国防ETF: All arrays must be of the same length
2026-07-24 23:42:12 | DEBUG | [20260724_234151] 信号异常 稀土ETF: All arrays must be of the same length
2026-07-24 23:42:12 | DEBUG | [20260724_234151] 信号异常 有色金属ETF: All arrays must be of the same length
2026-07-24 23:42:12 | DEBUG | [20260724_234151] 信号异常 煤炭ETF: All arrays must be of the same length
2026-07-24 23:42:12 | DEBUG | [20260724_234151] 信号异常 化工ETF: All arrays must be of the same length
2026-07-24 23:42:12 | DEBUG | [20260724_234151] 信号异常 钢铁ETF: All arrays must be of the same length
2026-07-24 23:42:12 | DEBUG | [20260724_234151] 信号异常 油气ETF: All arrays must be of the same length
2026-07-24 23:42:12 | DEBUG | [20260724_234151] 信号异常 传媒ETF: All arrays must be of the same length
2026-07-24 23:42:12 | DEBUG | [20260724_234151] 信号异常 游戏ETF: All arrays must be of the same length
2026-07-24 23:42:12 | DEBUG | [20260724_234151] 信号异常 机器人ETF: All arrays must be of the same length
2026-07-24 23:42:12 | DEBUG | [20260724_234151] 信号异常 汽车ETF: All arrays must be of the same length
2026-07-24 23:42:12 | DEBUG | [20260724_234151] 信号异常 基建ETF: All arrays must be of the same length
2026-07-24 23:42:12 | DEBUG | [20260724_234151] 信号异常 红利ETF: All arrays must be of the same length
2026-07-24 23:42:12 | DEBUG | [20260724_234151] 信号异常 中证红利ETF: All arrays must be of the same length
2026-07-24 23:42:12 | WARNING | [20260724_234151] 2026-03-18 回测异常: Account.holdings_value() missing 1 required positional argument: 'prices'
2026-07-24 23:42:12 | DEBUG | [20260724_234151] 信号异常 中证500ETF: All arrays must be of the same length
2026-07-24 23:42:12 | DEBUG | [20260724_234151] 信号异常 中证1000ETF: All arrays must be of the same length
2026-07-24 23:42:12 | DEBUG | [20260724_234151] 信号异常 银行ETF: All arrays must be of the same length
2026-07-24 23:42:12 | DEBUG | [20260724_234151] 信号异常 券商ETF: All arrays must be of the same length
2026-07-24 23:42:12 | DEBUG | [20260724_234151] 信号异常 房地产ETF: All arrays must be of the same length
2026-07-24 23:42:12 | DEBUG | [20260724_234151] 信号异常 食品饮料ETF: All arrays must be of the same length
2026-07-24 23:42:12 | DEBUG | [20260724_234151] 信号异常 养殖ETF: All arrays must be of the same length
2026-07-24 23:42:12 | DEBUG | [20260724_234151] 信号异常 酒ETF: All arrays must be of the same length
2026-07-24 23:42:12 | DEBUG | [20260724_234151] 信号异常 家电ETF: All arrays must be of the same length
2026-07-24 23:42:12 | DEBUG | [20260724_234151] 信号异常 医药ETF: All arrays must be of the same length
2026-07-24 23:42:12 | DEBUG | [20260724_234151] 信号异常 创新药ETF: All arrays must be of the same length
2026-07-24 23:42:12 | DEBUG | [20260724_234151] 信号异常 医疗ETF: All arrays must be of the same length
2026-07-24 23:42:12 | DEBUG | [20260724_234151] 信号异常 计算机ETF: All arrays must be of the same length
2026-07-24 23:42:12 | DEBUG | [20260724_234151] 信号异常 人工智能ETF: All arrays must be of the same length
2026-07-24 23:42:12 | DEBUG | [20260724_234151] 信号异常 新能源车ETF: All arrays must be of the same length
2026-07-24 23:42:12 | DEBUG | [20260724_234151] 信号异常 电力ETF: All arrays must be of the same length
2026-07-24 23:42:12 | DEBUG | [20260724_234151] 信号异常 光伏ETF: All arrays must be of the same length
2026-07-24 23:42:12 | DEBUG | [20260724_234151] 信号异常 军工ETF: All arrays must be of the same length
2026-07-24 23:42:12 | DEBUG | [20260724_234151] 信号异常 国防ETF: All arrays must be of the same length
2026-07-24 23:42:12 | DEBUG | [20260724_234151] 信号异常 稀土ETF: All arrays must be of the same length
2026-07-24 23:42:12 | DEBUG | [20260724_234151] 信号异常 有色金属ETF: All arrays must be of the same length
2026-07-24 23:42:12 | DEBUG | [20260724_234151] 信号异常 煤炭ETF: All arrays must be of the same length
2026-07-24 23:42:12 | DEBUG | [20260724_234151] 信号异常 化工ETF: All arrays must be of the same length
2026-07-24 23:42:12 | DEBUG | [20260724_234151] 信号异常 钢铁ETF: All arrays must be of the same length
2026-07-24 23:42:12 | DEBUG | [20260724_234151] 信号异常 油气ETF: All arrays must be of the same length
2026-07-24 23:42:12 | DEBUG | [20260724_234151] 信号异常 传媒ETF: All arrays must be of the same length
2026-07-24 23:42:12 | DEBUG | [20260724_234151] 信号异常 游戏ETF: All arrays must be of the same length
2026-07-24 23:42:12 | DEBUG | [20260724_234151] 信号异常 机器人ETF: All arrays must be of the same length
2026-07-24 23:42:12 | DEBUG | [20260724_234151] 信号异常 汽车ETF: All arrays must be of the same length
2026-07-24 23:42:12 | DEBUG | [20260724_234151] 信号异常 基建ETF: All arrays must be of the same length
2026-07-24 23:42:12 | DEBUG | [20260724_234151] 信号异常 红利ETF: All arrays must be of the same length
2026-07-24 23:42:12 | DEBUG | [20260724_234151] 信号异常 中证红利ETF: All arrays must be of the same length
2026-07-24 23:42:12 | WARNING | [20260724_234151] 2026-03-19 回测异常: Account.holdings_value() missing 1 required positional argument: 'prices'
2026-07-24 23:42:12 | DEBUG | [20260724_234151] 信号异常 中证500ETF: All arrays must be of the same length
2026-07-24 23:42:12 | DEBUG | [20260724_234151] 信号异常 中证1000ETF: All arrays must be of the same length
2026-07-24 23:42:12 | DEBUG | [20260724_234151] 信号异常 银行ETF: All arrays must be of the same length
2026-07-24 23:42:12 | DEBUG | [20260724_234151] 信号异常 券商ETF: All arrays must be of the same length
2026-07-24 23:42:12 | DEBUG | [20260724_234151] 信号异常 房地产ETF: All arrays must be of the same length
2026-07-24 23:42:12 | DEBUG | [20260724_234151] 信号异常 食品饮料ETF: All arrays must be of the same length
2026-07-24 23:42:12 | DEBUG | [20260724_234151] 信号异常 养殖ETF: All arrays must be of the same length
2026-07-24 23:42:12 | DEBUG | [20260724_234151] 信号异常 酒ETF: All arrays must be of the same length
2026-07-24 23:42:12 | DEBUG | [20260724_234151] 信号异常 家电ETF: All arrays must be of the same length
2026-07-24 23:42:12 | DEBUG | [20260724_234151] 信号异常 医药ETF: All arrays must be of the same length
2026-07-24 23:42:12 | DEBUG | [20260724_234151] 信号异常 创新药ETF: All arrays must be of the same length
2026-07-24 23:42:12 | DEBUG | [20260724_234151] 信号异常 医疗ETF: All arrays must be of the same length
2026-07-24 23:42:12 | DEBUG | [20260724_234151] 信号异常 计算机ETF: All arrays must be of the same length
2026-07-24 23:42:12 | DEBUG | [20260724_234151] 信号异常 人工智能ETF: All arrays must be of the same length
2026-07-24 23:42:12 | DEBUG | [20260724_234151] 信号异常 新能源车ETF: All arrays must be of the same length
2026-07-24 23:42:12 | DEBUG | [20260724_234151] 信号异常 电力ETF: All arrays must be of the same length
2026-07-24 23:42:12 | DEBUG | [20260724_234151] 信号异常 光伏ETF: All arrays must be of the same length
2026-07-24 23:42:12 | DEBUG | [20260724_234151] 信号异常 军工ETF: All arrays must be of the same length
2026-07-24 23:42:12 | DEBUG | [20260724_234151] 信号异常 国防ETF: All arrays must be of the same length
2026-07-24 23:42:12 | DEBUG | [20260724_234151] 信号异常 稀土ETF: All arrays must be of the same length
2026-07-24 23:42:12 | DEBUG | [20260724_234151] 信号异常 有色金属ETF: All arrays must be of the same length
2026-07-24 23:42:12 | DEBUG | [20260724_234151] 信号异常 煤炭ETF: All arrays must be of the same length
2026-07-24 23:42:12 | DEBUG | [20260724_234151] 信号异常 化工ETF: All arrays must be of the same length
2026-07-24 23:42:12 | DEBUG | [20260724_234151] 信号异常 钢铁ETF: All arrays must be of the same length
2026-07-24 23:42:12 | DEBUG | [20260724_234151] 信号异常 油气ETF: All arrays must be of the same length
2026-07-24 23:42:12 | DEBUG | [20260724_234151] 信号异常 传媒ETF: All arrays must be of the same length
2026-07-24 23:42:12 | DEBUG | [20260724_234151] 信号异常 游戏ETF: All arrays must be of the same length
2026-07-24 23:42:12 | DEBUG | [20260724_234151] 信号异常 机器人ETF: All arrays must be of the same length
2026-07-24 23:42:12 | DEBUG | [20260724_234151] 信号异常 汽车ETF: All arrays must be of the same length
2026-07-24 23:42:12 | DEBUG | [20260724_234151] 信号异常 基建ETF: All arrays must be of the same length
2026-07-24 23:42:12 | DEBUG | [20260724_234151] 信号异常 红利ETF: All arrays must be of the same length
2026-07-24 23:42:12 | DEBUG | [20260724_234151] 信号异常 中证红利ETF: All arrays must be of the same length
2026-07-24 23:42:12 | WARNING | [20260724_234151] 2026-03-20 回测异常: Account.holdings_value() missing 1 required positional argument: 'prices'
2026-07-24 23:42:12 | DEBUG | [20260724_234151] 信号异常 中证500ETF: All arrays must be of the same length
2026-07-24 23:42:12 | DEBUG | [20260724_234151] 信号异常 中证1000ETF: All arrays must be of the same length
2026-07-24 23:42:12 | DEBUG | [20260724_234151] 信号异常 银行ETF: All arrays must be of the same length
2026-07-24 23:42:12 | DEBUG | [20260724_234151] 信号异常 券商ETF: All arrays must be of the same length
2026-07-24 23:42:12 | DEBUG | [20260724_234151] 信号异常 房地产ETF: All arrays must be of the same length
2026-07-24 23:42:12 | DEBUG | [20260724_234151] 信号异常 食品饮料ETF: All arrays must be of the same length
2026-07-24 23:42:12 | DEBUG | [20260724_234151] 信号异常 养殖ETF: All arrays must be of the same length
2026-07-24 23:42:12 | DEBUG | [20260724_234151] 信号异常 酒ETF: All arrays must be of the same length
2026-07-24 23:42:12 | DEBUG | [20260724_234151] 信号异常 家电ETF: All arrays must be of the same length
2026-07-24 23:42:12 | DEBUG | [20260724_234151] 信号异常 医药ETF: All arrays must be of the same length
2026-07-24 23:42:12 | DEBUG | [20260724_234151] 信号异常 创新药ETF: All arrays must be of the same length
2026-07-24 23:42:12 | DEBUG | [20260724_234151] 信号异常 医疗ETF: All arrays must be of the same length
2026-07-24 23:42:12 | DEBUG | [20260724_234151] 信号异常 计算机ETF: All arrays must be of the same length
2026-07-24 23:42:12 | DEBUG | [20260724_234151] 信号异常 人工智能ETF: All arrays must be of the same length
2026-07-24 23:42:12 | DEBUG | [20260724_234151] 信号异常 新能源车ETF: All arrays must be of the same length
2026-07-24 23:42:12 | DEBUG | [20260724_234151] 信号异常 电力ETF: All arrays must be of the same length
2026-07-24 23:42:12 | DEBUG | [20260724_234151] 信号异常 光伏ETF: All arrays must be of the same length
2026-07-24 23:42:12 | DEBUG | [20260724_234151] 信号异常 军工ETF: All arrays must be of the same length
2026-07-24 23:42:12 | DEBUG | [20260724_234151] 信号异常 国防ETF: All arrays must be of the same length
2026-07-24 23:42:12 | DEBUG | [20260724_234151] 信号异常 稀土ETF: All arrays must be of the same length
2026-07-24 23:42:12 | DEBUG | [20260724_234151] 信号异常 有色金属ETF: All arrays must be of the same length
2026-07-24 23:42:13 | DEBUG | [20260724_234151] 信号异常 煤炭ETF: All arrays must be of the same length
2026-07-24 23:42:13 | DEBUG | [20260724_234151] 信号异常 化工ETF: All arrays must be of the same length
2026-07-24 23:42:13 | DEBUG | [20260724_234151] 信号异常 钢铁ETF: All arrays must be of the same length
2026-07-24 23:42:13 | DEBUG | [20260724_234151] 信号异常 油气ETF: All arrays must be of the same length
2026-07-24 23:42:13 | DEBUG | [20260724_234151] 信号异常 传媒ETF: All arrays must be of the same length
2026-07-24 23:42:13 | DEBUG | [20260724_234151] 信号异常 游戏ETF: All arrays must be of the same length
2026-07-24 23:42:13 | DEBUG | [20260724_234151] 信号异常 机器人ETF: All arrays must be of the same length
2026-07-24 23:42:13 | DEBUG | [20260724_234151] 信号异常 汽车ETF: All arrays must be of the same length
2026-07-24 23:42:13 | DEBUG | [20260724_234151] 信号异常 基建ETF: All arrays must be of the same length
2026-07-24 23:42:13 | DEBUG | [20260724_234151] 信号异常 红利ETF: All arrays must be of the same length
2026-07-24 23:42:13 | DEBUG | [20260724_234151] 信号异常 中证红利ETF: All arrays must be of the same length
2026-07-24 23:42:13 | WARNING | [20260724_234151] 2026-03-23 回测异常: Account.holdings_value() missing 1 required positional argument: 'prices'
2026-07-24 23:42:13 | DEBUG | [20260724_234151] 信号异常 中证500ETF: All arrays must be of the same length
2026-07-24 23:42:13 | DEBUG | [20260724_234151] 信号异常 中证1000ETF: All arrays must be of the same length
2026-07-24 23:42:13 | DEBUG | [20260724_234151] 信号异常 银行ETF: All arrays must be of the same length
2026-07-24 23:42:13 | DEBUG | [20260724_234151] 信号异常 券商ETF: All arrays must be of the same length
2026-07-24 23:42:13 | DEBUG | [20260724_234151] 信号异常 房地产ETF: All arrays must be of the same length
2026-07-24 23:42:13 | DEBUG | [20260724_234151] 信号异常 食品饮料ETF: All arrays must be of the same length
2026-07-24 23:42:13 | DEBUG | [20260724_234151] 信号异常 养殖ETF: All arrays must be of the same length
2026-07-24 23:42:13 | DEBUG | [20260724_234151] 信号异常 酒ETF: All arrays must be of the same length
2026-07-24 23:42:13 | DEBUG | [20260724_234151] 信号异常 家电ETF: All arrays must be of the same length
2026-07-24 23:42:13 | DEBUG | [20260724_234151] 信号异常 医药ETF: All arrays must be of the same length
2026-07-24 23:42:13 | DEBUG | [20260724_234151] 信号异常 创新药ETF: All arrays must be of the same length
2026-07-24 23:42:13 | DEBUG | [20260724_234151] 信号异常 医疗ETF: All arrays must be of the same length
2026-07-24 23:42:13 | DEBUG | [20260724_234151] 信号异常 计算机ETF: All arrays must be of the same length
2026-07-24 23:42:13 | DEBUG | [20260724_234151] 信号异常 人工智能ETF: All arrays must be of the same length
2026-07-24 23:42:13 | DEBUG | [20260724_234151] 信号异常 新能源车ETF: All arrays must be of the same length
2026-07-24 23:42:13 | DEBUG | [20260724_234151] 信号异常 电力ETF: All arrays must be of the same length
2026-07-24 23:42:13 | DEBUG | [20260724_234151] 信号异常 光伏ETF: All arrays must be of the same length
2026-07-24 23:42:13 | DEBUG | [20260724_234151] 信号异常 军工ETF: All arrays must be of the same length
2026-07-24 23:42:13 | DEBUG | [20260724_234151] 信号异常 国防ETF: All arrays must be of the same length
2026-07-24 23:42:13 | DEBUG | [20260724_234151] 信号异常 稀土ETF: All arrays must be of the same length
2026-07-24 23:42:13 | DEBUG | [20260724_234151] 信号异常 有色金属ETF: All arrays must be of the same length
2026-07-24 23:42:13 | DEBUG | [20260724_234151] 信号异常 煤炭ETF: All arrays must be of the same length
2026-07-24 23:42:13 | DEBUG | [20260724_234151] 信号异常 化工ETF: All arrays must be of the same length
2026-07-24 23:42:13 | DEBUG | [20260724_234151] 信号异常 钢铁ETF: All arrays must be of the same length
2026-07-24 23:42:13 | DEBUG | [20260724_234151] 信号异常 油气ETF: All arrays must be of the same length
2026-07-24 23:42:13 | DEBUG | [20260724_234151] 信号异常 传媒ETF: All arrays must be of the same length
2026-07-24 23:42:13 | DEBUG | [20260724_234151] 信号异常 游戏ETF: All arrays must be of the same length
2026-07-24 23:42:13 | DEBUG | [20260724_234151] 信号异常 机器人ETF: All arrays must be of the same length
2026-07-24 23:42:13 | DEBUG | [20260724_234151] 信号异常 汽车ETF: All arrays must be of the same length
2026-07-24 23:42:13 | DEBUG | [20260724_234151] 信号异常 基建ETF: All arrays must be of the same length
2026-07-24 23:42:13 | DEBUG | [20260724_234151] 信号异常 红利ETF: All arrays must be of the same length
2026-07-24 23:42:13 | DEBUG | [20260724_234151] 信号异常 中证红利ETF: All arrays must be of the same length
2026-07-24 23:42:13 | WARNING | [20260724_234151] 2026-03-24 回测异常: Account.holdings_value() missing 1 required positional argument: 'prices'
2026-07-24 23:42:13 | DEBUG | [20260724_234151] 信号异常 中证500ETF: All arrays must be of the same length
2026-07-24 23:42:13 | DEBUG | [20260724_234151] 信号异常 中证1000ETF: All arrays must be of the same length
2026-07-24 23:42:13 | DEBUG | [20260724_234151] 信号异常 银行ETF: All arrays must be of the same length
2026-07-24 23:42:13 | DEBUG | [20260724_234151] 信号异常 券商ETF: All arrays must be of the same length
2026-07-24 23:42:13 | DEBUG | [20260724_234151] 信号异常 房地产ETF: All arrays must be of the same length
2026-07-24 23:42:13 | DEBUG | [20260724_234151] 信号异常 食品饮料ETF: All arrays must be of the same length
2026-07-24 23:42:13 | DEBUG | [20260724_234151] 信号异常 养殖ETF: All arrays must be of the same length
2026-07-24 23:42:13 | DEBUG | [20260724_234151] 信号异常 酒ETF: All arrays must be of the same length
2026-07-24 23:42:13 | DEBUG | [20260724_234151] 信号异常 家电ETF: All arrays must be of the same length
2026-07-24 23:42:13 | DEBUG | [20260724_234151] 信号异常 医药ETF: All arrays must be of the same length
2026-07-24 23:42:13 | DEBUG | [20260724_234151] 信号异常 创新药ETF: All arrays must be of the same length
2026-07-24 23:42:13 | DEBUG | [20260724_234151] 信号异常 医疗ETF: All arrays must be of the same length
2026-07-24 23:42:13 | DEBUG | [20260724_234151] 信号异常 计算机ETF: All arrays must be of the same length
2026-07-24 23:42:13 | DEBUG | [20260724_234151] 信号异常 人工智能ETF: All arrays must be of the same length
2026-07-24 23:42:13 | DEBUG | [20260724_234151] 信号异常 新能源车ETF: All arrays must be of the same length
2026-07-24 23:42:13 | DEBUG | [20260724_234151] 信号异常 电力ETF: All arrays must be of the same length
2026-07-24 23:42:13 | DEBUG | [20260724_234151] 信号异常 光伏ETF: All arrays must be of the same length
2026-07-24 23:42:13 | DEBUG | [20260724_234151] 信号异常 军工ETF: All arrays must be of the same length
2026-07-24 23:42:13 | DEBUG | [20260724_234151] 信号异常 国防ETF: All arrays must be of the same length
2026-07-24 23:42:13 | DEBUG | [20260724_234151] 信号异常 稀土ETF: All arrays must be of the same length
2026-07-24 23:42:13 | DEBUG | [20260724_234151] 信号异常 有色金属ETF: All arrays must be of the same length
2026-07-24 23:42:13 | DEBUG | [20260724_234151] 信号异常 煤炭ETF: All arrays must be of the same length
2026-07-24 23:42:13 | DEBUG | [20260724_234151] 信号异常 化工ETF: All arrays must be of the same length
2026-07-24 23:42:13 | DEBUG | [20260724_234151] 信号异常 钢铁ETF: All arrays must be of the same length
2026-07-24 23:42:13 | DEBUG | [20260724_234151] 信号异常 油气ETF: All arrays must be of the same length
2026-07-24 23:42:13 | DEBUG | [20260724_234151] 信号异常 传媒ETF: All arrays must be of the same length
2026-07-24 23:42:13 | DEBUG | [20260724_234151] 信号异常 游戏ETF: All arrays must be of the same length
2026-07-24 23:42:13 | DEBUG | [20260724_234151] 信号异常 机器人ETF: All arrays must be of the same length
2026-07-24 23:42:13 | DEBUG | [20260724_234151] 信号异常 汽车ETF: All arrays must be of the same length
2026-07-24 23:42:13 | DEBUG | [20260724_234151] 信号异常 基建ETF: All arrays must be of the same length
2026-07-24 23:42:13 | DEBUG | [20260724_234151] 信号异常 红利ETF: All arrays must be of the same length
2026-07-24 23:42:13 | DEBUG | [20260724_234151] 信号异常 中证红利ETF: All arrays must be of the same length
2026-07-24 23:42:13 | WARNING | [20260724_234151] 2026-03-25 回测异常: Account.holdings_value() missing 1 required positional argument: 'prices'
2026-07-24 23:42:13 | DEBUG | [20260724_234151] 信号异常 中证500ETF: All arrays must be of the same length
2026-07-24 23:42:13 | DEBUG | [20260724_234151] 信号异常 中证1000ETF: All arrays must be of the same length
2026-07-24 23:42:13 | DEBUG | [20260724_234151] 信号异常 银行ETF: All arrays must be of the same length
2026-07-24 23:42:13 | DEBUG | [20260724_234151] 信号异常 券商ETF: All arrays must be of the same length
2026-07-24 23:42:13 | DEBUG | [20260724_234151] 信号异常 房地产ETF: All arrays must be of the same length
2026-07-24 23:42:13 | DEBUG | [20260724_234151] 信号异常 食品饮料ETF: All arrays must be of the same length
2026-07-24 23:42:13 | DEBUG | [20260724_234151] 信号异常 养殖ETF: All arrays must be of the same length
2026-07-24 23:42:13 | DEBUG | [20260724_234151] 信号异常 酒ETF: All arrays must be of the same length
2026-07-24 23:42:13 | DEBUG | [20260724_234151] 信号异常 家电ETF: All arrays must be of the same length
2026-07-24 23:42:13 | DEBUG | [20260724_234151] 信号异常 医药ETF: All arrays must be of the same length
2026-07-24 23:42:13 | DEBUG | [20260724_234151] 信号异常 创新药ETF: All arrays must be of the same length
2026-07-24 23:42:13 | DEBUG | [20260724_234151] 信号异常 医疗ETF: All arrays must be of the same length
2026-07-24 23:42:13 | DEBUG | [20260724_234151] 信号异常 计算机ETF: All arrays must be of the same length
2026-07-24 23:42:13 | DEBUG | [20260724_234151] 信号异常 人工智能ETF: All arrays must be of the same length
2026-07-24 23:42:13 | DEBUG | [20260724_234151] 信号异常 新能源车ETF: All arrays must be of the same length
2026-07-24 23:42:13 | DEBUG | [20260724_234151] 信号异常 电力ETF: All arrays must be of the same length
2026-07-24 23:42:13 | DEBUG | [20260724_234151] 信号异常 光伏ETF: All arrays must be of the same length
2026-07-24 23:42:13 | DEBUG | [20260724_234151] 信号异常 军工ETF: All arrays must be of the same length
2026-07-24 23:42:13 | DEBUG | [20260724_234151] 信号异常 国防ETF: All arrays must be of the same length
2026-07-24 23:42:13 | DEBUG | [20260724_234151] 信号异常 稀土ETF: All arrays must be of the same length
2026-07-24 23:42:13 | DEBUG | [20260724_234151] 信号异常 有色金属ETF: All arrays must be of the same length
2026-07-24 23:42:13 | DEBUG | [20260724_234151] 信号异常 煤炭ETF: All arrays must be of the same length
2026-07-24 23:42:13 | DEBUG | [20260724_234151] 信号异常 化工ETF: All arrays must be of the same length
2026-07-24 23:42:13 | DEBUG | [20260724_234151] 信号异常 钢铁ETF: All arrays must be of the same length
2026-07-24 23:42:13 | DEBUG | [20260724_234151] 信号异常 油气ETF: All arrays must be of the same length
2026-07-24 23:42:13 | DEBUG | [20260724_234151] 信号异常 传媒ETF: All arrays must be of the same length
2026-07-24 23:42:13 | DEBUG | [20260724_234151] 信号异常 游戏ETF: All arrays must be of the same length
2026-07-24 23:42:13 | DEBUG | [20260724_234151] 信号异常 机器人ETF: All arrays must be of the same length
2026-07-24 23:42:13 | DEBUG | [20260724_234151] 信号异常 汽车ETF: All arrays must be of the same length
2026-07-24 23:42:13 | DEBUG | [20260724_234151] 信号异常 基建ETF: All arrays must be of the same length
2026-07-24 23:42:13 | DEBUG | [20260724_234151] 信号异常 红利ETF: All arrays must be of the same length
2026-07-24 23:42:13 | DEBUG | [20260724_234151] 信号异常 中证红利ETF: All arrays must be of the same length
2026-07-24 23:42:13 | WARNING | [20260724_234151] 2026-03-26 回测异常: Account.holdings_value() missing 1 required positional argument: 'prices'
2026-07-24 23:42:13 | DEBUG | [20260724_234151] 信号异常 中证500ETF: All arrays must be of the same length
2026-07-24 23:42:13 | DEBUG | [20260724_234151] 信号异常 中证1000ETF: All arrays must be of the same length
2026-07-24 23:42:13 | DEBUG | [20260724_234151] 信号异常 银行ETF: All arrays must be of the same length
2026-07-24 23:42:13 | DEBUG | [20260724_234151] 信号异常 券商ETF: All arrays must be of the same length
2026-07-24 23:42:13 | DEBUG | [20260724_234151] 信号异常 房地产ETF: All arrays must be of the same length
2026-07-24 23:42:13 | DEBUG | [20260724_234151] 信号异常 食品饮料ETF: All arrays must be of the same length
2026-07-24 23:42:13 | DEBUG | [20260724_234151] 信号异常 养殖ETF: All arrays must be of the same length
2026-07-24 23:42:13 | DEBUG | [20260724_234151] 信号异常 酒ETF: All arrays must be of the same length
2026-07-24 23:42:13 | DEBUG | [20260724_234151] 信号异常 家电ETF: All arrays must be of the same length
2026-07-24 23:42:13 | DEBUG | [20260724_234151] 信号异常 医药ETF: All arrays must be of the same length
2026-07-24 23:42:13 | DEBUG | [20260724_234151] 信号异常 创新药ETF: All arrays must be of the same length
2026-07-24 23:42:13 | DEBUG | [20260724_234151] 信号异常 医疗ETF: All arrays must be of the same length
2026-07-24 23:42:13 | DEBUG | [20260724_234151] 信号异常 计算机ETF: All arrays must be of the same length
2026-07-24 23:42:13 | DEBUG | [20260724_234151] 信号异常 人工智能ETF: All arrays must be of the same length
2026-07-24 23:42:13 | DEBUG | [20260724_234151] 信号异常 新能源车ETF: All arrays must be of the same length
2026-07-24 23:42:13 | DEBUG | [20260724_234151] 信号异常 电力ETF: All arrays must be of the same length
2026-07-24 23:42:13 | DEBUG | [20260724_234151] 信号异常 光伏ETF: All arrays must be of the same length
2026-07-24 23:42:13 | DEBUG | [20260724_234151] 信号异常 军工ETF: All arrays must be of the same length
2026-07-24 23:42:13 | DEBUG | [20260724_234151] 信号异常 国防ETF: All arrays must be of the same length
2026-07-24 23:42:13 | DEBUG | [20260724_234151] 信号异常 稀土ETF: All arrays must be of the same length
2026-07-24 23:42:13 | DEBUG | [20260724_234151] 信号异常 有色金属ETF: All arrays must be of the same length
2026-07-24 23:42:13 | DEBUG | [20260724_234151] 信号异常 煤炭ETF: All arrays must be of the same length
2026-07-24 23:42:13 | DEBUG | [20260724_234151] 信号异常 化工ETF: All arrays must be of the same length
2026-07-24 23:42:13 | DEBUG | [20260724_234151] 信号异常 钢铁ETF: All arrays must be of the same length
2026-07-24 23:42:13 | DEBUG | [20260724_234151] 信号异常 油气ETF: All arrays must be of the same length
2026-07-24 23:42:13 | DEBUG | [20260724_234151] 信号异常 传媒ETF: All arrays must be of the same length
2026-07-24 23:42:13 | DEBUG | [20260724_234151] 信号异常 游戏ETF: All arrays must be of the same length
2026-07-24 23:42:13 | DEBUG | [20260724_234151] 信号异常 机器人ETF: All arrays must be of the same length
2026-07-24 23:42:13 | DEBUG | [20260724_234151] 信号异常 汽车ETF: All arrays must be of the same length
2026-07-24 23:42:13 | DEBUG | [20260724_234151] 信号异常 基建ETF: All arrays must be of the same length
2026-07-24 23:42:13 | DEBUG | [20260724_234151] 信号异常 红利ETF: All arrays must be of the same length
2026-07-24 23:42:13 | DEBUG | [20260724_234151] 信号异常 中证红利ETF: All arrays must be of the same length
2026-07-24 23:42:13 | WARNING | [20260724_234151] 2026-03-27 回测异常: Account.holdings_value() missing 1 required positional argument: 'prices'
2026-07-24 23:42:13 | DEBUG | [20260724_234151] 信号异常 中证500ETF: All arrays must be of the same length
2026-07-24 23:42:13 | DEBUG | [20260724_234151] 信号异常 中证1000ETF: All arrays must be of the same length
2026-07-24 23:42:13 | DEBUG | [20260724_234151] 信号异常 银行ETF: All arrays must be of the same length
2026-07-24 23:42:13 | DEBUG | [20260724_234151] 信号异常 券商ETF: All arrays must be of the same length
2026-07-24 23:42:13 | DEBUG | [20260724_234151] 信号异常 房地产ETF: All arrays must be of the same length
2026-07-24 23:42:13 | DEBUG | [20260724_234151] 信号异常 食品饮料ETF: All arrays must be of the same length
2026-07-24 23:42:13 | DEBUG | [20260724_234151] 信号异常 养殖ETF: All arrays must be of the same length
2026-07-24 23:42:13 | DEBUG | [20260724_234151] 信号异常 酒ETF: All arrays must be of the same length
2026-07-24 23:42:13 | DEBUG | [20260724_234151] 信号异常 家电ETF: All arrays must be of the same length
2026-07-24 23:42:13 | DEBUG | [20260724_234151] 信号异常 医药ETF: All arrays must be of the same length
2026-07-24 23:42:13 | DEBUG | [20260724_234151] 信号异常 创新药ETF: All arrays must be of the same length
2026-07-24 23:42:13 | DEBUG | [20260724_234151] 信号异常 医疗ETF: All arrays must be of the same length
2026-07-24 23:42:13 | DEBUG | [20260724_234151] 信号异常 计算机ETF: All arrays must be of the same length
2026-07-24 23:42:13 | DEBUG | [20260724_234151] 信号异常 人工智能ETF: All arrays must be of the same length
2026-07-24 23:42:13 | DEBUG | [20260724_234151] 信号异常 新能源车ETF: All arrays must be of the same length
2026-07-24 23:42:13 | DEBUG | [20260724_234151] 信号异常 电力ETF: All arrays must be of the same length
2026-07-24 23:42:13 | DEBUG | [20260724_234151] 信号异常 光伏ETF: All arrays must be of the same length
2026-07-24 23:42:13 | DEBUG | [20260724_234151] 信号异常 军工ETF: All arrays must be of the same length
2026-07-24 23:42:13 | DEBUG | [20260724_234151] 信号异常 国防ETF: All arrays must be of the same length
2026-07-24 23:42:13 | DEBUG | [20260724_234151] 信号异常 稀土ETF: All arrays must be of the same length
2026-07-24 23:42:13 | DEBUG | [20260724_234151] 信号异常 有色金属ETF: All arrays must be of the same length
2026-07-24 23:42:13 | DEBUG | [20260724_234151] 信号异常 煤炭ETF: All arrays must be of the same length
2026-07-24 23:42:13 | DEBUG | [20260724_234151] 信号异常 化工ETF: All arrays must be of the same length
2026-07-24 23:42:13 | DEBUG | [20260724_234151] 信号异常 钢铁ETF: All arrays must be of the same length
2026-07-24 23:42:13 | DEBUG | [20260724_234151] 信号异常 油气ETF: All arrays must be of the same length
2026-07-24 23:42:13 | DEBUG | [20260724_234151] 信号异常 传媒ETF: All arrays must be of the same length
2026-07-24 23:42:13 | DEBUG | [20260724_234151] 信号异常 游戏ETF: All arrays must be of the same length
2026-07-24 23:42:13 | DEBUG | [20260724_234151] 信号异常 机器人ETF: All arrays must be of the same length
2026-07-24 23:42:13 | DEBUG | [20260724_234151] 信号异常 汽车ETF: All arrays must be of the same length
2026-07-24 23:42:13 | DEBUG | [20260724_234151] 信号异常 基建ETF: All arrays must be of the same length
2026-07-24 23:42:13 | DEBUG | [20260724_234151] 信号异常 红利ETF: All arrays must be of the same length
2026-07-24 23:42:13 | DEBUG | [20260724_234151] 信号异常 中证红利ETF: All arrays must be of the same length
2026-07-24 23:42:13 | WARNING | [20260724_234151] 2026-03-30 回测异常: Account.holdings_value() missing 1 required positional argument: 'prices'
2026-07-24 23:42:13 | DEBUG | [20260724_234151] 信号异常 中证500ETF: All arrays must be of the same length
2026-07-24 23:42:13 | DEBUG | [20260724_234151] 信号异常 中证1000ETF: All arrays must be of the same length
2026-07-24 23:42:13 | DEBUG | [20260724_234151] 信号异常 银行ETF: All arrays must be of the same length
2026-07-24 23:42:13 | DEBUG | [20260724_234151] 信号异常 券商ETF: All arrays must be of the same length
2026-07-24 23:42:13 | DEBUG | [20260724_234151] 信号异常 房地产ETF: All arrays must be of the same length
2026-07-24 23:42:13 | DEBUG | [20260724_234151] 信号异常 食品饮料ETF: All arrays must be of the same length
2026-07-24 23:42:13 | DEBUG | [20260724_234151] 信号异常 养殖ETF: All arrays must be of the same length
2026-07-24 23:42:13 | DEBUG | [20260724_234151] 信号异常 酒ETF: All arrays must be of the same length
2026-07-24 23:42:13 | DEBUG | [20260724_234151] 信号异常 家电ETF: All arrays must be of the same length
2026-07-24 23:42:13 | DEBUG | [20260724_234151] 信号异常 医药ETF: All arrays must be of the same length
2026-07-24 23:42:13 | DEBUG | [20260724_234151] 信号异常 创新药ETF: All arrays must be of the same length
2026-07-24 23:42:13 | DEBUG | [20260724_234151] 信号异常 医疗ETF: All arrays must be of the same length
2026-07-24 23:42:13 | DEBUG | [20260724_234151] 信号异常 计算机ETF: All arrays must be of the same length
2026-07-24 23:42:13 | DEBUG | [20260724_234151] 信号异常 人工智能ETF: All arrays must be of the same length
2026-07-24 23:42:13 | DEBUG | [20260724_234151] 信号异常 新能源车ETF: All arrays must be of the same length
2026-07-24 23:42:13 | DEBUG | [20260724_234151] 信号异常 电力ETF: All arrays must be of the same length
2026-07-24 23:42:13 | DEBUG | [20260724_234151] 信号异常 光伏ETF: All arrays must be of the same length
2026-07-24 23:42:13 | DEBUG | [20260724_234151] 信号异常 军工ETF: All arrays must be of the same length
2026-07-24 23:42:13 | DEBUG | [20260724_234151] 信号异常 国防ETF: All arrays must be of the same length
2026-07-24 23:42:13 | DEBUG | [20260724_234151] 信号异常 稀土ETF: All arrays must be of the same length
2026-07-24 23:42:13 | DEBUG | [20260724_234151] 信号异常 有色金属ETF: All arrays must be of the same length
2026-07-24 23:42:13 | DEBUG | [20260724_234151] 信号异常 煤炭ETF: All arrays must be of the same length
2026-07-24 23:42:13 | DEBUG | [20260724_234151] 信号异常 化工ETF: All arrays must be of the same length
2026-07-24 23:42:13 | DEBUG | [20260724_234151] 信号异常 钢铁ETF: All arrays must be of the same length
2026-07-24 23:42:13 | DEBUG | [20260724_234151] 信号异常 油气ETF: All arrays must be of the same length
2026-07-24 23:42:13 | DEBUG | [20260724_234151] 信号异常 传媒ETF: All arrays must be of the same length
2026-07-24 23:42:13 | DEBUG | [20260724_234151] 信号异常 游戏ETF: All arrays must be of the same length
2026-07-24 23:42:13 | DEBUG | [20260724_234151] 信号异常 机器人ETF: All arrays must be of the same length
2026-07-24 23:42:13 | DEBUG | [20260724_234151] 信号异常 汽车ETF: All arrays must be of the same length
2026-07-24 23:42:13 | DEBUG | [20260724_234151] 信号异常 基建ETF: All arrays must be of the same length
2026-07-24 23:42:13 | DEBUG | [20260724_234151] 信号异常 红利ETF: All arrays must be of the same length
2026-07-24 23:42:13 | DEBUG | [20260724_234151] 信号异常 中证红利ETF: All arrays must be of the same length
2026-07-24 23:42:13 | WARNING | [20260724_234151] 2026-03-31 回测异常: Account.holdings_value() missing 1 required positional argument: 'prices'
2026-07-24 23:42:13 | DEBUG | [20260724_234151] 信号异常 中证500ETF: All arrays must be of the same length
2026-07-24 23:42:13 | DEBUG | [20260724_234151] 信号异常 中证1000ETF: All arrays must be of the same length
2026-07-24 23:42:13 | DEBUG | [20260724_234151] 信号异常 银行ETF: All arrays must be of the same length
2026-07-24 23:42:13 | DEBUG | [20260724_234151] 信号异常 券商ETF: All arrays must be of the same length
2026-07-24 23:42:13 | DEBUG | [20260724_234151] 信号异常 房地产ETF: All arrays must be of the same length
2026-07-24 23:42:13 | DEBUG | [20260724_234151] 信号异常 食品饮料ETF: All arrays must be of the same length
2026-07-24 23:42:13 | DEBUG | [20260724_234151] 信号异常 养殖ETF: All arrays must be of the same length
2026-07-24 23:42:13 | DEBUG | [20260724_234151] 信号异常 酒ETF: All arrays must be of the same length
2026-07-24 23:42:13 | DEBUG | [20260724_234151] 信号异常 家电ETF: All arrays must be of the same length
2026-07-24 23:42:13 | DEBUG | [20260724_234151] 信号异常 医药ETF: All arrays must be of the same length
2026-07-24 23:42:13 | DEBUG | [20260724_234151] 信号异常 创新药ETF: All arrays must be of the same length
2026-07-24 23:42:13 | DEBUG | [20260724_234151] 信号异常 医疗ETF: All arrays must be of the same length
2026-07-24 23:42:13 | DEBUG | [20260724_234151] 信号异常 计算机ETF: All arrays must be of the same length
2026-07-24 23:42:13 | DEBUG | [20260724_234151] 信号异常 人工智能ETF: All arrays must be of the same length
2026-07-24 23:42:13 | DEBUG | [20260724_234151] 信号异常 新能源车ETF: All arrays must be of the same length
2026-07-24 23:42:13 | DEBUG | [20260724_234151] 信号异常 电力ETF: All arrays must be of the same length
2026-07-24 23:42:13 | DEBUG | [20260724_234151] 信号异常 光伏ETF: All arrays must be of the same length
2026-07-24 23:42:13 | DEBUG | [20260724_234151] 信号异常 军工ETF: All arrays must be of the same length
2026-07-24 23:42:13 | DEBUG | [20260724_234151] 信号异常 国防ETF: All arrays must be of the same length
2026-07-24 23:42:13 | DEBUG | [20260724_234151] 信号异常 稀土ETF: All arrays must be of the same length
2026-07-24 23:42:13 | DEBUG | [20260724_234151] 信号异常 有色金属ETF: All arrays must be of the same length
2026-07-24 23:42:13 | DEBUG | [20260724_234151] 信号异常 煤炭ETF: All arrays must be of the same length
2026-07-24 23:42:13 | DEBUG | [20260724_234151] 信号异常 化工ETF: All arrays must be of the same length
2026-07-24 23:42:13 | DEBUG | [20260724_234151] 信号异常 钢铁ETF: All arrays must be of the same length
2026-07-24 23:42:13 | DEBUG | [20260724_234151] 信号异常 油气ETF: All arrays must be of the same length
2026-07-24 23:42:13 | DEBUG | [20260724_234151] 信号异常 传媒ETF: All arrays must be of the same length
2026-07-24 23:42:13 | DEBUG | [20260724_234151] 信号异常 游戏ETF: All arrays must be of the same length
2026-07-24 23:42:13 | DEBUG | [20260724_234151] 信号异常 机器人ETF: All arrays must be of the same length
2026-07-24 23:42:13 | DEBUG | [20260724_234151] 信号异常 汽车ETF: All arrays must be of the same length
2026-07-24 23:42:13 | DEBUG | [20260724_234151] 信号异常 基建ETF: All arrays must be of the same length
2026-07-24 23:42:13 | DEBUG | [20260724_234151] 信号异常 红利ETF: All arrays must be of the same length
2026-07-24 23:42:13 | DEBUG | [20260724_234151] 信号异常 中证红利ETF: All arrays must be of the same length
2026-07-24 23:42:13 | WARNING | [20260724_234151] 2026-04-01 回测异常: Account.holdings_value() missing 1 required positional argument: 'prices'
2026-07-24 23:42:13 | DEBUG | [20260724_234151] 信号异常 中证500ETF: All arrays must be of the same length
2026-07-24 23:42:13 | DEBUG | [20260724_234151] 信号异常 中证1000ETF: All arrays must be of the same length
2026-07-24 23:42:13 | DEBUG | [20260724_234151] 信号异常 银行ETF: All arrays must be of the same length
2026-07-24 23:42:13 | DEBUG | [20260724_234151] 信号异常 券商ETF: All arrays must be of the same length
2026-07-24 23:42:13 | DEBUG | [20260724_234151] 信号异常 房地产ETF: All arrays must be of the same length
2026-07-24 23:42:13 | DEBUG | [20260724_234151] 信号异常 食品饮料ETF: All arrays must be of the same length
2026-07-24 23:42:13 | DEBUG | [20260724_234151] 信号异常 养殖ETF: All arrays must be of the same length
2026-07-24 23:42:13 | DEBUG | [20260724_234151] 信号异常 酒ETF: All arrays must be of the same length
2026-07-24 23:42:13 | DEBUG | [20260724_234151] 信号异常 家电ETF: All arrays must be of the same length
2026-07-24 23:42:13 | DEBUG | [20260724_234151] 信号异常 医药ETF: All arrays must be of the same length
2026-07-24 23:42:13 | DEBUG | [20260724_234151] 信号异常 创新药ETF: All arrays must be of the same length
2026-07-24 23:42:13 | DEBUG | [20260724_234151] 信号异常 医疗ETF: All arrays must be of the same length
2026-07-24 23:42:13 | DEBUG | [20260724_234151] 信号异常 计算机ETF: All arrays must be of the same length
2026-07-24 23:42:13 | DEBUG | [20260724_234151] 信号异常 人工智能ETF: All arrays must be of the same length
2026-07-24 23:42:13 | DEBUG | [20260724_234151] 信号异常 新能源车ETF: All arrays must be of the same length
2026-07-24 23:42:13 | DEBUG | [20260724_234151] 信号异常 电力ETF: All arrays must be of the same length
2026-07-24 23:42:13 | DEBUG | [20260724_234151] 信号异常 光伏ETF: All arrays must be of the same length
2026-07-24 23:42:13 | DEBUG | [20260724_234151] 信号异常 军工ETF: All arrays must be of the same length
2026-07-24 23:42:13 | DEBUG | [20260724_234151] 信号异常 国防ETF: All arrays must be of the same length
2026-07-24 23:42:13 | DEBUG | [20260724_234151] 信号异常 稀土ETF: All arrays must be of the same length
2026-07-24 23:42:13 | DEBUG | [20260724_234151] 信号异常 有色金属ETF: All arrays must be of the same length
2026-07-24 23:42:13 | DEBUG | [20260724_234151] 信号异常 煤炭ETF: All arrays must be of the same length
2026-07-24 23:42:13 | DEBUG | [20260724_234151] 信号异常 化工ETF: All arrays must be of the same length
2026-07-24 23:42:13 | DEBUG | [20260724_234151] 信号异常 钢铁ETF: All arrays must be of the same length
2026-07-24 23:42:13 | DEBUG | [20260724_234151] 信号异常 油气ETF: All arrays must be of the same length
2026-07-24 23:42:13 | DEBUG | [20260724_234151] 信号异常 传媒ETF: All arrays must be of the same length
2026-07-24 23:42:13 | DEBUG | [20260724_234151] 信号异常 游戏ETF: All arrays must be of the same length
2026-07-24 23:42:13 | DEBUG | [20260724_234151] 信号异常 机器人ETF: All arrays must be of the same length
2026-07-24 23:42:13 | DEBUG | [20260724_234151] 信号异常 汽车ETF: All arrays must be of the same length
2026-07-24 23:42:13 | DEBUG | [20260724_234151] 信号异常 基建ETF: All arrays must be of the same length
2026-07-24 23:42:13 | DEBUG | [20260724_234151] 信号异常 红利ETF: All arrays must be of the same length
2026-07-24 23:42:13 | DEBUG | [20260724_234151] 信号异常 中证红利ETF: All arrays must be of the same length
2026-07-24 23:42:13 | WARNING | [20260724_234151] 2026-04-02 回测异常: Account.holdings_value() missing 1 required positional argument: 'prices'
2026-07-24 23:42:13 | DEBUG | [20260724_234151] 信号异常 中证500ETF: All arrays must be of the same length
2026-07-24 23:42:13 | DEBUG | [20260724_234151] 信号异常 中证1000ETF: All arrays must be of the same length
2026-07-24 23:42:13 | DEBUG | [20260724_234151] 信号异常 银行ETF: All arrays must be of the same length
2026-07-24 23:42:13 | DEBUG | [20260724_234151] 信号异常 券商ETF: All arrays must be of the same length
2026-07-24 23:42:13 | DEBUG | [20260724_234151] 信号异常 房地产ETF: All arrays must be of the same length
2026-07-24 23:42:13 | DEBUG | [20260724_234151] 信号异常 食品饮料ETF: All arrays must be of the same length
2026-07-24 23:42:13 | DEBUG | [20260724_234151] 信号异常 养殖ETF: All arrays must be of the same length
2026-07-24 23:42:13 | DEBUG | [20260724_234151] 信号异常 酒ETF: All arrays must be of the same length
2026-07-24 23:42:13 | DEBUG | [20260724_234151] 信号异常 家电ETF: All arrays must be of the same length
2026-07-24 23:42:13 | DEBUG | [20260724_234151] 信号异常 医药ETF: All arrays must be of the same length
2026-07-24 23:42:13 | DEBUG | [20260724_234151] 信号异常 创新药ETF: All arrays must be of the same length
2026-07-24 23:42:13 | DEBUG | [20260724_234151] 信号异常 医疗ETF: All arrays must be of the same length
2026-07-24 23:42:13 | DEBUG | [20260724_234151] 信号异常 计算机ETF: All arrays must be of the same length
2026-07-24 23:42:13 | DEBUG | [20260724_234151] 信号异常 人工智能ETF: All arrays must be of the same length
2026-07-24 23:42:13 | DEBUG | [20260724_234151] 信号异常 新能源车ETF: All arrays must be of the same length
2026-07-24 23:42:13 | DEBUG | [20260724_234151] 信号异常 电力ETF: All arrays must be of the same length
2026-07-24 23:42:13 | DEBUG | [20260724_234151] 信号异常 光伏ETF: All arrays must be of the same length
2026-07-24 23:42:13 | DEBUG | [20260724_234151] 信号异常 军工ETF: All arrays must be of the same length
2026-07-24 23:42:13 | DEBUG | [20260724_234151] 信号异常 国防ETF: All arrays must be of the same length
2026-07-24 23:42:13 | DEBUG | [20260724_234151] 信号异常 稀土ETF: All arrays must be of the same length
2026-07-24 23:42:13 | DEBUG | [20260724_234151] 信号异常 有色金属ETF: All arrays must be of the same length
2026-07-24 23:42:13 | DEBUG | [20260724_234151] 信号异常 煤炭ETF: All arrays must be of the same length
2026-07-24 23:42:13 | DEBUG | [20260724_234151] 信号异常 化工ETF: All arrays must be of the same length
2026-07-24 23:42:13 | DEBUG | [20260724_234151] 信号异常 钢铁ETF: All arrays must be of the same length
2026-07-24 23:42:13 | DEBUG | [20260724_234151] 信号异常 油气ETF: All arrays must be of the same length
2026-07-24 23:42:13 | DEBUG | [20260724_234151] 信号异常 传媒ETF: All arrays must be of the same length
2026-07-24 23:42:13 | DEBUG | [20260724_234151] 信号异常 游戏ETF: All arrays must be of the same length
2026-07-24 23:42:13 | DEBUG | [20260724_234151] 信号异常 机器人ETF: All arrays must be of the same length
2026-07-24 23:42:13 | DEBUG | [20260724_234151] 信号异常 汽车ETF: All arrays must be of the same length
2026-07-24 23:42:13 | DEBUG | [20260724_234151] 信号异常 基建ETF: All arrays must be of the same length
2026-07-24 23:42:13 | DEBUG | [20260724_234151] 信号异常 红利ETF: All arrays must be of the same length
2026-07-24 23:42:13 | DEBUG | [20260724_234151] 信号异常 中证红利ETF: All arrays must be of the same length
2026-07-24 23:42:13 | WARNING | [20260724_234151] 2026-04-03 回测异常: Account.holdings_value() missing 1 required positional argument: 'prices'
2026-07-24 23:42:13 | DEBUG | [20260724_234151] 信号异常 中证500ETF: All arrays must be of the same length
2026-07-24 23:42:13 | DEBUG | [20260724_234151] 信号异常 中证1000ETF: All arrays must be of the same length
2026-07-24 23:42:13 | DEBUG | [20260724_234151] 信号异常 银行ETF: All arrays must be of the same length
2026-07-24 23:42:13 | DEBUG | [20260724_234151] 信号异常 券商ETF: All arrays must be of the same length
2026-07-24 23:42:13 | DEBUG | [20260724_234151] 信号异常 房地产ETF: All arrays must be of the same length
2026-07-24 23:42:13 | DEBUG | [20260724_234151] 信号异常 食品饮料ETF: All arrays must be of the same length
2026-07-24 23:42:13 | DEBUG | [20260724_234151] 信号异常 养殖ETF: All arrays must be of the same length
2026-07-24 23:42:13 | DEBUG | [20260724_234151] 信号异常 酒ETF: All arrays must be of the same length
2026-07-24 23:42:13 | DEBUG | [20260724_234151] 信号异常 家电ETF: All arrays must be of the same length
2026-07-24 23:42:13 | DEBUG | [20260724_234151] 信号异常 医药ETF: All arrays must be of the same length
2026-07-24 23:42:13 | DEBUG | [20260724_234151] 信号异常 创新药ETF: All arrays must be of the same length
2026-07-24 23:42:13 | DEBUG | [20260724_234151] 信号异常 医疗ETF: All arrays must be of the same length
2026-07-24 23:42:13 | DEBUG | [20260724_234151] 信号异常 计算机ETF: All arrays must be of the same length
2026-07-24 23:42:13 | DEBUG | [20260724_234151] 信号异常 人工智能ETF: All arrays must be of the same length
2026-07-24 23:42:13 | DEBUG | [20260724_234151] 信号异常 新能源车ETF: All arrays must be of the same length
2026-07-24 23:42:13 | DEBUG | [20260724_234151] 信号异常 电力ETF: All arrays must be of the same length
2026-07-24 23:42:13 | DEBUG | [20260724_234151] 信号异常 光伏ETF: All arrays must be of the same length
2026-07-24 23:42:13 | DEBUG | [20260724_234151] 信号异常 军工ETF: All arrays must be of the same length
2026-07-24 23:42:13 | DEBUG | [20260724_234151] 信号异常 国防ETF: All arrays must be of the same length
2026-07-24 23:42:13 | DEBUG | [20260724_234151] 信号异常 稀土ETF: All arrays must be of the same length
2026-07-24 23:42:13 | DEBUG | [20260724_234151] 信号异常 有色金属ETF: All arrays must be of the same length
2026-07-24 23:42:13 | DEBUG | [20260724_234151] 信号异常 煤炭ETF: All arrays must be of the same length
2026-07-24 23:42:13 | DEBUG | [20260724_234151] 信号异常 化工ETF: All arrays must be of the same length
2026-07-24 23:42:13 | DEBUG | [20260724_234151] 信号异常 钢铁ETF: All arrays must be of the same length
2026-07-24 23:42:13 | DEBUG | [20260724_234151] 信号异常 油气ETF: All arrays must be of the same length
2026-07-24 23:42:13 | DEBUG | [20260724_234151] 信号异常 传媒ETF: All arrays must be of the same length
2026-07-24 23:42:13 | DEBUG | [20260724_234151] 信号异常 游戏ETF: All arrays must be of the same length
2026-07-24 23:42:13 | DEBUG | [20260724_234151] 信号异常 机器人ETF: All arrays must be of the same length
2026-07-24 23:42:13 | DEBUG | [20260724_234151] 信号异常 汽车ETF: All arrays must be of the same length
2026-07-24 23:42:13 | DEBUG | [20260724_234151] 信号异常 基建ETF: All arrays must be of the same length
2026-07-24 23:42:13 | DEBUG | [20260724_234151] 信号异常 红利ETF: All arrays must be of the same length
2026-07-24 23:42:13 | DEBUG | [20260724_234151] 信号异常 中证红利ETF: All arrays must be of the same length
2026-07-24 23:42:13 | WARNING | [20260724_234151] 2026-04-07 回测异常: Account.holdings_value() missing 1 required positional argument: 'prices'
2026-07-24 23:42:13 | DEBUG | [20260724_234151] 信号异常 中证500ETF: All arrays must be of the same length
2026-07-24 23:42:13 | DEBUG | [20260724_234151] 信号异常 中证1000ETF: All arrays must be of the same length
2026-07-24 23:42:13 | DEBUG | [20260724_234151] 信号异常 银行ETF: All arrays must be of the same length
2026-07-24 23:42:13 | DEBUG | [20260724_234151] 信号异常 券商ETF: All arrays must be of the same length
2026-07-24 23:42:13 | DEBUG | [20260724_234151] 信号异常 房地产ETF: All arrays must be of the same length
2026-07-24 23:42:13 | DEBUG | [20260724_234151] 信号异常 食品饮料ETF: All arrays must be of the same length
2026-07-24 23:42:13 | DEBUG | [20260724_234151] 信号异常 养殖ETF: All arrays must be of the same length
2026-07-24 23:42:13 | DEBUG | [20260724_234151] 信号异常 酒ETF: All arrays must be of the same length
2026-07-24 23:42:13 | DEBUG | [20260724_234151] 信号异常 家电ETF: All arrays must be of the same length
2026-07-24 23:42:13 | DEBUG | [20260724_234151] 信号异常 医药ETF: All arrays must be of the same length
2026-07-24 23:42:13 | DEBUG | [20260724_234151] 信号异常 创新药ETF: All arrays must be of the same length
2026-07-24 23:42:13 | DEBUG | [20260724_234151] 信号异常 医疗ETF: All arrays must be of the same length
2026-07-24 23:42:13 | DEBUG | [20260724_234151] 信号异常 计算机ETF: All arrays must be of the same length
2026-07-24 23:42:13 | DEBUG | [20260724_234151] 信号异常 人工智能ETF: All arrays must be of the same length
2026-07-24 23:42:13 | DEBUG | [20260724_234151] 信号异常 新能源车ETF: All arrays must be of the same length
2026-07-24 23:42:13 | DEBUG | [20260724_234151] 信号异常 电力ETF: All arrays must be of the same length
2026-07-24 23:42:13 | DEBUG | [20260724_234151] 信号异常 光伏ETF: All arrays must be of the same length
2026-07-24 23:42:13 | DEBUG | [20260724_234151] 信号异常 军工ETF: All arrays must be of the same length
2026-07-24 23:42:13 | DEBUG | [20260724_234151] 信号异常 国防ETF: All arrays must be of the same length
2026-07-24 23:42:13 | DEBUG | [20260724_234151] 信号异常 稀土ETF: All arrays must be of the same length
2026-07-24 23:42:13 | DEBUG | [20260724_234151] 信号异常 有色金属ETF: All arrays must be of the same length
2026-07-24 23:42:13 | DEBUG | [20260724_234151] 信号异常 煤炭ETF: All arrays must be of the same length
2026-07-24 23:42:13 | DEBUG | [20260724_234151] 信号异常 化工ETF: All arrays must be of the same length
2026-07-24 23:42:13 | DEBUG | [20260724_234151] 信号异常 钢铁ETF: All arrays must be of the same length
2026-07-24 23:42:13 | DEBUG | [20260724_234151] 信号异常 油气ETF: All arrays must be of the same length
2026-07-24 23:42:13 | DEBUG | [20260724_234151] 信号异常 传媒ETF: All arrays must be of the same length
2026-07-24 23:42:13 | DEBUG | [20260724_234151] 信号异常 游戏ETF: All arrays must be of the same length
2026-07-24 23:42:13 | DEBUG | [20260724_234151] 信号异常 机器人ETF: All arrays must be of the same length
2026-07-24 23:42:13 | DEBUG | [20260724_234151] 信号异常 汽车ETF: All arrays must be of the same length
2026-07-24 23:42:13 | DEBUG | [20260724_234151] 信号异常 基建ETF: All arrays must be of the same length
2026-07-24 23:42:13 | DEBUG | [20260724_234151] 信号异常 红利ETF: All arrays must be of the same length
2026-07-24 23:42:13 | DEBUG | [20260724_234151] 信号异常 中证红利ETF: All arrays must be of the same length
2026-07-24 23:42:13 | WARNING | [20260724_234151] 2026-04-08 回测异常: Account.holdings_value() missing 1 required positional argument: 'prices'
2026-07-24 23:42:13 | DEBUG | [20260724_234151] 信号异常 中证500ETF: All arrays must be of the same length
2026-07-24 23:42:13 | DEBUG | [20260724_234151] 信号异常 中证1000ETF: All arrays must be of the same length
2026-07-24 23:42:13 | DEBUG | [20260724_234151] 信号异常 银行ETF: All arrays must be of the same length
2026-07-24 23:42:13 | DEBUG | [20260724_234151] 信号异常 券商ETF: All arrays must be of the same length
2026-07-24 23:42:13 | DEBUG | [20260724_234151] 信号异常 房地产ETF: All arrays must be of the same length
2026-07-24 23:42:13 | DEBUG | [20260724_234151] 信号异常 食品饮料ETF: All arrays must be of the same length
2026-07-24 23:42:13 | DEBUG | [20260724_234151] 信号异常 养殖ETF: All arrays must be of the same length
2026-07-24 23:42:13 | DEBUG | [20260724_234151] 信号异常 酒ETF: All arrays must be of the same length
2026-07-24 23:42:13 | DEBUG | [20260724_234151] 信号异常 家电ETF: All arrays must be of the same length
2026-07-24 23:42:13 | DEBUG | [20260724_234151] 信号异常 医药ETF: All arrays must be of the same length
2026-07-24 23:42:13 | DEBUG | [20260724_234151] 信号异常 创新药ETF: All arrays must be of the same length
2026-07-24 23:42:13 | DEBUG | [20260724_234151] 信号异常 医疗ETF: All arrays must be of the same length
2026-07-24 23:42:13 | DEBUG | [20260724_234151] 信号异常 计算机ETF: All arrays must be of the same length
2026-07-24 23:42:13 | DEBUG | [20260724_234151] 信号异常 人工智能ETF: All arrays must be of the same length
2026-07-24 23:42:13 | DEBUG | [20260724_234151] 信号异常 新能源车ETF: All arrays must be of the same length
2026-07-24 23:42:13 | DEBUG | [20260724_234151] 信号异常 电力ETF: All arrays must be of the same length
2026-07-24 23:42:13 | DEBUG | [20260724_234151] 信号异常 光伏ETF: All arrays must be of the same length
2026-07-24 23:42:13 | DEBUG | [20260724_234151] 信号异常 军工ETF: All arrays must be of the same length
2026-07-24 23:42:13 | DEBUG | [20260724_234151] 信号异常 国防ETF: All arrays must be of the same length
2026-07-24 23:42:13 | DEBUG | [20260724_234151] 信号异常 稀土ETF: All arrays must be of the same length
2026-07-24 23:42:13 | DEBUG | [20260724_234151] 信号异常 有色金属ETF: All arrays must be of the same length
2026-07-24 23:42:13 | DEBUG | [20260724_234151] 信号异常 煤炭ETF: All arrays must be of the same length
2026-07-24 23:42:13 | DEBUG | [20260724_234151] 信号异常 化工ETF: All arrays must be of the same length
2026-07-24 23:42:13 | DEBUG | [20260724_234151] 信号异常 钢铁ETF: All arrays must be of the same length
2026-07-24 23:42:13 | DEBUG | [20260724_234151] 信号异常 油气ETF: All arrays must be of the same length
2026-07-24 23:42:13 | DEBUG | [20260724_234151] 信号异常 传媒ETF: All arrays must be of the same length
2026-07-24 23:42:13 | DEBUG | [20260724_234151] 信号异常 游戏ETF: All arrays must be of the same length
2026-07-24 23:42:13 | DEBUG | [20260724_234151] 信号异常 机器人ETF: All arrays must be of the same length
2026-07-24 23:42:13 | DEBUG | [20260724_234151] 信号异常 汽车ETF: All arrays must be of the same length
2026-07-24 23:42:13 | DEBUG | [20260724_234151] 信号异常 基建ETF: All arrays must be of the same length
2026-07-24 23:42:13 | DEBUG | [20260724_234151] 信号异常 红利ETF: All arrays must be of the same length
2026-07-24 23:42:13 | DEBUG | [20260724_234151] 信号异常 中证红利ETF: All arrays must be of the same length
2026-07-24 23:42:13 | WARNING | [20260724_234151] 2026-04-09 回测异常: Account.holdings_value() missing 1 required positional argument: 'prices'
2026-07-24 23:42:13 | DEBUG | [20260724_234151] 信号异常 中证500ETF: All arrays must be of the same length
2026-07-24 23:42:13 | DEBUG | [20260724_234151] 信号异常 中证1000ETF: All arrays must be of the same length
2026-07-24 23:42:13 | DEBUG | [20260724_234151] 信号异常 银行ETF: All arrays must be of the same length
2026-07-24 23:42:13 | DEBUG | [20260724_234151] 信号异常 券商ETF: All arrays must be of the same length
2026-07-24 23:42:13 | DEBUG | [20260724_234151] 信号异常 房地产ETF: All arrays must be of the same length
2026-07-24 23:42:13 | DEBUG | [20260724_234151] 信号异常 食品饮料ETF: All arrays must be of the same length
2026-07-24 23:42:13 | DEBUG | [20260724_234151] 信号异常 养殖ETF: All arrays must be of the same length
2026-07-24 23:42:13 | DEBUG | [20260724_234151] 信号异常 酒ETF: All arrays must be of the same length
2026-07-24 23:42:13 | DEBUG | [20260724_234151] 信号异常 家电ETF: All arrays must be of the same length
2026-07-24 23:42:13 | DEBUG | [20260724_234151] 信号异常 医药ETF: All arrays must be of the same length
2026-07-24 23:42:13 | DEBUG | [20260724_234151] 信号异常 创新药ETF: All arrays must be of the same length
2026-07-24 23:42:13 | DEBUG | [20260724_234151] 信号异常 医疗ETF: All arrays must be of the same length
2026-07-24 23:42:13 | DEBUG | [20260724_234151] 信号异常 计算机ETF: All arrays must be of the same length
2026-07-24 23:42:13 | DEBUG | [20260724_234151] 信号异常 人工智能ETF: All arrays must be of the same length
2026-07-24 23:42:13 | DEBUG | [20260724_234151] 信号异常 新能源车ETF: All arrays must be of the same length
2026-07-24 23:42:13 | DEBUG | [20260724_234151] 信号异常 电力ETF: All arrays must be of the same length
2026-07-24 23:42:13 | DEBUG | [20260724_234151] 信号异常 光伏ETF: All arrays must be of the same length
2026-07-24 23:42:13 | DEBUG | [20260724_234151] 信号异常 军工ETF: All arrays must be of the same length
2026-07-24 23:42:13 | DEBUG | [20260724_234151] 信号异常 国防ETF: All arrays must be of the same length
2026-07-24 23:42:13 | DEBUG | [20260724_234151] 信号异常 稀土ETF: All arrays must be of the same length
2026-07-24 23:42:13 | DEBUG | [20260724_234151] 信号异常 有色金属ETF: All arrays must be of the same length
2026-07-24 23:42:13 | DEBUG | [20260724_234151] 信号异常 煤炭ETF: All arrays must be of the same length
2026-07-24 23:42:13 | DEBUG | [20260724_234151] 信号异常 化工ETF: All arrays must be of the same length
2026-07-24 23:42:13 | DEBUG | [20260724_234151] 信号异常 钢铁ETF: All arrays must be of the same length
2026-07-24 23:42:13 | DEBUG | [20260724_234151] 信号异常 油气ETF: All arrays must be of the same length
2026-07-24 23:42:13 | DEBUG | [20260724_234151] 信号异常 传媒ETF: All arrays must be of the same length
2026-07-24 23:42:13 | DEBUG | [20260724_234151] 信号异常 游戏ETF: All arrays must be of the same length
2026-07-24 23:42:13 | DEBUG | [20260724_234151] 信号异常 机器人ETF: All arrays must be of the same length
2026-07-24 23:42:13 | DEBUG | [20260724_234151] 信号异常 汽车ETF: All arrays must be of the same length
2026-07-24 23:42:13 | DEBUG | [20260724_234151] 信号异常 基建ETF: All arrays must be of the same length
2026-07-24 23:42:14 | DEBUG | [20260724_234151] 信号异常 红利ETF: All arrays must be of the same length
2026-07-24 23:42:14 | DEBUG | [20260724_234151] 信号异常 中证红利ETF: All arrays must be of the same length
2026-07-24 23:42:14 | WARNING | [20260724_234151] 2026-04-10 回测异常: Account.holdings_value() missing 1 required positional argument: 'prices'
2026-07-24 23:42:14 | DEBUG | [20260724_234151] 信号异常 中证500ETF: All arrays must be of the same length
2026-07-24 23:42:14 | DEBUG | [20260724_234151] 信号异常 中证1000ETF: All arrays must be of the same length
2026-07-24 23:42:14 | DEBUG | [20260724_234151] 信号异常 银行ETF: All arrays must be of the same length
2026-07-24 23:42:14 | DEBUG | [20260724_234151] 信号异常 券商ETF: All arrays must be of the same length
2026-07-24 23:42:14 | DEBUG | [20260724_234151] 信号异常 房地产ETF: All arrays must be of the same length
2026-07-24 23:42:14 | DEBUG | [20260724_234151] 信号异常 食品饮料ETF: All arrays must be of the same length
2026-07-24 23:42:14 | DEBUG | [20260724_234151] 信号异常 养殖ETF: All arrays must be of the same length
2026-07-24 23:42:14 | DEBUG | [20260724_234151] 信号异常 酒ETF: All arrays must be of the same length
2026-07-24 23:42:14 | DEBUG | [20260724_234151] 信号异常 家电ETF: All arrays must be of the same length
2026-07-24 23:42:14 | DEBUG | [20260724_234151] 信号异常 医药ETF: All arrays must be of the same length
2026-07-24 23:42:14 | DEBUG | [20260724_234151] 信号异常 创新药ETF: All arrays must be of the same length
2026-07-24 23:42:14 | DEBUG | [20260724_234151] 信号异常 医疗ETF: All arrays must be of the same length
2026-07-24 23:42:14 | DEBUG | [20260724_234151] 信号异常 计算机ETF: All arrays must be of the same length
2026-07-24 23:42:14 | DEBUG | [20260724_234151] 信号异常 人工智能ETF: All arrays must be of the same length
2026-07-24 23:42:14 | DEBUG | [20260724_234151] 信号异常 新能源车ETF: All arrays must be of the same length
2026-07-24 23:42:14 | DEBUG | [20260724_234151] 信号异常 电力ETF: All arrays must be of the same length
2026-07-24 23:42:14 | DEBUG | [20260724_234151] 信号异常 光伏ETF: All arrays must be of the same length
2026-07-24 23:42:14 | DEBUG | [20260724_234151] 信号异常 军工ETF: All arrays must be of the same length
2026-07-24 23:42:14 | DEBUG | [20260724_234151] 信号异常 国防ETF: All arrays must be of the same length
2026-07-24 23:42:14 | DEBUG | [20260724_234151] 信号异常 稀土ETF: All arrays must be of the same length
2026-07-24 23:42:14 | DEBUG | [20260724_234151] 信号异常 有色金属ETF: All arrays must be of the same length
2026-07-24 23:42:14 | DEBUG | [20260724_234151] 信号异常 煤炭ETF: All arrays must be of the same length
2026-07-24 23:42:14 | DEBUG | [20260724_234151] 信号异常 化工ETF: All arrays must be of the same length
2026-07-24 23:42:14 | DEBUG | [20260724_234151] 信号异常 钢铁ETF: All arrays must be of the same length
2026-07-24 23:42:14 | DEBUG | [20260724_234151] 信号异常 油气ETF: All arrays must be of the same length
2026-07-24 23:42:14 | DEBUG | [20260724_234151] 信号异常 传媒ETF: All arrays must be of the same length
2026-07-24 23:42:14 | DEBUG | [20260724_234151] 信号异常 游戏ETF: All arrays must be of the same length
2026-07-24 23:42:14 | DEBUG | [20260724_234151] 信号异常 机器人ETF: All arrays must be of the same length
2026-07-24 23:42:14 | DEBUG | [20260724_234151] 信号异常 汽车ETF: All arrays must be of the same length
2026-07-24 23:42:14 | DEBUG | [20260724_234151] 信号异常 基建ETF: All arrays must be of the same length
2026-07-24 23:42:14 | DEBUG | [20260724_234151] 信号异常 红利ETF: All arrays must be of the same length
2026-07-24 23:42:14 | DEBUG | [20260724_234151] 信号异常 中证红利ETF: All arrays must be of the same length
2026-07-24 23:42:14 | WARNING | [20260724_234151] 2026-04-13 回测异常: Account.holdings_value() missing 1 required positional argument: 'prices'
2026-07-24 23:42:14 | DEBUG | [20260724_234151] 信号异常 中证500ETF: All arrays must be of the same length
2026-07-24 23:42:14 | DEBUG | [20260724_234151] 信号异常 中证1000ETF: All arrays must be of the same length
2026-07-24 23:42:14 | DEBUG | [20260724_234151] 信号异常 银行ETF: All arrays must be of the same length
2026-07-24 23:42:14 | DEBUG | [20260724_234151] 信号异常 券商ETF: All arrays must be of the same length
2026-07-24 23:42:14 | DEBUG | [20260724_234151] 信号异常 房地产ETF: All arrays must be of the same length
2026-07-24 23:42:14 | DEBUG | [20260724_234151] 信号异常 食品饮料ETF: All arrays must be of the same length
2026-07-24 23:42:14 | DEBUG | [20260724_234151] 信号异常 养殖ETF: All arrays must be of the same length
2026-07-24 23:42:14 | DEBUG | [20260724_234151] 信号异常 酒ETF: All arrays must be of the same length
2026-07-24 23:42:14 | DEBUG | [20260724_234151] 信号异常 家电ETF: All arrays must be of the same length
2026-07-24 23:42:14 | DEBUG | [20260724_234151] 信号异常 医药ETF: All arrays must be of the same length
2026-07-24 23:42:14 | DEBUG | [20260724_234151] 信号异常 创新药ETF: All arrays must be of the same length
2026-07-24 23:42:14 | DEBUG | [20260724_234151] 信号异常 医疗ETF: All arrays must be of the same length
2026-07-24 23:42:14 | DEBUG | [20260724_234151] 信号异常 计算机ETF: All arrays must be of the same length
2026-07-24 23:42:14 | DEBUG | [20260724_234151] 信号异常 人工智能ETF: All arrays must be of the same length
2026-07-24 23:42:14 | DEBUG | [20260724_234151] 信号异常 新能源车ETF: All arrays must be of the same length
2026-07-24 23:42:14 | DEBUG | [20260724_234151] 信号异常 电力ETF: All arrays must be of the same length
2026-07-24 23:42:14 | DEBUG | [20260724_234151] 信号异常 光伏ETF: All arrays must be of the same length
2026-07-24 23:42:14 | DEBUG | [20260724_234151] 信号异常 军工ETF: All arrays must be of the same length
2026-07-24 23:42:14 | DEBUG | [20260724_234151] 信号异常 国防ETF: All arrays must be of the same length
2026-07-24 23:42:14 | DEBUG | [20260724_234151] 信号异常 稀土ETF: All arrays must be of the same length
2026-07-24 23:42:14 | DEBUG | [20260724_234151] 信号异常 有色金属ETF: All arrays must be of the same length
2026-07-24 23:42:14 | DEBUG | [20260724_234151] 信号异常 煤炭ETF: All arrays must be of the same length
2026-07-24 23:42:14 | DEBUG | [20260724_234151] 信号异常 化工ETF: All arrays must be of the same length
2026-07-24 23:42:14 | DEBUG | [20260724_234151] 信号异常 钢铁ETF: All arrays must be of the same length
2026-07-24 23:42:14 | DEBUG | [20260724_234151] 信号异常 油气ETF: All arrays must be of the same length
2026-07-24 23:42:14 | DEBUG | [20260724_234151] 信号异常 传媒ETF: All arrays must be of the same length
2026-07-24 23:42:14 | DEBUG | [20260724_234151] 信号异常 游戏ETF: All arrays must be of the same length
2026-07-24 23:42:14 | DEBUG | [20260724_234151] 信号异常 机器人ETF: All arrays must be of the same length
2026-07-24 23:42:14 | DEBUG | [20260724_234151] 信号异常 汽车ETF: All arrays must be of the same length
2026-07-24 23:42:14 | DEBUG | [20260724_234151] 信号异常 基建ETF: All arrays must be of the same length
2026-07-24 23:42:14 | DEBUG | [20260724_234151] 信号异常 红利ETF: All arrays must be of the same length
2026-07-24 23:42:14 | DEBUG | [20260724_234151] 信号异常 中证红利ETF: All arrays must be of the same length
2026-07-24 23:42:14 | WARNING | [20260724_234151] 2026-04-14 回测异常: Account.holdings_value() missing 1 required positional argument: 'prices'
2026-07-24 23:42:14 | DEBUG | [20260724_234151] 信号异常 中证500ETF: All arrays must be of the same length
2026-07-24 23:42:14 | DEBUG | [20260724_234151] 信号异常 中证1000ETF: All arrays must be of the same length
2026-07-24 23:42:14 | DEBUG | [20260724_234151] 信号异常 银行ETF: All arrays must be of the same length
2026-07-24 23:42:14 | DEBUG | [20260724_234151] 信号异常 券商ETF: All arrays must be of the same length
2026-07-24 23:42:14 | DEBUG | [20260724_234151] 信号异常 房地产ETF: All arrays must be of the same length
2026-07-24 23:42:14 | DEBUG | [20260724_234151] 信号异常 食品饮料ETF: All arrays must be of the same length
2026-07-24 23:42:14 | DEBUG | [20260724_234151] 信号异常 养殖ETF: All arrays must be of the same length
2026-07-24 23:42:14 | DEBUG | [20260724_234151] 信号异常 酒ETF: All arrays must be of the same length
2026-07-24 23:42:14 | DEBUG | [20260724_234151] 信号异常 家电ETF: All arrays must be of the same length
2026-07-24 23:42:14 | DEBUG | [20260724_234151] 信号异常 医药ETF: All arrays must be of the same length
2026-07-24 23:42:14 | DEBUG | [20260724_234151] 信号异常 创新药ETF: All arrays must be of the same length
2026-07-24 23:42:14 | DEBUG | [20260724_234151] 信号异常 医疗ETF: All arrays must be of the same length
2026-07-24 23:42:14 | DEBUG | [20260724_234151] 信号异常 计算机ETF: All arrays must be of the same length
2026-07-24 23:42:14 | DEBUG | [20260724_234151] 信号异常 人工智能ETF: All arrays must be of the same length
2026-07-24 23:42:14 | DEBUG | [20260724_234151] 信号异常 新能源车ETF: All arrays must be of the same length
2026-07-24 23:42:14 | DEBUG | [20260724_234151] 信号异常 电力ETF: All arrays must be of the same length
2026-07-24 23:42:14 | DEBUG | [20260724_234151] 信号异常 光伏ETF: All arrays must be of the same length
2026-07-24 23:42:14 | DEBUG | [20260724_234151] 信号异常 军工ETF: All arrays must be of the same length
2026-07-24 23:42:14 | DEBUG | [20260724_234151] 信号异常 国防ETF: All arrays must be of the same length
2026-07-24 23:42:14 | DEBUG | [20260724_234151] 信号异常 稀土ETF: All arrays must be of the same length
2026-07-24 23:42:14 | DEBUG | [20260724_234151] 信号异常 有色金属ETF: All arrays must be of the same length
2026-07-24 23:42:14 | DEBUG | [20260724_234151] 信号异常 煤炭ETF: All arrays must be of the same length
2026-07-24 23:42:14 | DEBUG | [20260724_234151] 信号异常 化工ETF: All arrays must be of the same length
2026-07-24 23:42:14 | DEBUG | [20260724_234151] 信号异常 钢铁ETF: All arrays must be of the same length
2026-07-24 23:42:14 | DEBUG | [20260724_234151] 信号异常 油气ETF: All arrays must be of the same length
2026-07-24 23:42:14 | DEBUG | [20260724_234151] 信号异常 传媒ETF: All arrays must be of the same length
2026-07-24 23:42:14 | DEBUG | [20260724_234151] 信号异常 游戏ETF: All arrays must be of the same length
2026-07-24 23:42:14 | DEBUG | [20260724_234151] 信号异常 机器人ETF: All arrays must be of the same length
2026-07-24 23:42:14 | DEBUG | [20260724_234151] 信号异常 汽车ETF: All arrays must be of the same length
2026-07-24 23:42:14 | DEBUG | [20260724_234151] 信号异常 基建ETF: All arrays must be of the same length
2026-07-24 23:42:14 | DEBUG | [20260724_234151] 信号异常 红利ETF: All arrays must be of the same length
2026-07-24 23:42:14 | DEBUG | [20260724_234151] 信号异常 中证红利ETF: All arrays must be of the same length
2026-07-24 23:42:14 | WARNING | [20260724_234151] 2026-04-15 回测异常: Account.holdings_value() missing 1 required positional argument: 'prices'
2026-07-24 23:42:14 | DEBUG | [20260724_234151] 信号异常 中证500ETF: All arrays must be of the same length
2026-07-24 23:42:14 | DEBUG | [20260724_234151] 信号异常 中证1000ETF: All arrays must be of the same length
2026-07-24 23:42:14 | DEBUG | [20260724_234151] 信号异常 银行ETF: All arrays must be of the same length
2026-07-24 23:42:14 | DEBUG | [20260724_234151] 信号异常 券商ETF: All arrays must be of the same length
2026-07-24 23:42:14 | DEBUG | [20260724_234151] 信号异常 房地产ETF: All arrays must be of the same length
2026-07-24 23:42:14 | DEBUG | [20260724_234151] 信号异常 食品饮料ETF: All arrays must be of the same length
2026-07-24 23:42:14 | DEBUG | [20260724_234151] 信号异常 养殖ETF: All arrays must be of the same length
2026-07-24 23:42:14 | DEBUG | [20260724_234151] 信号异常 酒ETF: All arrays must be of the same length
2026-07-24 23:42:14 | DEBUG | [20260724_234151] 信号异常 家电ETF: All arrays must be of the same length
2026-07-24 23:42:14 | DEBUG | [20260724_234151] 信号异常 医药ETF: All arrays must be of the same length
2026-07-24 23:42:14 | DEBUG | [20260724_234151] 信号异常 创新药ETF: All arrays must be of the same length
2026-07-24 23:42:14 | DEBUG | [20260724_234151] 信号异常 医疗ETF: All arrays must be of the same length
2026-07-24 23:42:14 | DEBUG | [20260724_234151] 信号异常 计算机ETF: All arrays must be of the same length
2026-07-24 23:42:14 | DEBUG | [20260724_234151] 信号异常 人工智能ETF: All arrays must be of the same length
2026-07-24 23:42:14 | DEBUG | [20260724_234151] 信号异常 新能源车ETF: All arrays must be of the same length
2026-07-24 23:42:14 | DEBUG | [20260724_234151] 信号异常 电力ETF: All arrays must be of the same length
2026-07-24 23:42:14 | DEBUG | [20260724_234151] 信号异常 光伏ETF: All arrays must be of the same length
2026-07-24 23:42:14 | DEBUG | [20260724_234151] 信号异常 军工ETF: All arrays must be of the same length
2026-07-24 23:42:14 | DEBUG | [20260724_234151] 信号异常 国防ETF: All arrays must be of the same length
2026-07-24 23:42:14 | DEBUG | [20260724_234151] 信号异常 稀土ETF: All arrays must be of the same length
2026-07-24 23:42:14 | DEBUG | [20260724_234151] 信号异常 有色金属ETF: All arrays must be of the same length
2026-07-24 23:42:14 | DEBUG | [20260724_234151] 信号异常 煤炭ETF: All arrays must be of the same length
2026-07-24 23:42:14 | DEBUG | [20260724_234151] 信号异常 化工ETF: All arrays must be of the same length
2026-07-24 23:42:14 | DEBUG | [20260724_234151] 信号异常 钢铁ETF: All arrays must be of the same length
2026-07-24 23:42:14 | DEBUG | [20260724_234151] 信号异常 油气ETF: All arrays must be of the same length
2026-07-24 23:42:14 | DEBUG | [20260724_234151] 信号异常 传媒ETF: All arrays must be of the same length
2026-07-24 23:42:14 | DEBUG | [20260724_234151] 信号异常 游戏ETF: All arrays must be of the same length
2026-07-24 23:42:14 | DEBUG | [20260724_234151] 信号异常 机器人ETF: All arrays must be of the same length
2026-07-24 23:42:14 | DEBUG | [20260724_234151] 信号异常 汽车ETF: All arrays must be of the same length
2026-07-24 23:42:14 | DEBUG | [20260724_234151] 信号异常 基建ETF: All arrays must be of the same length
2026-07-24 23:42:14 | DEBUG | [20260724_234151] 信号异常 红利ETF: All arrays must be of the same length
2026-07-24 23:42:14 | DEBUG | [20260724_234151] 信号异常 中证红利ETF: All arrays must be of the same length
2026-07-24 23:42:14 | WARNING | [20260724_234151] 2026-04-16 回测异常: Account.holdings_value() missing 1 required positional argument: 'prices'
2026-07-24 23:42:14 | DEBUG | [20260724_234151] 信号异常 中证500ETF: All arrays must be of the same length
2026-07-24 23:42:14 | DEBUG | [20260724_234151] 信号异常 中证1000ETF: All arrays must be of the same length
2026-07-24 23:42:14 | DEBUG | [20260724_234151] 信号异常 银行ETF: All arrays must be of the same length
2026-07-24 23:42:14 | DEBUG | [20260724_234151] 信号异常 券商ETF: All arrays must be of the same length
2026-07-24 23:42:14 | DEBUG | [20260724_234151] 信号异常 房地产ETF: All arrays must be of the same length
2026-07-24 23:42:14 | DEBUG | [20260724_234151] 信号异常 食品饮料ETF: All arrays must be of the same length
2026-07-24 23:42:14 | DEBUG | [20260724_234151] 信号异常 养殖ETF: All arrays must be of the same length
2026-07-24 23:42:14 | DEBUG | [20260724_234151] 信号异常 酒ETF: All arrays must be of the same length
2026-07-24 23:42:14 | DEBUG | [20260724_234151] 信号异常 家电ETF: All arrays must be of the same length
2026-07-24 23:42:14 | DEBUG | [20260724_234151] 信号异常 医药ETF: All arrays must be of the same length
2026-07-24 23:42:14 | DEBUG | [20260724_234151] 信号异常 创新药ETF: All arrays must be of the same length
2026-07-24 23:42:14 | DEBUG | [20260724_234151] 信号异常 医疗ETF: All arrays must be of the same length
2026-07-24 23:42:14 | DEBUG | [20260724_234151] 信号异常 计算机ETF: All arrays must be of the same length
2026-07-24 23:42:14 | DEBUG | [20260724_234151] 信号异常 人工智能ETF: All arrays must be of the same length
2026-07-24 23:42:14 | DEBUG | [20260724_234151] 信号异常 新能源车ETF: All arrays must be of the same length
2026-07-24 23:42:14 | DEBUG | [20260724_234151] 信号异常 电力ETF: All arrays must be of the same length
2026-07-24 23:42:14 | DEBUG | [20260724_234151] 信号异常 光伏ETF: All arrays must be of the same length
2026-07-24 23:42:14 | DEBUG | [20260724_234151] 信号异常 军工ETF: All arrays must be of the same length
2026-07-24 23:42:14 | DEBUG | [20260724_234151] 信号异常 国防ETF: All arrays must be of the same length
2026-07-24 23:42:14 | DEBUG | [20260724_234151] 信号异常 稀土ETF: All arrays must be of the same length
2026-07-24 23:42:14 | DEBUG | [20260724_234151] 信号异常 有色金属ETF: All arrays must be of the same length
2026-07-24 23:42:14 | DEBUG | [20260724_234151] 信号异常 煤炭ETF: All arrays must be of the same length
2026-07-24 23:42:14 | DEBUG | [20260724_234151] 信号异常 化工ETF: All arrays must be of the same length
2026-07-24 23:42:14 | DEBUG | [20260724_234151] 信号异常 钢铁ETF: All arrays must be of the same length
2026-07-24 23:42:14 | DEBUG | [20260724_234151] 信号异常 油气ETF: All arrays must be of the same length
2026-07-24 23:42:14 | DEBUG | [20260724_234151] 信号异常 传媒ETF: All arrays must be of the same length
2026-07-24 23:42:14 | DEBUG | [20260724_234151] 信号异常 游戏ETF: All arrays must be of the same length
2026-07-24 23:42:14 | DEBUG | [20260724_234151] 信号异常 机器人ETF: All arrays must be of the same length
2026-07-24 23:42:14 | DEBUG | [20260724_234151] 信号异常 汽车ETF: All arrays must be of the same length
2026-07-24 23:42:14 | DEBUG | [20260724_234151] 信号异常 基建ETF: All arrays must be of the same length
2026-07-24 23:42:14 | DEBUG | [20260724_234151] 信号异常 红利ETF: All arrays must be of the same length
2026-07-24 23:42:14 | DEBUG | [20260724_234151] 信号异常 中证红利ETF: All arrays must be of the same length
2026-07-24 23:42:14 | WARNING | [20260724_234151] 2026-04-17 回测异常: Account.holdings_value() missing 1 required positional argument: 'prices'
2026-07-24 23:42:14 | DEBUG | [20260724_234151] 信号异常 中证500ETF: All arrays must be of the same length
2026-07-24 23:42:14 | DEBUG | [20260724_234151] 信号异常 中证1000ETF: All arrays must be of the same length
2026-07-24 23:42:14 | DEBUG | [20260724_234151] 信号异常 银行ETF: All arrays must be of the same length
2026-07-24 23:42:14 | DEBUG | [20260724_234151] 信号异常 券商ETF: All arrays must be of the same length
2026-07-24 23:42:14 | DEBUG | [20260724_234151] 信号异常 房地产ETF: All arrays must be of the same length
2026-07-24 23:42:14 | DEBUG | [20260724_234151] 信号异常 食品饮料ETF: All arrays must be of the same length
2026-07-24 23:42:14 | DEBUG | [20260724_234151] 信号异常 养殖ETF: All arrays must be of the same length
2026-07-24 23:42:14 | DEBUG | [20260724_234151] 信号异常 酒ETF: All arrays must be of the same length
2026-07-24 23:42:14 | DEBUG | [20260724_234151] 信号异常 家电ETF: All arrays must be of the same length
2026-07-24 23:42:14 | DEBUG | [20260724_234151] 信号异常 医药ETF: All arrays must be of the same length
2026-07-24 23:42:14 | DEBUG | [20260724_234151] 信号异常 创新药ETF: All arrays must be of the same length
2026-07-24 23:42:14 | DEBUG | [20260724_234151] 信号异常 医疗ETF: All arrays must be of the same length
2026-07-24 23:42:14 | DEBUG | [20260724_234151] 信号异常 计算机ETF: All arrays must be of the same length
2026-07-24 23:42:14 | DEBUG | [20260724_234151] 信号异常 人工智能ETF: All arrays must be of the same length
2026-07-24 23:42:14 | DEBUG | [20260724_234151] 信号异常 新能源车ETF: All arrays must be of the same length
2026-07-24 23:42:14 | DEBUG | [20260724_234151] 信号异常 电力ETF: All arrays must be of the same length
2026-07-24 23:42:14 | DEBUG | [20260724_234151] 信号异常 光伏ETF: All arrays must be of the same length
2026-07-24 23:42:14 | DEBUG | [20260724_234151] 信号异常 军工ETF: All arrays must be of the same length
2026-07-24 23:42:14 | DEBUG | [20260724_234151] 信号异常 国防ETF: All arrays must be of the same length
2026-07-24 23:42:14 | DEBUG | [20260724_234151] 信号异常 稀土ETF: All arrays must be of the same length
2026-07-24 23:42:14 | DEBUG | [20260724_234151] 信号异常 有色金属ETF: All arrays must be of the same length
2026-07-24 23:42:14 | DEBUG | [20260724_234151] 信号异常 煤炭ETF: All arrays must be of the same length
2026-07-24 23:42:14 | DEBUG | [20260724_234151] 信号异常 化工ETF: All arrays must be of the same length
2026-07-24 23:42:14 | DEBUG | [20260724_234151] 信号异常 钢铁ETF: All arrays must be of the same length
2026-07-24 23:42:14 | DEBUG | [20260724_234151] 信号异常 油气ETF: All arrays must be of the same length
2026-07-24 23:42:14 | DEBUG | [20260724_234151] 信号异常 传媒ETF: All arrays must be of the same length
2026-07-24 23:42:14 | DEBUG | [20260724_234151] 信号异常 游戏ETF: All arrays must be of the same length
2026-07-24 23:42:14 | DEBUG | [20260724_234151] 信号异常 机器人ETF: All arrays must be of the same length
2026-07-24 23:42:14 | DEBUG | [20260724_234151] 信号异常 汽车ETF: All arrays must be of the same length
2026-07-24 23:42:14 | DEBUG | [20260724_234151] 信号异常 基建ETF: All arrays must be of the same length
2026-07-24 23:42:14 | DEBUG | [20260724_234151] 信号异常 红利ETF: All arrays must be of the same length
2026-07-24 23:42:14 | DEBUG | [20260724_234151] 信号异常 中证红利ETF: All arrays must be of the same length
2026-07-24 23:42:14 | WARNING | [20260724_234151] 2026-04-20 回测异常: Account.holdings_value() missing 1 required positional argument: 'prices'
2026-07-24 23:42:14 | DEBUG | [20260724_234151] 信号异常 中证500ETF: All arrays must be of the same length
2026-07-24 23:42:14 | DEBUG | [20260724_234151] 信号异常 中证1000ETF: All arrays must be of the same length
2026-07-24 23:42:14 | DEBUG | [20260724_234151] 信号异常 银行ETF: All arrays must be of the same length
2026-07-24 23:42:14 | DEBUG | [20260724_234151] 信号异常 券商ETF: All arrays must be of the same length
2026-07-24 23:42:14 | DEBUG | [20260724_234151] 信号异常 房地产ETF: All arrays must be of the same length
2026-07-24 23:42:14 | DEBUG | [20260724_234151] 信号异常 食品饮料ETF: All arrays must be of the same length
2026-07-24 23:42:14 | DEBUG | [20260724_234151] 信号异常 养殖ETF: All arrays must be of the same length
2026-07-24 23:42:14 | DEBUG | [20260724_234151] 信号异常 酒ETF: All arrays must be of the same length
2026-07-24 23:42:14 | DEBUG | [20260724_234151] 信号异常 家电ETF: All arrays must be of the same length
2026-07-24 23:42:14 | DEBUG | [20260724_234151] 信号异常 医药ETF: All arrays must be of the same length
2026-07-24 23:42:14 | DEBUG | [20260724_234151] 信号异常 创新药ETF: All arrays must be of the same length
2026-07-24 23:42:14 | DEBUG | [20260724_234151] 信号异常 医疗ETF: All arrays must be of the same length
2026-07-24 23:42:14 | DEBUG | [20260724_234151] 信号异常 计算机ETF: All arrays must be of the same length
2026-07-24 23:42:14 | DEBUG | [20260724_234151] 信号异常 人工智能ETF: All arrays must be of the same length
2026-07-24 23:42:14 | DEBUG | [20260724_234151] 信号异常 新能源车ETF: All arrays must be of the same length
2026-07-24 23:42:14 | DEBUG | [20260724_234151] 信号异常 电力ETF: All arrays must be of the same length
2026-07-24 23:42:14 | DEBUG | [20260724_234151] 信号异常 光伏ETF: All arrays must be of the same length
2026-07-24 23:42:14 | DEBUG | [20260724_234151] 信号异常 军工ETF: All arrays must be of the same length
2026-07-24 23:42:14 | DEBUG | [20260724_234151] 信号异常 国防ETF: All arrays must be of the same length
2026-07-24 23:42:14 | DEBUG | [20260724_234151] 信号异常 稀土ETF: All arrays must be of the same length
2026-07-24 23:42:14 | DEBUG | [20260724_234151] 信号异常 有色金属ETF: All arrays must be of the same length
2026-07-24 23:42:14 | DEBUG | [20260724_234151] 信号异常 煤炭ETF: All arrays must be of the same length
2026-07-24 23:42:14 | DEBUG | [20260724_234151] 信号异常 化工ETF: All arrays must be of the same length
2026-07-24 23:42:14 | DEBUG | [20260724_234151] 信号异常 钢铁ETF: All arrays must be of the same length
2026-07-24 23:42:14 | DEBUG | [20260724_234151] 信号异常 油气ETF: All arrays must be of the same length
2026-07-24 23:42:14 | DEBUG | [20260724_234151] 信号异常 传媒ETF: All arrays must be of the same length
2026-07-24 23:42:14 | DEBUG | [20260724_234151] 信号异常 游戏ETF: All arrays must be of the same length
2026-07-24 23:42:14 | DEBUG | [20260724_234151] 信号异常 机器人ETF: All arrays must be of the same length
2026-07-24 23:42:14 | DEBUG | [20260724_234151] 信号异常 汽车ETF: All arrays must be of the same length
2026-07-24 23:42:14 | DEBUG | [20260724_234151] 信号异常 基建ETF: All arrays must be of the same length
2026-07-24 23:42:14 | DEBUG | [20260724_234151] 信号异常 红利ETF: All arrays must be of the same length
2026-07-24 23:42:14 | DEBUG | [20260724_234151] 信号异常 中证红利ETF: All arrays must be of the same length
2026-07-24 23:42:14 | WARNING | [20260724_234151] 2026-04-21 回测异常: Account.holdings_value() missing 1 required positional argument: 'prices'
2026-07-24 23:42:14 | DEBUG | [20260724_234151] 信号异常 中证500ETF: All arrays must be of the same length
2026-07-24 23:42:14 | DEBUG | [20260724_234151] 信号异常 中证1000ETF: All arrays must be of the same length
2026-07-24 23:42:14 | DEBUG | [20260724_234151] 信号异常 银行ETF: All arrays must be of the same length
2026-07-24 23:42:14 | DEBUG | [20260724_234151] 信号异常 券商ETF: All arrays must be of the same length
2026-07-24 23:42:14 | DEBUG | [20260724_234151] 信号异常 房地产ETF: All arrays must be of the same length
2026-07-24 23:42:14 | DEBUG | [20260724_234151] 信号异常 食品饮料ETF: All arrays must be of the same length
2026-07-24 23:42:14 | DEBUG | [20260724_234151] 信号异常 养殖ETF: All arrays must be of the same length
2026-07-24 23:42:14 | DEBUG | [20260724_234151] 信号异常 酒ETF: All arrays must be of the same length
2026-07-24 23:42:14 | DEBUG | [20260724_234151] 信号异常 家电ETF: All arrays must be of the same length
2026-07-24 23:42:14 | DEBUG | [20260724_234151] 信号异常 医药ETF: All arrays must be of the same length
2026-07-24 23:42:14 | DEBUG | [20260724_234151] 信号异常 创新药ETF: All arrays must be of the same length
2026-07-24 23:42:14 | DEBUG | [20260724_234151] 信号异常 医疗ETF: All arrays must be of the same length
2026-07-24 23:42:14 | DEBUG | [20260724_234151] 信号异常 计算机ETF: All arrays must be of the same length
2026-07-24 23:42:14 | DEBUG | [20260724_234151] 信号异常 人工智能ETF: All arrays must be of the same length
2026-07-24 23:42:14 | DEBUG | [20260724_234151] 信号异常 新能源车ETF: All arrays must be of the same length
2026-07-24 23:42:14 | DEBUG | [20260724_234151] 信号异常 电力ETF: All arrays must be of the same length
2026-07-24 23:42:14 | DEBUG | [20260724_234151] 信号异常 光伏ETF: All arrays must be of the same length
2026-07-24 23:42:14 | DEBUG | [20260724_234151] 信号异常 军工ETF: All arrays must be of the same length
2026-07-24 23:42:14 | DEBUG | [20260724_234151] 信号异常 国防ETF: All arrays must be of the same length
2026-07-24 23:42:14 | DEBUG | [20260724_234151] 信号异常 稀土ETF: All arrays must be of the same length
2026-07-24 23:42:14 | DEBUG | [20260724_234151] 信号异常 有色金属ETF: All arrays must be of the same length
2026-07-24 23:42:14 | DEBUG | [20260724_234151] 信号异常 煤炭ETF: All arrays must be of the same length
2026-07-24 23:42:14 | DEBUG | [20260724_234151] 信号异常 化工ETF: All arrays must be of the same length
2026-07-24 23:42:14 | DEBUG | [20260724_234151] 信号异常 钢铁ETF: All arrays must be of the same length
2026-07-24 23:42:14 | DEBUG | [20260724_234151] 信号异常 油气ETF: All arrays must be of the same length
2026-07-24 23:42:14 | DEBUG | [20260724_234151] 信号异常 传媒ETF: All arrays must be of the same length
2026-07-24 23:42:14 | DEBUG | [20260724_234151] 信号异常 游戏ETF: All arrays must be of the same length
2026-07-24 23:42:14 | DEBUG | [20260724_234151] 信号异常 机器人ETF: All arrays must be of the same length
2026-07-24 23:42:14 | DEBUG | [20260724_234151] 信号异常 汽车ETF: All arrays must be of the same length
2026-07-24 23:42:14 | DEBUG | [20260724_234151] 信号异常 基建ETF: All arrays must be of the same length
2026-07-24 23:42:14 | DEBUG | [20260724_234151] 信号异常 红利ETF: All arrays must be of the same length
2026-07-24 23:42:14 | DEBUG | [20260724_234151] 信号异常 中证红利ETF: All arrays must be of the same length
2026-07-24 23:42:14 | WARNING | [20260724_234151] 2026-04-22 回测异常: Account.holdings_value() missing 1 required positional argument: 'prices'
2026-07-24 23:42:14 | DEBUG | [20260724_234151] 信号异常 中证500ETF: All arrays must be of the same length
2026-07-24 23:42:14 | DEBUG | [20260724_234151] 信号异常 中证1000ETF: All arrays must be of the same length
2026-07-24 23:42:14 | DEBUG | [20260724_234151] 信号异常 银行ETF: All arrays must be of the same length
2026-07-24 23:42:14 | DEBUG | [20260724_234151] 信号异常 券商ETF: All arrays must be of the same length
2026-07-24 23:42:14 | DEBUG | [20260724_234151] 信号异常 房地产ETF: All arrays must be of the same length
2026-07-24 23:42:14 | DEBUG | [20260724_234151] 信号异常 食品饮料ETF: All arrays must be of the same length
2026-07-24 23:42:14 | DEBUG | [20260724_234151] 信号异常 养殖ETF: All arrays must be of the same length
2026-07-24 23:42:14 | DEBUG | [20260724_234151] 信号异常 酒ETF: All arrays must be of the same length
2026-07-24 23:42:14 | DEBUG | [20260724_234151] 信号异常 家电ETF: All arrays must be of the same length
2026-07-24 23:42:14 | DEBUG | [20260724_234151] 信号异常 医药ETF: All arrays must be of the same length
2026-07-24 23:42:14 | DEBUG | [20260724_234151] 信号异常 创新药ETF: All arrays must be of the same length
2026-07-24 23:42:14 | DEBUG | [20260724_234151] 信号异常 医疗ETF: All arrays must be of the same length
2026-07-24 23:42:14 | DEBUG | [20260724_234151] 信号异常 计算机ETF: All arrays must be of the same length
2026-07-24 23:42:14 | DEBUG | [20260724_234151] 信号异常 人工智能ETF: All arrays must be of the same length
2026-07-24 23:42:14 | DEBUG | [20260724_234151] 信号异常 新能源车ETF: All arrays must be of the same length
2026-07-24 23:42:14 | DEBUG | [20260724_234151] 信号异常 电力ETF: All arrays must be of the same length
2026-07-24 23:42:14 | DEBUG | [20260724_234151] 信号异常 光伏ETF: All arrays must be of the same length
2026-07-24 23:42:14 | DEBUG | [20260724_234151] 信号异常 军工ETF: All arrays must be of the same length
2026-07-24 23:42:14 | DEBUG | [20260724_234151] 信号异常 国防ETF: All arrays must be of the same length
2026-07-24 23:42:14 | DEBUG | [20260724_234151] 信号异常 稀土ETF: All arrays must be of the same length
2026-07-24 23:42:14 | DEBUG | [20260724_234151] 信号异常 有色金属ETF: All arrays must be of the same length
2026-07-24 23:42:14 | DEBUG | [20260724_234151] 信号异常 煤炭ETF: All arrays must be of the same length
2026-07-24 23:42:14 | DEBUG | [20260724_234151] 信号异常 化工ETF: All arrays must be of the same length
2026-07-24 23:42:14 | DEBUG | [20260724_234151] 信号异常 钢铁ETF: All arrays must be of the same length
2026-07-24 23:42:14 | DEBUG | [20260724_234151] 信号异常 油气ETF: All arrays must be of the same length
2026-07-24 23:42:14 | DEBUG | [20260724_234151] 信号异常 传媒ETF: All arrays must be of the same length
2026-07-24 23:42:14 | DEBUG | [20260724_234151] 信号异常 游戏ETF: All arrays must be of the same length
2026-07-24 23:42:14 | DEBUG | [20260724_234151] 信号异常 机器人ETF: All arrays must be of the same length
2026-07-24 23:42:14 | DEBUG | [20260724_234151] 信号异常 汽车ETF: All arrays must be of the same length
2026-07-24 23:42:14 | DEBUG | [20260724_234151] 信号异常 基建ETF: All arrays must be of the same length
2026-07-24 23:42:14 | DEBUG | [20260724_234151] 信号异常 红利ETF: All arrays must be of the same length
2026-07-24 23:42:14 | DEBUG | [20260724_234151] 信号异常 中证红利ETF: All arrays must be of the same length
2026-07-24 23:42:14 | WARNING | [20260724_234151] 2026-04-23 回测异常: Account.holdings_value() missing 1 required positional argument: 'prices'
2026-07-24 23:42:14 | DEBUG | [20260724_234151] 信号异常 中证500ETF: All arrays must be of the same length
2026-07-24 23:42:14 | DEBUG | [20260724_234151] 信号异常 中证1000ETF: All arrays must be of the same length
2026-07-24 23:42:14 | DEBUG | [20260724_234151] 信号异常 银行ETF: All arrays must be of the same length
2026-07-24 23:42:14 | DEBUG | [20260724_234151] 信号异常 券商ETF: All arrays must be of the same length
2026-07-24 23:42:14 | DEBUG | [20260724_234151] 信号异常 房地产ETF: All arrays must be of the same length
2026-07-24 23:42:14 | DEBUG | [20260724_234151] 信号异常 食品饮料ETF: All arrays must be of the same length
2026-07-24 23:42:14 | DEBUG | [20260724_234151] 信号异常 养殖ETF: All arrays must be of the same length
2026-07-24 23:42:14 | DEBUG | [20260724_234151] 信号异常 酒ETF: All arrays must be of the same length
2026-07-24 23:42:14 | DEBUG | [20260724_234151] 信号异常 家电ETF: All arrays must be of the same length
2026-07-24 23:42:14 | DEBUG | [20260724_234151] 信号异常 医药ETF: All arrays must be of the same length
2026-07-24 23:42:14 | DEBUG | [20260724_234151] 信号异常 创新药ETF: All arrays must be of the same length
2026-07-24 23:42:14 | DEBUG | [20260724_234151] 信号异常 医疗ETF: All arrays must be of the same length
2026-07-24 23:42:14 | DEBUG | [20260724_234151] 信号异常 计算机ETF: All arrays must be of the same length
2026-07-24 23:42:14 | DEBUG | [20260724_234151] 信号异常 人工智能ETF: All arrays must be of the same length
2026-07-24 23:42:14 | DEBUG | [20260724_234151] 信号异常 新能源车ETF: All arrays must be of the same length
2026-07-24 23:42:14 | DEBUG | [20260724_234151] 信号异常 电力ETF: All arrays must be of the same length
2026-07-24 23:42:14 | DEBUG | [20260724_234151] 信号异常 光伏ETF: All arrays must be of the same length
2026-07-24 23:42:14 | DEBUG | [20260724_234151] 信号异常 军工ETF: All arrays must be of the same length
2026-07-24 23:42:14 | DEBUG | [20260724_234151] 信号异常 国防ETF: All arrays must be of the same length
2026-07-24 23:42:14 | DEBUG | [20260724_234151] 信号异常 稀土ETF: All arrays must be of the same length
2026-07-24 23:42:14 | DEBUG | [20260724_234151] 信号异常 有色金属ETF: All arrays must be of the same length
2026-07-24 23:42:14 | DEBUG | [20260724_234151] 信号异常 煤炭ETF: All arrays must be of the same length
2026-07-24 23:42:14 | DEBUG | [20260724_234151] 信号异常 化工ETF: All arrays must be of the same length
2026-07-24 23:42:14 | DEBUG | [20260724_234151] 信号异常 钢铁ETF: All arrays must be of the same length
2026-07-24 23:42:14 | DEBUG | [20260724_234151] 信号异常 油气ETF: All arrays must be of the same length
2026-07-24 23:42:14 | DEBUG | [20260724_234151] 信号异常 传媒ETF: All arrays must be of the same length
2026-07-24 23:42:14 | DEBUG | [20260724_234151] 信号异常 游戏ETF: All arrays must be of the same length
2026-07-24 23:42:14 | DEBUG | [20260724_234151] 信号异常 机器人ETF: All arrays must be of the same length
2026-07-24 23:42:14 | DEBUG | [20260724_234151] 信号异常 汽车ETF: All arrays must be of the same length
2026-07-24 23:42:14 | DEBUG | [20260724_234151] 信号异常 基建ETF: All arrays must be of the same length
2026-07-24 23:42:14 | DEBUG | [20260724_234151] 信号异常 红利ETF: All arrays must be of the same length
2026-07-24 23:42:14 | DEBUG | [20260724_234151] 信号异常 中证红利ETF: All arrays must be of the same length
2026-07-24 23:42:14 | WARNING | [20260724_234151] 2026-04-24 回测异常: Account.holdings_value() missing 1 required positional argument: 'prices'
2026-07-24 23:42:14 | DEBUG | [20260724_234151] 信号异常 中证500ETF: All arrays must be of the same length
2026-07-24 23:42:14 | DEBUG | [20260724_234151] 信号异常 中证1000ETF: All arrays must be of the same length
2026-07-24 23:42:14 | DEBUG | [20260724_234151] 信号异常 银行ETF: All arrays must be of the same length
2026-07-24 23:42:14 | DEBUG | [20260724_234151] 信号异常 券商ETF: All arrays must be of the same length
2026-07-24 23:42:14 | DEBUG | [20260724_234151] 信号异常 房地产ETF: All arrays must be of the same length
2026-07-24 23:42:14 | DEBUG | [20260724_234151] 信号异常 食品饮料ETF: All arrays must be of the same length
2026-07-24 23:42:14 | DEBUG | [20260724_234151] 信号异常 养殖ETF: All arrays must be of the same length
2026-07-24 23:42:14 | DEBUG | [20260724_234151] 信号异常 酒ETF: All arrays must be of the same length
2026-07-24 23:42:14 | DEBUG | [20260724_234151] 信号异常 家电ETF: All arrays must be of the same length
2026-07-24 23:42:14 | DEBUG | [20260724_234151] 信号异常 医药ETF: All arrays must be of the same length
2026-07-24 23:42:14 | DEBUG | [20260724_234151] 信号异常 创新药ETF: All arrays must be of the same length
2026-07-24 23:42:14 | DEBUG | [20260724_234151] 信号异常 医疗ETF: All arrays must be of the same length
2026-07-24 23:42:14 | DEBUG | [20260724_234151] 信号异常 计算机ETF: All arrays must be of the same length
2026-07-24 23:42:14 | DEBUG | [20260724_234151] 信号异常 人工智能ETF: All arrays must be of the same length
2026-07-24 23:42:14 | DEBUG | [20260724_234151] 信号异常 新能源车ETF: All arrays must be of the same length
2026-07-24 23:42:14 | DEBUG | [20260724_234151] 信号异常 电力ETF: All arrays must be of the same length
2026-07-24 23:42:14 | DEBUG | [20260724_234151] 信号异常 光伏ETF: All arrays must be of the same length
2026-07-24 23:42:14 | DEBUG | [20260724_234151] 信号异常 军工ETF: All arrays must be of the same length
2026-07-24 23:42:14 | DEBUG | [20260724_234151] 信号异常 国防ETF: All arrays must be of the same length
2026-07-24 23:42:14 | DEBUG | [20260724_234151] 信号异常 稀土ETF: All arrays must be of the same length
2026-07-24 23:42:14 | DEBUG | [20260724_234151] 信号异常 有色金属ETF: All arrays must be of the same length
2026-07-24 23:42:14 | DEBUG | [20260724_234151] 信号异常 煤炭ETF: All arrays must be of the same length
2026-07-24 23:42:14 | DEBUG | [20260724_234151] 信号异常 化工ETF: All arrays must be of the same length
2026-07-24 23:42:14 | DEBUG | [20260724_234151] 信号异常 钢铁ETF: All arrays must be of the same length
2026-07-24 23:42:14 | DEBUG | [20260724_234151] 信号异常 油气ETF: All arrays must be of the same length
2026-07-24 23:42:14 | DEBUG | [20260724_234151] 信号异常 传媒ETF: All arrays must be of the same length
2026-07-24 23:42:14 | DEBUG | [20260724_234151] 信号异常 游戏ETF: All arrays must be of the same length
2026-07-24 23:42:14 | DEBUG | [20260724_234151] 信号异常 机器人ETF: All arrays must be of the same length
2026-07-24 23:42:14 | DEBUG | [20260724_234151] 信号异常 汽车ETF: All arrays must be of the same length
2026-07-24 23:42:14 | DEBUG | [20260724_234151] 信号异常 基建ETF: All arrays must be of the same length
2026-07-24 23:42:14 | DEBUG | [20260724_234151] 信号异常 红利ETF: All arrays must be of the same length
2026-07-24 23:42:14 | DEBUG | [20260724_234151] 信号异常 中证红利ETF: All arrays must be of the same length
2026-07-24 23:42:14 | WARNING | [20260724_234151] 2026-04-27 回测异常: Account.holdings_value() missing 1 required positional argument: 'prices'
2026-07-24 23:42:14 | DEBUG | [20260724_234151] 信号异常 中证500ETF: All arrays must be of the same length
2026-07-24 23:42:14 | DEBUG | [20260724_234151] 信号异常 中证1000ETF: All arrays must be of the same length
2026-07-24 23:42:14 | DEBUG | [20260724_234151] 信号异常 银行ETF: All arrays must be of the same length
2026-07-24 23:42:14 | DEBUG | [20260724_234151] 信号异常 券商ETF: All arrays must be of the same length
2026-07-24 23:42:14 | DEBUG | [20260724_234151] 信号异常 房地产ETF: All arrays must be of the same length
2026-07-24 23:42:14 | DEBUG | [20260724_234151] 信号异常 食品饮料ETF: All arrays must be of the same length
2026-07-24 23:42:14 | DEBUG | [20260724_234151] 信号异常 养殖ETF: All arrays must be of the same length
2026-07-24 23:42:14 | DEBUG | [20260724_234151] 信号异常 酒ETF: All arrays must be of the same length
2026-07-24 23:42:14 | DEBUG | [20260724_234151] 信号异常 家电ETF: All arrays must be of the same length
2026-07-24 23:42:14 | DEBUG | [20260724_234151] 信号异常 医药ETF: All arrays must be of the same length
2026-07-24 23:42:14 | DEBUG | [20260724_234151] 信号异常 创新药ETF: All arrays must be of the same length
2026-07-24 23:42:14 | DEBUG | [20260724_234151] 信号异常 医疗ETF: All arrays must be of the same length
2026-07-24 23:42:14 | DEBUG | [20260724_234151] 信号异常 计算机ETF: All arrays must be of the same length
2026-07-24 23:42:14 | DEBUG | [20260724_234151] 信号异常 人工智能ETF: All arrays must be of the same length
2026-07-24 23:42:14 | DEBUG | [20260724_234151] 信号异常 新能源车ETF: All arrays must be of the same length
2026-07-24 23:42:14 | DEBUG | [20260724_234151] 信号异常 电力ETF: All arrays must be of the same length
2026-07-24 23:42:14 | DEBUG | [20260724_234151] 信号异常 光伏ETF: All arrays must be of the same length
2026-07-24 23:42:14 | DEBUG | [20260724_234151] 信号异常 军工ETF: All arrays must be of the same length
2026-07-24 23:42:14 | DEBUG | [20260724_234151] 信号异常 国防ETF: All arrays must be of the same length
2026-07-24 23:42:14 | DEBUG | [20260724_234151] 信号异常 稀土ETF: All arrays must be of the same length
2026-07-24 23:42:14 | DEBUG | [20260724_234151] 信号异常 有色金属ETF: All arrays must be of the same length
2026-07-24 23:42:14 | DEBUG | [20260724_234151] 信号异常 煤炭ETF: All arrays must be of the same length
2026-07-24 23:42:14 | DEBUG | [20260724_234151] 信号异常 化工ETF: All arrays must be of the same length
2026-07-24 23:42:14 | DEBUG | [20260724_234151] 信号异常 钢铁ETF: All arrays must be of the same length
2026-07-24 23:42:14 | DEBUG | [20260724_234151] 信号异常 油气ETF: All arrays must be of the same length
2026-07-24 23:42:14 | DEBUG | [20260724_234151] 信号异常 传媒ETF: All arrays must be of the same length
2026-07-24 23:42:14 | DEBUG | [20260724_234151] 信号异常 游戏ETF: All arrays must be of the same length
2026-07-24 23:42:14 | DEBUG | [20260724_234151] 信号异常 机器人ETF: All arrays must be of the same length
2026-07-24 23:42:14 | DEBUG | [20260724_234151] 信号异常 汽车ETF: All arrays must be of the same length
2026-07-24 23:42:14 | DEBUG | [20260724_234151] 信号异常 基建ETF: All arrays must be of the same length
2026-07-24 23:42:14 | DEBUG | [20260724_234151] 信号异常 红利ETF: All arrays must be of the same length
2026-07-24 23:42:14 | DEBUG | [20260724_234151] 信号异常 中证红利ETF: All arrays must be of the same length
2026-07-24 23:42:14 | WARNING | [20260724_234151] 2026-04-28 回测异常: Account.holdings_value() missing 1 required positional argument: 'prices'
2026-07-24 23:42:14 | DEBUG | [20260724_234151] 信号异常 中证500ETF: All arrays must be of the same length
2026-07-24 23:42:14 | DEBUG | [20260724_234151] 信号异常 中证1000ETF: All arrays must be of the same length
2026-07-24 23:42:14 | DEBUG | [20260724_234151] 信号异常 银行ETF: All arrays must be of the same length
2026-07-24 23:42:14 | DEBUG | [20260724_234151] 信号异常 券商ETF: All arrays must be of the same length
2026-07-24 23:42:14 | DEBUG | [20260724_234151] 信号异常 房地产ETF: All arrays must be of the same length
2026-07-24 23:42:14 | DEBUG | [20260724_234151] 信号异常 食品饮料ETF: All arrays must be of the same length
2026-07-24 23:42:14 | DEBUG | [20260724_234151] 信号异常 养殖ETF: All arrays must be of the same length
2026-07-24 23:42:14 | DEBUG | [20260724_234151] 信号异常 酒ETF: All arrays must be of the same length
2026-07-24 23:42:14 | DEBUG | [20260724_234151] 信号异常 家电ETF: All arrays must be of the same length
2026-07-24 23:42:14 | DEBUG | [20260724_234151] 信号异常 医药ETF: All arrays must be of the same length
2026-07-24 23:42:14 | DEBUG | [20260724_234151] 信号异常 创新药ETF: All arrays must be of the same length
2026-07-24 23:42:14 | DEBUG | [20260724_234151] 信号异常 医疗ETF: All arrays must be of the same length
2026-07-24 23:42:14 | DEBUG | [20260724_234151] 信号异常 计算机ETF: All arrays must be of the same length
2026-07-24 23:42:14 | DEBUG | [20260724_234151] 信号异常 人工智能ETF: All arrays must be of the same length
2026-07-24 23:42:14 | DEBUG | [20260724_234151] 信号异常 新能源车ETF: All arrays must be of the same length
2026-07-24 23:42:14 | DEBUG | [20260724_234151] 信号异常 电力ETF: All arrays must be of the same length
2026-07-24 23:42:14 | DEBUG | [20260724_234151] 信号异常 光伏ETF: All arrays must be of the same length
2026-07-24 23:42:14 | DEBUG | [20260724_234151] 信号异常 军工ETF: All arrays must be of the same length
2026-07-24 23:42:14 | DEBUG | [20260724_234151] 信号异常 国防ETF: All arrays must be of the same length
2026-07-24 23:42:14 | DEBUG | [20260724_234151] 信号异常 稀土ETF: All arrays must be of the same length
2026-07-24 23:42:14 | DEBUG | [20260724_234151] 信号异常 有色金属ETF: All arrays must be of the same length
2026-07-24 23:42:14 | DEBUG | [20260724_234151] 信号异常 煤炭ETF: All arrays must be of the same length
2026-07-24 23:42:14 | DEBUG | [20260724_234151] 信号异常 化工ETF: All arrays must be of the same length
2026-07-24 23:42:14 | DEBUG | [20260724_234151] 信号异常 钢铁ETF: All arrays must be of the same length
2026-07-24 23:42:14 | DEBUG | [20260724_234151] 信号异常 油气ETF: All arrays must be of the same length
2026-07-24 23:42:14 | DEBUG | [20260724_234151] 信号异常 传媒ETF: All arrays must be of the same length
2026-07-24 23:42:14 | DEBUG | [20260724_234151] 信号异常 游戏ETF: All arrays must be of the same length
2026-07-24 23:42:14 | DEBUG | [20260724_234151] 信号异常 机器人ETF: All arrays must be of the same length
2026-07-24 23:42:14 | DEBUG | [20260724_234151] 信号异常 汽车ETF: All arrays must be of the same length
2026-07-24 23:42:14 | DEBUG | [20260724_234151] 信号异常 基建ETF: All arrays must be of the same length
2026-07-24 23:42:14 | DEBUG | [20260724_234151] 信号异常 红利ETF: All arrays must be of the same length
2026-07-24 23:42:14 | DEBUG | [20260724_234151] 信号异常 中证红利ETF: All arrays must be of the same length
2026-07-24 23:42:14 | WARNING | [20260724_234151] 2026-04-29 回测异常: Account.holdings_value() missing 1 required positional argument: 'prices'
2026-07-24 23:42:14 | DEBUG | [20260724_234151] 信号异常 中证500ETF: All arrays must be of the same length
2026-07-24 23:42:15 | DEBUG | [20260724_234151] 信号异常 中证1000ETF: All arrays must be of the same length
2026-07-24 23:42:15 | DEBUG | [20260724_234151] 信号异常 银行ETF: All arrays must be of the same length
2026-07-24 23:42:15 | DEBUG | [20260724_234151] 信号异常 券商ETF: All arrays must be of the same length
2026-07-24 23:42:15 | DEBUG | [20260724_234151] 信号异常 房地产ETF: All arrays must be of the same length
2026-07-24 23:42:15 | DEBUG | [20260724_234151] 信号异常 食品饮料ETF: All arrays must be of the same length
2026-07-24 23:42:15 | DEBUG | [20260724_234151] 信号异常 养殖ETF: All arrays must be of the same length
2026-07-24 23:42:15 | DEBUG | [20260724_234151] 信号异常 酒ETF: All arrays must be of the same length
2026-07-24 23:42:15 | DEBUG | [20260724_234151] 信号异常 家电ETF: All arrays must be of the same length
2026-07-24 23:42:15 | DEBUG | [20260724_234151] 信号异常 医药ETF: All arrays must be of the same length
2026-07-24 23:42:15 | DEBUG | [20260724_234151] 信号异常 创新药ETF: All arrays must be of the same length
2026-07-24 23:42:15 | DEBUG | [20260724_234151] 信号异常 医疗ETF: All arrays must be of the same length
2026-07-24 23:42:15 | DEBUG | [20260724_234151] 信号异常 计算机ETF: All arrays must be of the same length
2026-07-24 23:42:15 | DEBUG | [20260724_234151] 信号异常 人工智能ETF: All arrays must be of the same length
2026-07-24 23:42:15 | DEBUG | [20260724_234151] 信号异常 新能源车ETF: All arrays must be of the same length
2026-07-24 23:42:15 | DEBUG | [20260724_234151] 信号异常 电力ETF: All arrays must be of the same length
2026-07-24 23:42:15 | DEBUG | [20260724_234151] 信号异常 光伏ETF: All arrays must be of the same length
2026-07-24 23:42:15 | DEBUG | [20260724_234151] 信号异常 军工ETF: All arrays must be of the same length
2026-07-24 23:42:15 | DEBUG | [20260724_234151] 信号异常 国防ETF: All arrays must be of the same length
2026-07-24 23:42:15 | DEBUG | [20260724_234151] 信号异常 稀土ETF: All arrays must be of the same length
2026-07-24 23:42:15 | DEBUG | [20260724_234151] 信号异常 有色金属ETF: All arrays must be of the same length
2026-07-24 23:42:15 | DEBUG | [20260724_234151] 信号异常 煤炭ETF: All arrays must be of the same length
2026-07-24 23:42:15 | DEBUG | [20260724_234151] 信号异常 化工ETF: All arrays must be of the same length
2026-07-24 23:42:15 | DEBUG | [20260724_234151] 信号异常 钢铁ETF: All arrays must be of the same length
2026-07-24 23:42:15 | DEBUG | [20260724_234151] 信号异常 油气ETF: All arrays must be of the same length
2026-07-24 23:42:15 | DEBUG | [20260724_234151] 信号异常 传媒ETF: All arrays must be of the same length
2026-07-24 23:42:15 | DEBUG | [20260724_234151] 信号异常 游戏ETF: All arrays must be of the same length
2026-07-24 23:42:15 | DEBUG | [20260724_234151] 信号异常 机器人ETF: All arrays must be of the same length
2026-07-24 23:42:15 | DEBUG | [20260724_234151] 信号异常 汽车ETF: All arrays must be of the same length
2026-07-24 23:42:15 | DEBUG | [20260724_234151] 信号异常 基建ETF: All arrays must be of the same length
2026-07-24 23:42:15 | DEBUG | [20260724_234151] 信号异常 红利ETF: All arrays must be of the same length
2026-07-24 23:42:15 | DEBUG | [20260724_234151] 信号异常 中证红利ETF: All arrays must be of the same length
2026-07-24 23:42:15 | WARNING | [20260724_234151] 2026-04-30 回测异常: Account.holdings_value() missing 1 required positional argument: 'prices'
2026-07-24 23:42:15 | DEBUG | [20260724_234151] 信号异常 中证500ETF: All arrays must be of the same length
2026-07-24 23:42:15 | DEBUG | [20260724_234151] 信号异常 中证1000ETF: All arrays must be of the same length
2026-07-24 23:42:15 | DEBUG | [20260724_234151] 信号异常 银行ETF: All arrays must be of the same length
2026-07-24 23:42:15 | DEBUG | [20260724_234151] 信号异常 券商ETF: All arrays must be of the same length
2026-07-24 23:42:15 | DEBUG | [20260724_234151] 信号异常 房地产ETF: All arrays must be of the same length
2026-07-24 23:42:15 | DEBUG | [20260724_234151] 信号异常 食品饮料ETF: All arrays must be of the same length
2026-07-24 23:42:15 | DEBUG | [20260724_234151] 信号异常 养殖ETF: All arrays must be of the same length
2026-07-24 23:42:15 | DEBUG | [20260724_234151] 信号异常 酒ETF: All arrays must be of the same length
2026-07-24 23:42:15 | DEBUG | [20260724_234151] 信号异常 家电ETF: All arrays must be of the same length
2026-07-24 23:42:15 | DEBUG | [20260724_234151] 信号异常 医药ETF: All arrays must be of the same length
2026-07-24 23:42:15 | DEBUG | [20260724_234151] 信号异常 创新药ETF: All arrays must be of the same length
2026-07-24 23:42:15 | DEBUG | [20260724_234151] 信号异常 医疗ETF: All arrays must be of the same length
2026-07-24 23:42:15 | DEBUG | [20260724_234151] 信号异常 计算机ETF: All arrays must be of the same length
2026-07-24 23:42:15 | DEBUG | [20260724_234151] 信号异常 人工智能ETF: All arrays must be of the same length
2026-07-24 23:42:15 | DEBUG | [20260724_234151] 信号异常 新能源车ETF: All arrays must be of the same length
2026-07-24 23:42:15 | DEBUG | [20260724_234151] 信号异常 电力ETF: All arrays must be of the same length
2026-07-24 23:42:15 | DEBUG | [20260724_234151] 信号异常 光伏ETF: All arrays must be of the same length
2026-07-24 23:42:15 | DEBUG | [20260724_234151] 信号异常 军工ETF: All arrays must be of the same length
2026-07-24 23:42:15 | DEBUG | [20260724_234151] 信号异常 国防ETF: All arrays must be of the same length
2026-07-24 23:42:15 | DEBUG | [20260724_234151] 信号异常 稀土ETF: All arrays must be of the same length
2026-07-24 23:42:15 | DEBUG | [20260724_234151] 信号异常 有色金属ETF: All arrays must be of the same length
2026-07-24 23:42:15 | DEBUG | [20260724_234151] 信号异常 煤炭ETF: All arrays must be of the same length
2026-07-24 23:42:15 | DEBUG | [20260724_234151] 信号异常 化工ETF: All arrays must be of the same length
2026-07-24 23:42:15 | DEBUG | [20260724_234151] 信号异常 钢铁ETF: All arrays must be of the same length
2026-07-24 23:42:15 | DEBUG | [20260724_234151] 信号异常 油气ETF: All arrays must be of the same length
2026-07-24 23:42:15 | DEBUG | [20260724_234151] 信号异常 传媒ETF: All arrays must be of the same length
2026-07-24 23:42:15 | DEBUG | [20260724_234151] 信号异常 游戏ETF: All arrays must be of the same length
2026-07-24 23:42:15 | DEBUG | [20260724_234151] 信号异常 机器人ETF: All arrays must be of the same length
2026-07-24 23:42:15 | DEBUG | [20260724_234151] 信号异常 汽车ETF: All arrays must be of the same length
2026-07-24 23:42:15 | DEBUG | [20260724_234151] 信号异常 基建ETF: All arrays must be of the same length
2026-07-24 23:42:15 | DEBUG | [20260724_234151] 信号异常 红利ETF: All arrays must be of the same length
2026-07-24 23:42:15 | DEBUG | [20260724_234151] 信号异常 中证红利ETF: All arrays must be of the same length
2026-07-24 23:42:15 | WARNING | [20260724_234151] 2026-05-06 回测异常: Account.holdings_value() missing 1 required positional argument: 'prices'
2026-07-24 23:42:15 | DEBUG | [20260724_234151] 信号异常 中证500ETF: All arrays must be of the same length
2026-07-24 23:42:15 | DEBUG | [20260724_234151] 信号异常 中证1000ETF: All arrays must be of the same length
2026-07-24 23:42:15 | DEBUG | [20260724_234151] 信号异常 银行ETF: All arrays must be of the same length
2026-07-24 23:42:15 | DEBUG | [20260724_234151] 信号异常 券商ETF: All arrays must be of the same length
2026-07-24 23:42:15 | DEBUG | [20260724_234151] 信号异常 房地产ETF: All arrays must be of the same length
2026-07-24 23:42:15 | DEBUG | [20260724_234151] 信号异常 食品饮料ETF: All arrays must be of the same length
2026-07-24 23:42:15 | DEBUG | [20260724_234151] 信号异常 养殖ETF: All arrays must be of the same length
2026-07-24 23:42:15 | DEBUG | [20260724_234151] 信号异常 酒ETF: All arrays must be of the same length
2026-07-24 23:42:15 | DEBUG | [20260724_234151] 信号异常 家电ETF: All arrays must be of the same length
2026-07-24 23:42:15 | DEBUG | [20260724_234151] 信号异常 医药ETF: All arrays must be of the same length
2026-07-24 23:42:15 | DEBUG | [20260724_234151] 信号异常 创新药ETF: All arrays must be of the same length
2026-07-24 23:42:15 | DEBUG | [20260724_234151] 信号异常 医疗ETF: All arrays must be of the same length
2026-07-24 23:42:15 | DEBUG | [20260724_234151] 信号异常 计算机ETF: All arrays must be of the same length
2026-07-24 23:42:15 | DEBUG | [20260724_234151] 信号异常 人工智能ETF: All arrays must be of the same length
2026-07-24 23:42:15 | DEBUG | [20260724_234151] 信号异常 新能源车ETF: All arrays must be of the same length
2026-07-24 23:42:15 | DEBUG | [20260724_234151] 信号异常 电力ETF: All arrays must be of the same length
2026-07-24 23:42:15 | DEBUG | [20260724_234151] 信号异常 光伏ETF: All arrays must be of the same length
2026-07-24 23:42:15 | DEBUG | [20260724_234151] 信号异常 军工ETF: All arrays must be of the same length
2026-07-24 23:42:15 | DEBUG | [20260724_234151] 信号异常 国防ETF: All arrays must be of the same length
2026-07-24 23:42:15 | DEBUG | [20260724_234151] 信号异常 稀土ETF: All arrays must be of the same length
2026-07-24 23:42:15 | DEBUG | [20260724_234151] 信号异常 有色金属ETF: All arrays must be of the same length
2026-07-24 23:42:15 | DEBUG | [20260724_234151] 信号异常 煤炭ETF: All arrays must be of the same length
2026-07-24 23:42:15 | DEBUG | [20260724_234151] 信号异常 化工ETF: All arrays must be of the same length
2026-07-24 23:42:15 | DEBUG | [20260724_234151] 信号异常 钢铁ETF: All arrays must be of the same length
2026-07-24 23:42:15 | DEBUG | [20260724_234151] 信号异常 油气ETF: All arrays must be of the same length
2026-07-24 23:42:15 | DEBUG | [20260724_234151] 信号异常 传媒ETF: All arrays must be of the same length
2026-07-24 23:42:15 | DEBUG | [20260724_234151] 信号异常 游戏ETF: All arrays must be of the same length
2026-07-24 23:42:15 | DEBUG | [20260724_234151] 信号异常 机器人ETF: All arrays must be of the same length
2026-07-24 23:42:15 | DEBUG | [20260724_234151] 信号异常 汽车ETF: All arrays must be of the same length
2026-07-24 23:42:15 | DEBUG | [20260724_234151] 信号异常 基建ETF: All arrays must be of the same length
2026-07-24 23:42:15 | DEBUG | [20260724_234151] 信号异常 红利ETF: All arrays must be of the same length
2026-07-24 23:42:15 | DEBUG | [20260724_234151] 信号异常 中证红利ETF: All arrays must be of the same length
2026-07-24 23:42:15 | WARNING | [20260724_234151] 2026-05-07 回测异常: Account.holdings_value() missing 1 required positional argument: 'prices'
2026-07-24 23:42:15 | DEBUG | [20260724_234151] 信号异常 中证500ETF: All arrays must be of the same length
2026-07-24 23:42:15 | DEBUG | [20260724_234151] 信号异常 中证1000ETF: All arrays must be of the same length
2026-07-24 23:42:15 | DEBUG | [20260724_234151] 信号异常 银行ETF: All arrays must be of the same length
2026-07-24 23:42:15 | DEBUG | [20260724_234151] 信号异常 券商ETF: All arrays must be of the same length
2026-07-24 23:42:15 | DEBUG | [20260724_234151] 信号异常 房地产ETF: All arrays must be of the same length
2026-07-24 23:42:15 | DEBUG | [20260724_234151] 信号异常 食品饮料ETF: All arrays must be of the same length
2026-07-24 23:42:15 | DEBUG | [20260724_234151] 信号异常 养殖ETF: All arrays must be of the same length
2026-07-24 23:42:15 | DEBUG | [20260724_234151] 信号异常 酒ETF: All arrays must be of the same length
2026-07-24 23:42:15 | DEBUG | [20260724_234151] 信号异常 家电ETF: All arrays must be of the same length
2026-07-24 23:42:15 | DEBUG | [20260724_234151] 信号异常 医药ETF: All arrays must be of the same length
2026-07-24 23:42:15 | DEBUG | [20260724_234151] 信号异常 创新药ETF: All arrays must be of the same length
2026-07-24 23:42:15 | DEBUG | [20260724_234151] 信号异常 医疗ETF: All arrays must be of the same length
2026-07-24 23:42:15 | DEBUG | [20260724_234151] 信号异常 计算机ETF: All arrays must be of the same length
2026-07-24 23:42:15 | DEBUG | [20260724_234151] 信号异常 人工智能ETF: All arrays must be of the same length
2026-07-24 23:42:15 | DEBUG | [20260724_234151] 信号异常 新能源车ETF: All arrays must be of the same length
2026-07-24 23:42:15 | DEBUG | [20260724_234151] 信号异常 电力ETF: All arrays must be of the same length
2026-07-24 23:42:15 | DEBUG | [20260724_234151] 信号异常 光伏ETF: All arrays must be of the same length
2026-07-24 23:42:15 | DEBUG | [20260724_234151] 信号异常 军工ETF: All arrays must be of the same length
2026-07-24 23:42:15 | DEBUG | [20260724_234151] 信号异常 国防ETF: All arrays must be of the same length
2026-07-24 23:42:15 | DEBUG | [20260724_234151] 信号异常 稀土ETF: All arrays must be of the same length
2026-07-24 23:42:15 | DEBUG | [20260724_234151] 信号异常 有色金属ETF: All arrays must be of the same length
2026-07-24 23:42:15 | DEBUG | [20260724_234151] 信号异常 煤炭ETF: All arrays must be of the same length
2026-07-24 23:42:15 | DEBUG | [20260724_234151] 信号异常 化工ETF: All arrays must be of the same length
2026-07-24 23:42:15 | DEBUG | [20260724_234151] 信号异常 钢铁ETF: All arrays must be of the same length
2026-07-24 23:42:15 | DEBUG | [20260724_234151] 信号异常 油气ETF: All arrays must be of the same length
2026-07-24 23:42:15 | DEBUG | [20260724_234151] 信号异常 传媒ETF: All arrays must be of the same length
2026-07-24 23:42:15 | DEBUG | [20260724_234151] 信号异常 游戏ETF: All arrays must be of the same length
2026-07-24 23:42:15 | DEBUG | [20260724_234151] 信号异常 机器人ETF: All arrays must be of the same length
2026-07-24 23:42:15 | DEBUG | [20260724_234151] 信号异常 汽车ETF: All arrays must be of the same length
2026-07-24 23:42:15 | DEBUG | [20260724_234151] 信号异常 基建ETF: All arrays must be of the same length
2026-07-24 23:42:15 | DEBUG | [20260724_234151] 信号异常 红利ETF: All arrays must be of the same length
2026-07-24 23:42:15 | DEBUG | [20260724_234151] 信号异常 中证红利ETF: All arrays must be of the same length
2026-07-24 23:42:15 | WARNING | [20260724_234151] 2026-05-08 回测异常: Account.holdings_value() missing 1 required positional argument: 'prices'
2026-07-24 23:42:15 | DEBUG | [20260724_234151] 信号异常 中证500ETF: All arrays must be of the same length
2026-07-24 23:42:15 | DEBUG | [20260724_234151] 信号异常 中证1000ETF: All arrays must be of the same length
2026-07-24 23:42:15 | DEBUG | [20260724_234151] 信号异常 银行ETF: All arrays must be of the same length
2026-07-24 23:42:15 | DEBUG | [20260724_234151] 信号异常 券商ETF: All arrays must be of the same length
2026-07-24 23:42:15 | DEBUG | [20260724_234151] 信号异常 房地产ETF: All arrays must be of the same length
2026-07-24 23:42:15 | DEBUG | [20260724_234151] 信号异常 食品饮料ETF: All arrays must be of the same length
2026-07-24 23:42:15 | DEBUG | [20260724_234151] 信号异常 养殖ETF: All arrays must be of the same length
2026-07-24 23:42:15 | DEBUG | [20260724_234151] 信号异常 酒ETF: All arrays must be of the same length
2026-07-24 23:42:15 | DEBUG | [20260724_234151] 信号异常 家电ETF: All arrays must be of the same length
2026-07-24 23:42:15 | DEBUG | [20260724_234151] 信号异常 医药ETF: All arrays must be of the same length
2026-07-24 23:42:15 | DEBUG | [20260724_234151] 信号异常 创新药ETF: All arrays must be of the same length
2026-07-24 23:42:15 | DEBUG | [20260724_234151] 信号异常 医疗ETF: All arrays must be of the same length
2026-07-24 23:42:15 | DEBUG | [20260724_234151] 信号异常 计算机ETF: All arrays must be of the same length
2026-07-24 23:42:15 | DEBUG | [20260724_234151] 信号异常 人工智能ETF: All arrays must be of the same length
2026-07-24 23:42:15 | DEBUG | [20260724_234151] 信号异常 新能源车ETF: All arrays must be of the same length
2026-07-24 23:42:15 | DEBUG | [20260724_234151] 信号异常 电力ETF: All arrays must be of the same length
2026-07-24 23:42:15 | DEBUG | [20260724_234151] 信号异常 光伏ETF: All arrays must be of the same length
2026-07-24 23:42:15 | DEBUG | [20260724_234151] 信号异常 军工ETF: All arrays must be of the same length
2026-07-24 23:42:15 | DEBUG | [20260724_234151] 信号异常 国防ETF: All arrays must be of the same length
2026-07-24 23:42:15 | DEBUG | [20260724_234151] 信号异常 稀土ETF: All arrays must be of the same length
2026-07-24 23:42:15 | DEBUG | [20260724_234151] 信号异常 有色金属ETF: All arrays must be of the same length
2026-07-24 23:42:15 | DEBUG | [20260724_234151] 信号异常 煤炭ETF: All arrays must be of the same length
2026-07-24 23:42:15 | DEBUG | [20260724_234151] 信号异常 化工ETF: All arrays must be of the same length
2026-07-24 23:42:15 | DEBUG | [20260724_234151] 信号异常 钢铁ETF: All arrays must be of the same length
2026-07-24 23:42:15 | DEBUG | [20260724_234151] 信号异常 油气ETF: All arrays must be of the same length
2026-07-24 23:42:15 | DEBUG | [20260724_234151] 信号异常 传媒ETF: All arrays must be of the same length
2026-07-24 23:42:15 | DEBUG | [20260724_234151] 信号异常 游戏ETF: All arrays must be of the same length
2026-07-24 23:42:15 | DEBUG | [20260724_234151] 信号异常 机器人ETF: All arrays must be of the same length
2026-07-24 23:42:15 | DEBUG | [20260724_234151] 信号异常 汽车ETF: All arrays must be of the same length
2026-07-24 23:42:15 | DEBUG | [20260724_234151] 信号异常 基建ETF: All arrays must be of the same length
2026-07-24 23:42:15 | DEBUG | [20260724_234151] 信号异常 红利ETF: All arrays must be of the same length
2026-07-24 23:42:15 | DEBUG | [20260724_234151] 信号异常 中证红利ETF: All arrays must be of the same length
2026-07-24 23:42:15 | WARNING | [20260724_234151] 2026-05-11 回测异常: Account.holdings_value() missing 1 required positional argument: 'prices'
2026-07-24 23:42:15 | DEBUG | [20260724_234151] 信号异常 中证500ETF: All arrays must be of the same length
2026-07-24 23:42:15 | DEBUG | [20260724_234151] 信号异常 中证1000ETF: All arrays must be of the same length
2026-07-24 23:42:15 | DEBUG | [20260724_234151] 信号异常 银行ETF: All arrays must be of the same length
2026-07-24 23:42:15 | DEBUG | [20260724_234151] 信号异常 券商ETF: All arrays must be of the same length
2026-07-24 23:42:15 | DEBUG | [20260724_234151] 信号异常 房地产ETF: All arrays must be of the same length
2026-07-24 23:42:15 | DEBUG | [20260724_234151] 信号异常 食品饮料ETF: All arrays must be of the same length
2026-07-24 23:42:15 | DEBUG | [20260724_234151] 信号异常 养殖ETF: All arrays must be of the same length
2026-07-24 23:42:15 | DEBUG | [20260724_234151] 信号异常 酒ETF: All arrays must be of the same length
2026-07-24 23:42:15 | DEBUG | [20260724_234151] 信号异常 家电ETF: All arrays must be of the same length
2026-07-24 23:42:15 | DEBUG | [20260724_234151] 信号异常 医药ETF: All arrays must be of the same length
2026-07-24 23:42:15 | DEBUG | [20260724_234151] 信号异常 创新药ETF: All arrays must be of the same length
2026-07-24 23:42:15 | DEBUG | [20260724_234151] 信号异常 医疗ETF: All arrays must be of the same length
2026-07-24 23:42:15 | DEBUG | [20260724_234151] 信号异常 计算机ETF: All arrays must be of the same length
2026-07-24 23:42:15 | DEBUG | [20260724_234151] 信号异常 人工智能ETF: All arrays must be of the same length
2026-07-24 23:42:15 | DEBUG | [20260724_234151] 信号异常 新能源车ETF: All arrays must be of the same length
2026-07-24 23:42:15 | DEBUG | [20260724_234151] 信号异常 电力ETF: All arrays must be of the same length
2026-07-24 23:42:15 | DEBUG | [20260724_234151] 信号异常 光伏ETF: All arrays must be of the same length
2026-07-24 23:42:15 | DEBUG | [20260724_234151] 信号异常 军工ETF: All arrays must be of the same length
2026-07-24 23:42:15 | DEBUG | [20260724_234151] 信号异常 国防ETF: All arrays must be of the same length
2026-07-24 23:42:15 | DEBUG | [20260724_234151] 信号异常 稀土ETF: All arrays must be of the same length
2026-07-24 23:42:15 | DEBUG | [20260724_234151] 信号异常 有色金属ETF: All arrays must be of the same length
2026-07-24 23:42:15 | DEBUG | [20260724_234151] 信号异常 煤炭ETF: All arrays must be of the same length
2026-07-24 23:42:15 | DEBUG | [20260724_234151] 信号异常 化工ETF: All arrays must be of the same length
2026-07-24 23:42:15 | DEBUG | [20260724_234151] 信号异常 钢铁ETF: All arrays must be of the same length
2026-07-24 23:42:15 | DEBUG | [20260724_234151] 信号异常 油气ETF: All arrays must be of the same length
2026-07-24 23:42:15 | DEBUG | [20260724_234151] 信号异常 传媒ETF: All arrays must be of the same length
2026-07-24 23:42:15 | DEBUG | [20260724_234151] 信号异常 游戏ETF: All arrays must be of the same length
2026-07-24 23:42:15 | DEBUG | [20260724_234151] 信号异常 机器人ETF: All arrays must be of the same length
2026-07-24 23:42:15 | DEBUG | [20260724_234151] 信号异常 汽车ETF: All arrays must be of the same length
2026-07-24 23:42:15 | DEBUG | [20260724_234151] 信号异常 基建ETF: All arrays must be of the same length
2026-07-24 23:42:15 | DEBUG | [20260724_234151] 信号异常 红利ETF: All arrays must be of the same length
2026-07-24 23:42:15 | DEBUG | [20260724_234151] 信号异常 中证红利ETF: All arrays must be of the same length
2026-07-24 23:42:15 | WARNING | [20260724_234151] 2026-05-12 回测异常: Account.holdings_value() missing 1 required positional argument: 'prices'
2026-07-24 23:42:15 | DEBUG | [20260724_234151] 信号异常 中证500ETF: All arrays must be of the same length
2026-07-24 23:42:15 | DEBUG | [20260724_234151] 信号异常 中证1000ETF: All arrays must be of the same length
2026-07-24 23:42:15 | DEBUG | [20260724_234151] 信号异常 银行ETF: All arrays must be of the same length
2026-07-24 23:42:15 | DEBUG | [20260724_234151] 信号异常 券商ETF: All arrays must be of the same length
2026-07-24 23:42:15 | DEBUG | [20260724_234151] 信号异常 房地产ETF: All arrays must be of the same length
2026-07-24 23:42:15 | DEBUG | [20260724_234151] 信号异常 食品饮料ETF: All arrays must be of the same length
2026-07-24 23:42:15 | DEBUG | [20260724_234151] 信号异常 养殖ETF: All arrays must be of the same length
2026-07-24 23:42:15 | DEBUG | [20260724_234151] 信号异常 酒ETF: All arrays must be of the same length
2026-07-24 23:42:15 | DEBUG | [20260724_234151] 信号异常 家电ETF: All arrays must be of the same length
2026-07-24 23:42:15 | DEBUG | [20260724_234151] 信号异常 医药ETF: All arrays must be of the same length
2026-07-24 23:42:15 | DEBUG | [20260724_234151] 信号异常 创新药ETF: All arrays must be of the same length
2026-07-24 23:42:15 | DEBUG | [20260724_234151] 信号异常 医疗ETF: All arrays must be of the same length
2026-07-24 23:42:15 | DEBUG | [20260724_234151] 信号异常 计算机ETF: All arrays must be of the same length
2026-07-24 23:42:15 | DEBUG | [20260724_234151] 信号异常 人工智能ETF: All arrays must be of the same length
2026-07-24 23:42:15 | DEBUG | [20260724_234151] 信号异常 新能源车ETF: All arrays must be of the same length
2026-07-24 23:42:15 | DEBUG | [20260724_234151] 信号异常 电力ETF: All arrays must be of the same length
2026-07-24 23:42:15 | DEBUG | [20260724_234151] 信号异常 光伏ETF: All arrays must be of the same length
2026-07-24 23:42:15 | DEBUG | [20260724_234151] 信号异常 军工ETF: All arrays must be of the same length
2026-07-24 23:42:15 | DEBUG | [20260724_234151] 信号异常 国防ETF: All arrays must be of the same length
2026-07-24 23:42:15 | DEBUG | [20260724_234151] 信号异常 稀土ETF: All arrays must be of the same length
2026-07-24 23:42:15 | DEBUG | [20260724_234151] 信号异常 有色金属ETF: All arrays must be of the same length
2026-07-24 23:42:15 | DEBUG | [20260724_234151] 信号异常 煤炭ETF: All arrays must be of the same length
2026-07-24 23:42:15 | DEBUG | [20260724_234151] 信号异常 化工ETF: All arrays must be of the same length
2026-07-24 23:42:15 | DEBUG | [20260724_234151] 信号异常 钢铁ETF: All arrays must be of the same length
2026-07-24 23:42:15 | DEBUG | [20260724_234151] 信号异常 油气ETF: All arrays must be of the same length
2026-07-24 23:42:15 | DEBUG | [20260724_234151] 信号异常 传媒ETF: All arrays must be of the same length
2026-07-24 23:42:15 | DEBUG | [20260724_234151] 信号异常 游戏ETF: All arrays must be of the same length
2026-07-24 23:42:15 | DEBUG | [20260724_234151] 信号异常 机器人ETF: All arrays must be of the same length
2026-07-24 23:42:15 | DEBUG | [20260724_234151] 信号异常 汽车ETF: All arrays must be of the same length
2026-07-24 23:42:15 | DEBUG | [20260724_234151] 信号异常 基建ETF: All arrays must be of the same length
2026-07-24 23:42:15 | DEBUG | [20260724_234151] 信号异常 红利ETF: All arrays must be of the same length
2026-07-24 23:42:15 | DEBUG | [20260724_234151] 信号异常 中证红利ETF: All arrays must be of the same length
2026-07-24 23:42:15 | WARNING | [20260724_234151] 2026-05-13 回测异常: Account.holdings_value() missing 1 required positional argument: 'prices'
2026-07-24 23:42:15 | DEBUG | [20260724_234151] 信号异常 中证500ETF: All arrays must be of the same length
2026-07-24 23:42:15 | DEBUG | [20260724_234151] 信号异常 中证1000ETF: All arrays must be of the same length
2026-07-24 23:42:15 | DEBUG | [20260724_234151] 信号异常 银行ETF: All arrays must be of the same length
2026-07-24 23:42:15 | DEBUG | [20260724_234151] 信号异常 券商ETF: All arrays must be of the same length
2026-07-24 23:42:15 | DEBUG | [20260724_234151] 信号异常 房地产ETF: All arrays must be of the same length
2026-07-24 23:42:15 | DEBUG | [20260724_234151] 信号异常 食品饮料ETF: All arrays must be of the same length
2026-07-24 23:42:15 | DEBUG | [20260724_234151] 信号异常 养殖ETF: All arrays must be of the same length
2026-07-24 23:42:15 | DEBUG | [20260724_234151] 信号异常 酒ETF: All arrays must be of the same length
2026-07-24 23:42:15 | DEBUG | [20260724_234151] 信号异常 家电ETF: All arrays must be of the same length
2026-07-24 23:42:15 | DEBUG | [20260724_234151] 信号异常 医药ETF: All arrays must be of the same length
2026-07-24 23:42:15 | DEBUG | [20260724_234151] 信号异常 创新药ETF: All arrays must be of the same length
2026-07-24 23:42:15 | DEBUG | [20260724_234151] 信号异常 医疗ETF: All arrays must be of the same length
2026-07-24 23:42:15 | DEBUG | [20260724_234151] 信号异常 计算机ETF: All arrays must be of the same length
2026-07-24 23:42:15 | DEBUG | [20260724_234151] 信号异常 人工智能ETF: All arrays must be of the same length
2026-07-24 23:42:15 | DEBUG | [20260724_234151] 信号异常 新能源车ETF: All arrays must be of the same length
2026-07-24 23:42:15 | DEBUG | [20260724_234151] 信号异常 电力ETF: All arrays must be of the same length
2026-07-24 23:42:15 | DEBUG | [20260724_234151] 信号异常 光伏ETF: All arrays must be of the same length
2026-07-24 23:42:15 | DEBUG | [20260724_234151] 信号异常 军工ETF: All arrays must be of the same length
2026-07-24 23:42:15 | DEBUG | [20260724_234151] 信号异常 国防ETF: All arrays must be of the same length
2026-07-24 23:42:15 | DEBUG | [20260724_234151] 信号异常 稀土ETF: All arrays must be of the same length
2026-07-24 23:42:15 | DEBUG | [20260724_234151] 信号异常 有色金属ETF: All arrays must be of the same length
2026-07-24 23:42:15 | DEBUG | [20260724_234151] 信号异常 煤炭ETF: All arrays must be of the same length
2026-07-24 23:42:15 | DEBUG | [20260724_234151] 信号异常 化工ETF: All arrays must be of the same length
2026-07-24 23:42:15 | DEBUG | [20260724_234151] 信号异常 钢铁ETF: All arrays must be of the same length
2026-07-24 23:42:15 | DEBUG | [20260724_234151] 信号异常 油气ETF: All arrays must be of the same length
2026-07-24 23:42:15 | DEBUG | [20260724_234151] 信号异常 传媒ETF: All arrays must be of the same length
2026-07-24 23:42:15 | DEBUG | [20260724_234151] 信号异常 游戏ETF: All arrays must be of the same length
2026-07-24 23:42:15 | DEBUG | [20260724_234151] 信号异常 机器人ETF: All arrays must be of the same length
2026-07-24 23:42:15 | DEBUG | [20260724_234151] 信号异常 汽车ETF: All arrays must be of the same length
2026-07-24 23:42:15 | DEBUG | [20260724_234151] 信号异常 基建ETF: All arrays must be of the same length
2026-07-24 23:42:15 | DEBUG | [20260724_234151] 信号异常 红利ETF: All arrays must be of the same length
2026-07-24 23:42:15 | DEBUG | [20260724_234151] 信号异常 中证红利ETF: All arrays must be of the same length
2026-07-24 23:42:15 | WARNING | [20260724_234151] 2026-05-14 回测异常: Account.holdings_value() missing 1 required positional argument: 'prices'
2026-07-24 23:42:15 | DEBUG | [20260724_234151] 信号异常 中证500ETF: All arrays must be of the same length
2026-07-24 23:42:15 | DEBUG | [20260724_234151] 信号异常 中证1000ETF: All arrays must be of the same length
2026-07-24 23:42:15 | DEBUG | [20260724_234151] 信号异常 银行ETF: All arrays must be of the same length
2026-07-24 23:42:15 | DEBUG | [20260724_234151] 信号异常 券商ETF: All arrays must be of the same length
2026-07-24 23:42:15 | DEBUG | [20260724_234151] 信号异常 房地产ETF: All arrays must be of the same length
2026-07-24 23:42:15 | DEBUG | [20260724_234151] 信号异常 食品饮料ETF: All arrays must be of the same length
2026-07-24 23:42:15 | DEBUG | [20260724_234151] 信号异常 养殖ETF: All arrays must be of the same length
2026-07-24 23:42:15 | DEBUG | [20260724_234151] 信号异常 酒ETF: All arrays must be of the same length
2026-07-24 23:42:15 | DEBUG | [20260724_234151] 信号异常 家电ETF: All arrays must be of the same length
2026-07-24 23:42:15 | DEBUG | [20260724_234151] 信号异常 医药ETF: All arrays must be of the same length
2026-07-24 23:42:15 | DEBUG | [20260724_234151] 信号异常 创新药ETF: All arrays must be of the same length
2026-07-24 23:42:15 | DEBUG | [20260724_234151] 信号异常 医疗ETF: All arrays must be of the same length
2026-07-24 23:42:15 | DEBUG | [20260724_234151] 信号异常 计算机ETF: All arrays must be of the same length
2026-07-24 23:42:15 | DEBUG | [20260724_234151] 信号异常 人工智能ETF: All arrays must be of the same length
2026-07-24 23:42:15 | DEBUG | [20260724_234151] 信号异常 新能源车ETF: All arrays must be of the same length
2026-07-24 23:42:15 | DEBUG | [20260724_234151] 信号异常 电力ETF: All arrays must be of the same length
2026-07-24 23:42:15 | DEBUG | [20260724_234151] 信号异常 光伏ETF: All arrays must be of the same length
2026-07-24 23:42:15 | DEBUG | [20260724_234151] 信号异常 军工ETF: All arrays must be of the same length
2026-07-24 23:42:15 | DEBUG | [20260724_234151] 信号异常 国防ETF: All arrays must be of the same length
2026-07-24 23:42:15 | DEBUG | [20260724_234151] 信号异常 稀土ETF: All arrays must be of the same length
2026-07-24 23:42:15 | DEBUG | [20260724_234151] 信号异常 有色金属ETF: All arrays must be of the same length
2026-07-24 23:42:15 | DEBUG | [20260724_234151] 信号异常 煤炭ETF: All arrays must be of the same length
2026-07-24 23:42:15 | DEBUG | [20260724_234151] 信号异常 化工ETF: All arrays must be of the same length
2026-07-24 23:42:15 | DEBUG | [20260724_234151] 信号异常 钢铁ETF: All arrays must be of the same length
2026-07-24 23:42:15 | DEBUG | [20260724_234151] 信号异常 油气ETF: All arrays must be of the same length
2026-07-24 23:42:15 | DEBUG | [20260724_234151] 信号异常 传媒ETF: All arrays must be of the same length
2026-07-24 23:42:15 | DEBUG | [20260724_234151] 信号异常 游戏ETF: All arrays must be of the same length
2026-07-24 23:42:15 | DEBUG | [20260724_234151] 信号异常 机器人ETF: All arrays must be of the same length
2026-07-24 23:42:15 | DEBUG | [20260724_234151] 信号异常 汽车ETF: All arrays must be of the same length
2026-07-24 23:42:15 | DEBUG | [20260724_234151] 信号异常 基建ETF: All arrays must be of the same length
2026-07-24 23:42:15 | DEBUG | [20260724_234151] 信号异常 红利ETF: All arrays must be of the same length
2026-07-24 23:42:15 | DEBUG | [20260724_234151] 信号异常 中证红利ETF: All arrays must be of the same length
2026-07-24 23:42:15 | WARNING | [20260724_234151] 2026-05-15 回测异常: Account.holdings_value() missing 1 required positional argument: 'prices'
2026-07-24 23:42:15 | DEBUG | [20260724_234151] 信号异常 中证500ETF: All arrays must be of the same length
2026-07-24 23:42:15 | DEBUG | [20260724_234151] 信号异常 中证1000ETF: All arrays must be of the same length
2026-07-24 23:42:15 | DEBUG | [20260724_234151] 信号异常 银行ETF: All arrays must be of the same length
2026-07-24 23:42:15 | DEBUG | [20260724_234151] 信号异常 券商ETF: All arrays must be of the same length
2026-07-24 23:42:15 | DEBUG | [20260724_234151] 信号异常 房地产ETF: All arrays must be of the same length
2026-07-24 23:42:15 | DEBUG | [20260724_234151] 信号异常 食品饮料ETF: All arrays must be of the same length
2026-07-24 23:42:15 | DEBUG | [20260724_234151] 信号异常 养殖ETF: All arrays must be of the same length
2026-07-24 23:42:15 | DEBUG | [20260724_234151] 信号异常 酒ETF: All arrays must be of the same length
2026-07-24 23:42:15 | DEBUG | [20260724_234151] 信号异常 家电ETF: All arrays must be of the same length
2026-07-24 23:42:15 | DEBUG | [20260724_234151] 信号异常 医药ETF: All arrays must be of the same length
2026-07-24 23:42:15 | DEBUG | [20260724_234151] 信号异常 创新药ETF: All arrays must be of the same length
2026-07-24 23:42:15 | DEBUG | [20260724_234151] 信号异常 医疗ETF: All arrays must be of the same length
2026-07-24 23:42:15 | DEBUG | [20260724_234151] 信号异常 计算机ETF: All arrays must be of the same length
2026-07-24 23:42:15 | DEBUG | [20260724_234151] 信号异常 人工智能ETF: All arrays must be of the same length
2026-07-24 23:42:15 | DEBUG | [20260724_234151] 信号异常 新能源车ETF: All arrays must be of the same length
2026-07-24 23:42:15 | DEBUG | [20260724_234151] 信号异常 电力ETF: All arrays must be of the same length
2026-07-24 23:42:15 | DEBUG | [20260724_234151] 信号异常 光伏ETF: All arrays must be of the same length
2026-07-24 23:42:15 | DEBUG | [20260724_234151] 信号异常 军工ETF: All arrays must be of the same length
2026-07-24 23:42:15 | DEBUG | [20260724_234151] 信号异常 国防ETF: All arrays must be of the same length
2026-07-24 23:42:15 | DEBUG | [20260724_234151] 信号异常 稀土ETF: All arrays must be of the same length
2026-07-24 23:42:15 | DEBUG | [20260724_234151] 信号异常 有色金属ETF: All arrays must be of the same length
2026-07-24 23:42:15 | DEBUG | [20260724_234151] 信号异常 煤炭ETF: All arrays must be of the same length
2026-07-24 23:42:15 | DEBUG | [20260724_234151] 信号异常 化工ETF: All arrays must be of the same length
2026-07-24 23:42:15 | DEBUG | [20260724_234151] 信号异常 钢铁ETF: All arrays must be of the same length
2026-07-24 23:42:15 | DEBUG | [20260724_234151] 信号异常 油气ETF: All arrays must be of the same length
2026-07-24 23:42:15 | DEBUG | [20260724_234151] 信号异常 传媒ETF: All arrays must be of the same length
2026-07-24 23:42:15 | DEBUG | [20260724_234151] 信号异常 游戏ETF: All arrays must be of the same length
2026-07-24 23:42:15 | DEBUG | [20260724_234151] 信号异常 机器人ETF: All arrays must be of the same length
2026-07-24 23:42:15 | DEBUG | [20260724_234151] 信号异常 汽车ETF: All arrays must be of the same length
2026-07-24 23:42:15 | DEBUG | [20260724_234151] 信号异常 基建ETF: All arrays must be of the same length
2026-07-24 23:42:15 | DEBUG | [20260724_234151] 信号异常 红利ETF: All arrays must be of the same length
2026-07-24 23:42:15 | DEBUG | [20260724_234151] 信号异常 中证红利ETF: All arrays must be of the same length
2026-07-24 23:42:15 | WARNING | [20260724_234151] 2026-05-18 回测异常: Account.holdings_value() missing 1 required positional argument: 'prices'
2026-07-24 23:42:15 | DEBUG | [20260724_234151] 信号异常 中证500ETF: All arrays must be of the same length
2026-07-24 23:42:15 | DEBUG | [20260724_234151] 信号异常 中证1000ETF: All arrays must be of the same length
2026-07-24 23:42:15 | DEBUG | [20260724_234151] 信号异常 银行ETF: All arrays must be of the same length
2026-07-24 23:42:15 | DEBUG | [20260724_234151] 信号异常 券商ETF: All arrays must be of the same length
2026-07-24 23:42:15 | DEBUG | [20260724_234151] 信号异常 房地产ETF: All arrays must be of the same length
2026-07-24 23:42:15 | DEBUG | [20260724_234151] 信号异常 食品饮料ETF: All arrays must be of the same length
2026-07-24 23:42:15 | DEBUG | [20260724_234151] 信号异常 养殖ETF: All arrays must be of the same length
2026-07-24 23:42:15 | DEBUG | [20260724_234151] 信号异常 酒ETF: All arrays must be of the same length
2026-07-24 23:42:15 | DEBUG | [20260724_234151] 信号异常 家电ETF: All arrays must be of the same length
2026-07-24 23:42:15 | DEBUG | [20260724_234151] 信号异常 医药ETF: All arrays must be of the same length
2026-07-24 23:42:15 | DEBUG | [20260724_234151] 信号异常 创新药ETF: All arrays must be of the same length
2026-07-24 23:42:15 | DEBUG | [20260724_234151] 信号异常 医疗ETF: All arrays must be of the same length
2026-07-24 23:42:15 | DEBUG | [20260724_234151] 信号异常 计算机ETF: All arrays must be of the same length
2026-07-24 23:42:15 | DEBUG | [20260724_234151] 信号异常 人工智能ETF: All arrays must be of the same length
2026-07-24 23:42:15 | DEBUG | [20260724_234151] 信号异常 新能源车ETF: All arrays must be of the same length
2026-07-24 23:42:15 | DEBUG | [20260724_234151] 信号异常 电力ETF: All arrays must be of the same length
2026-07-24 23:42:15 | DEBUG | [20260724_234151] 信号异常 光伏ETF: All arrays must be of the same length
2026-07-24 23:42:15 | DEBUG | [20260724_234151] 信号异常 军工ETF: All arrays must be of the same length
2026-07-24 23:42:15 | DEBUG | [20260724_234151] 信号异常 国防ETF: All arrays must be of the same length
2026-07-24 23:42:15 | DEBUG | [20260724_234151] 信号异常 稀土ETF: All arrays must be of the same length
2026-07-24 23:42:15 | DEBUG | [20260724_234151] 信号异常 有色金属ETF: All arrays must be of the same length
2026-07-24 23:42:15 | DEBUG | [20260724_234151] 信号异常 煤炭ETF: All arrays must be of the same length
2026-07-24 23:42:15 | DEBUG | [20260724_234151] 信号异常 化工ETF: All arrays must be of the same length
2026-07-24 23:42:15 | DEBUG | [20260724_234151] 信号异常 钢铁ETF: All arrays must be of the same length
2026-07-24 23:42:15 | DEBUG | [20260724_234151] 信号异常 油气ETF: All arrays must be of the same length
2026-07-24 23:42:15 | DEBUG | [20260724_234151] 信号异常 传媒ETF: All arrays must be of the same length
2026-07-24 23:42:15 | DEBUG | [20260724_234151] 信号异常 游戏ETF: All arrays must be of the same length
2026-07-24 23:42:15 | DEBUG | [20260724_234151] 信号异常 机器人ETF: All arrays must be of the same length
2026-07-24 23:42:15 | DEBUG | [20260724_234151] 信号异常 汽车ETF: All arrays must be of the same length
2026-07-24 23:42:15 | DEBUG | [20260724_234151] 信号异常 基建ETF: All arrays must be of the same length
2026-07-24 23:42:15 | DEBUG | [20260724_234151] 信号异常 红利ETF: All arrays must be of the same length
2026-07-24 23:42:15 | DEBUG | [20260724_234151] 信号异常 中证红利ETF: All arrays must be of the same length
2026-07-24 23:42:15 | WARNING | [20260724_234151] 2026-05-19 回测异常: Account.holdings_value() missing 1 required positional argument: 'prices'
2026-07-24 23:42:15 | DEBUG | [20260724_234151] 信号异常 中证500ETF: All arrays must be of the same length
2026-07-24 23:42:15 | DEBUG | [20260724_234151] 信号异常 中证1000ETF: All arrays must be of the same length
2026-07-24 23:42:15 | DEBUG | [20260724_234151] 信号异常 银行ETF: All arrays must be of the same length
2026-07-24 23:42:15 | DEBUG | [20260724_234151] 信号异常 券商ETF: All arrays must be of the same length
2026-07-24 23:42:15 | DEBUG | [20260724_234151] 信号异常 房地产ETF: All arrays must be of the same length
2026-07-24 23:42:15 | DEBUG | [20260724_234151] 信号异常 食品饮料ETF: All arrays must be of the same length
2026-07-24 23:42:15 | DEBUG | [20260724_234151] 信号异常 养殖ETF: All arrays must be of the same length
2026-07-24 23:42:15 | DEBUG | [20260724_234151] 信号异常 酒ETF: All arrays must be of the same length
2026-07-24 23:42:15 | DEBUG | [20260724_234151] 信号异常 家电ETF: All arrays must be of the same length
2026-07-24 23:42:15 | DEBUG | [20260724_234151] 信号异常 医药ETF: All arrays must be of the same length
2026-07-24 23:42:15 | DEBUG | [20260724_234151] 信号异常 创新药ETF: All arrays must be of the same length
2026-07-24 23:42:15 | DEBUG | [20260724_234151] 信号异常 医疗ETF: All arrays must be of the same length
2026-07-24 23:42:15 | DEBUG | [20260724_234151] 信号异常 计算机ETF: All arrays must be of the same length
2026-07-24 23:42:15 | DEBUG | [20260724_234151] 信号异常 人工智能ETF: All arrays must be of the same length
2026-07-24 23:42:15 | DEBUG | [20260724_234151] 信号异常 新能源车ETF: All arrays must be of the same length
2026-07-24 23:42:15 | DEBUG | [20260724_234151] 信号异常 电力ETF: All arrays must be of the same length
2026-07-24 23:42:15 | DEBUG | [20260724_234151] 信号异常 光伏ETF: All arrays must be of the same length
2026-07-24 23:42:15 | DEBUG | [20260724_234151] 信号异常 军工ETF: All arrays must be of the same length
2026-07-24 23:42:15 | DEBUG | [20260724_234151] 信号异常 国防ETF: All arrays must be of the same length
2026-07-24 23:42:15 | DEBUG | [20260724_234151] 信号异常 稀土ETF: All arrays must be of the same length
2026-07-24 23:42:15 | DEBUG | [20260724_234151] 信号异常 有色金属ETF: All arrays must be of the same length
2026-07-24 23:42:15 | DEBUG | [20260724_234151] 信号异常 煤炭ETF: All arrays must be of the same length
2026-07-24 23:42:15 | DEBUG | [20260724_234151] 信号异常 化工ETF: All arrays must be of the same length
2026-07-24 23:42:15 | DEBUG | [20260724_234151] 信号异常 钢铁ETF: All arrays must be of the same length
2026-07-24 23:42:15 | DEBUG | [20260724_234151] 信号异常 油气ETF: All arrays must be of the same length
2026-07-24 23:42:15 | DEBUG | [20260724_234151] 信号异常 传媒ETF: All arrays must be of the same length
2026-07-24 23:42:15 | DEBUG | [20260724_234151] 信号异常 游戏ETF: All arrays must be of the same length
2026-07-24 23:42:15 | DEBUG | [20260724_234151] 信号异常 机器人ETF: All arrays must be of the same length
2026-07-24 23:42:15 | DEBUG | [20260724_234151] 信号异常 汽车ETF: All arrays must be of the same length
2026-07-24 23:42:15 | DEBUG | [20260724_234151] 信号异常 基建ETF: All arrays must be of the same length
2026-07-24 23:42:15 | DEBUG | [20260724_234151] 信号异常 红利ETF: All arrays must be of the same length
2026-07-24 23:42:15 | DEBUG | [20260724_234151] 信号异常 中证红利ETF: All arrays must be of the same length
2026-07-24 23:42:15 | WARNING | [20260724_234151] 2026-05-20 回测异常: Account.holdings_value() missing 1 required positional argument: 'prices'
2026-07-24 23:42:15 | DEBUG | [20260724_234151] 信号异常 中证500ETF: All arrays must be of the same length
2026-07-24 23:42:15 | DEBUG | [20260724_234151] 信号异常 中证1000ETF: All arrays must be of the same length
2026-07-24 23:42:15 | DEBUG | [20260724_234151] 信号异常 银行ETF: All arrays must be of the same length
2026-07-24 23:42:15 | DEBUG | [20260724_234151] 信号异常 券商ETF: All arrays must be of the same length
2026-07-24 23:42:15 | DEBUG | [20260724_234151] 信号异常 房地产ETF: All arrays must be of the same length
2026-07-24 23:42:15 | DEBUG | [20260724_234151] 信号异常 食品饮料ETF: All arrays must be of the same length
2026-07-24 23:42:15 | DEBUG | [20260724_234151] 信号异常 养殖ETF: All arrays must be of the same length
2026-07-24 23:42:15 | DEBUG | [20260724_234151] 信号异常 酒ETF: All arrays must be of the same length
2026-07-24 23:42:15 | DEBUG | [20260724_234151] 信号异常 家电ETF: All arrays must be of the same length
2026-07-24 23:42:15 | DEBUG | [20260724_234151] 信号异常 医药ETF: All arrays must be of the same length
2026-07-24 23:42:15 | DEBUG | [20260724_234151] 信号异常 创新药ETF: All arrays must be of the same length
2026-07-24 23:42:15 | DEBUG | [20260724_234151] 信号异常 医疗ETF: All arrays must be of the same length
2026-07-24 23:42:15 | DEBUG | [20260724_234151] 信号异常 计算机ETF: All arrays must be of the same length
2026-07-24 23:42:15 | DEBUG | [20260724_234151] 信号异常 人工智能ETF: All arrays must be of the same length
2026-07-24 23:42:15 | DEBUG | [20260724_234151] 信号异常 新能源车ETF: All arrays must be of the same length
2026-07-24 23:42:15 | DEBUG | [20260724_234151] 信号异常 电力ETF: All arrays must be of the same length
2026-07-24 23:42:15 | DEBUG | [20260724_234151] 信号异常 光伏ETF: All arrays must be of the same length
2026-07-24 23:42:15 | DEBUG | [20260724_234151] 信号异常 军工ETF: All arrays must be of the same length
2026-07-24 23:42:15 | DEBUG | [20260724_234151] 信号异常 国防ETF: All arrays must be of the same length
2026-07-24 23:42:15 | DEBUG | [20260724_234151] 信号异常 稀土ETF: All arrays must be of the same length
2026-07-24 23:42:15 | DEBUG | [20260724_234151] 信号异常 有色金属ETF: All arrays must be of the same length
2026-07-24 23:42:16 | DEBUG | [20260724_234151] 信号异常 煤炭ETF: All arrays must be of the same length
2026-07-24 23:42:16 | DEBUG | [20260724_234151] 信号异常 化工ETF: All arrays must be of the same length
2026-07-24 23:42:16 | DEBUG | [20260724_234151] 信号异常 钢铁ETF: All arrays must be of the same length
2026-07-24 23:42:16 | DEBUG | [20260724_234151] 信号异常 油气ETF: All arrays must be of the same length
2026-07-24 23:42:16 | DEBUG | [20260724_234151] 信号异常 传媒ETF: All arrays must be of the same length
2026-07-24 23:42:16 | DEBUG | [20260724_234151] 信号异常 游戏ETF: All arrays must be of the same length
2026-07-24 23:42:16 | DEBUG | [20260724_234151] 信号异常 机器人ETF: All arrays must be of the same length
2026-07-24 23:42:16 | DEBUG | [20260724_234151] 信号异常 汽车ETF: All arrays must be of the same length
2026-07-24 23:42:16 | DEBUG | [20260724_234151] 信号异常 基建ETF: All arrays must be of the same length
2026-07-24 23:42:16 | DEBUG | [20260724_234151] 信号异常 红利ETF: All arrays must be of the same length
2026-07-24 23:42:16 | DEBUG | [20260724_234151] 信号异常 中证红利ETF: All arrays must be of the same length
2026-07-24 23:42:16 | WARNING | [20260724_234151] 2026-05-21 回测异常: Account.holdings_value() missing 1 required positional argument: 'prices'
2026-07-24 23:42:16 | DEBUG | [20260724_234151] 信号异常 中证500ETF: All arrays must be of the same length
2026-07-24 23:42:16 | DEBUG | [20260724_234151] 信号异常 中证1000ETF: All arrays must be of the same length
2026-07-24 23:42:16 | DEBUG | [20260724_234151] 信号异常 银行ETF: All arrays must be of the same length
2026-07-24 23:42:16 | DEBUG | [20260724_234151] 信号异常 券商ETF: All arrays must be of the same length
2026-07-24 23:42:16 | DEBUG | [20260724_234151] 信号异常 房地产ETF: All arrays must be of the same length
2026-07-24 23:42:16 | DEBUG | [20260724_234151] 信号异常 食品饮料ETF: All arrays must be of the same length
2026-07-24 23:42:16 | DEBUG | [20260724_234151] 信号异常 养殖ETF: All arrays must be of the same length
2026-07-24 23:42:16 | DEBUG | [20260724_234151] 信号异常 酒ETF: All arrays must be of the same length
2026-07-24 23:42:16 | DEBUG | [20260724_234151] 信号异常 家电ETF: All arrays must be of the same length
2026-07-24 23:42:16 | DEBUG | [20260724_234151] 信号异常 医药ETF: All arrays must be of the same length
2026-07-24 23:42:16 | DEBUG | [20260724_234151] 信号异常 创新药ETF: All arrays must be of the same length
2026-07-24 23:42:16 | DEBUG | [20260724_234151] 信号异常 医疗ETF: All arrays must be of the same length
2026-07-24 23:42:16 | DEBUG | [20260724_234151] 信号异常 计算机ETF: All arrays must be of the same length
2026-07-24 23:42:16 | DEBUG | [20260724_234151] 信号异常 人工智能ETF: All arrays must be of the same length
2026-07-24 23:42:16 | DEBUG | [20260724_234151] 信号异常 新能源车ETF: All arrays must be of the same length
2026-07-24 23:42:16 | DEBUG | [20260724_234151] 信号异常 电力ETF: All arrays must be of the same length
2026-07-24 23:42:16 | DEBUG | [20260724_234151] 信号异常 光伏ETF: All arrays must be of the same length
2026-07-24 23:42:16 | DEBUG | [20260724_234151] 信号异常 军工ETF: All arrays must be of the same length
2026-07-24 23:42:16 | DEBUG | [20260724_234151] 信号异常 国防ETF: All arrays must be of the same length
2026-07-24 23:42:16 | DEBUG | [20260724_234151] 信号异常 稀土ETF: All arrays must be of the same length
2026-07-24 23:42:16 | DEBUG | [20260724_234151] 信号异常 有色金属ETF: All arrays must be of the same length
2026-07-24 23:42:16 | DEBUG | [20260724_234151] 信号异常 煤炭ETF: All arrays must be of the same length
2026-07-24 23:42:16 | DEBUG | [20260724_234151] 信号异常 化工ETF: All arrays must be of the same length
2026-07-24 23:42:16 | DEBUG | [20260724_234151] 信号异常 钢铁ETF: All arrays must be of the same length
2026-07-24 23:42:16 | DEBUG | [20260724_234151] 信号异常 油气ETF: All arrays must be of the same length
2026-07-24 23:42:16 | DEBUG | [20260724_234151] 信号异常 传媒ETF: All arrays must be of the same length
2026-07-24 23:42:16 | DEBUG | [20260724_234151] 信号异常 游戏ETF: All arrays must be of the same length
2026-07-24 23:42:16 | DEBUG | [20260724_234151] 信号异常 机器人ETF: All arrays must be of the same length
2026-07-24 23:42:16 | DEBUG | [20260724_234151] 信号异常 汽车ETF: All arrays must be of the same length
2026-07-24 23:42:16 | DEBUG | [20260724_234151] 信号异常 基建ETF: All arrays must be of the same length
2026-07-24 23:42:16 | DEBUG | [20260724_234151] 信号异常 红利ETF: All arrays must be of the same length
2026-07-24 23:42:16 | DEBUG | [20260724_234151] 信号异常 中证红利ETF: All arrays must be of the same length
2026-07-24 23:42:16 | WARNING | [20260724_234151] 2026-05-22 回测异常: Account.holdings_value() missing 1 required positional argument: 'prices'
2026-07-24 23:42:16 | DEBUG | [20260724_234151] 信号异常 中证500ETF: All arrays must be of the same length
2026-07-24 23:42:16 | DEBUG | [20260724_234151] 信号异常 中证1000ETF: All arrays must be of the same length
2026-07-24 23:42:16 | DEBUG | [20260724_234151] 信号异常 银行ETF: All arrays must be of the same length
2026-07-24 23:42:16 | DEBUG | [20260724_234151] 信号异常 券商ETF: All arrays must be of the same length
2026-07-24 23:42:16 | DEBUG | [20260724_234151] 信号异常 房地产ETF: All arrays must be of the same length
2026-07-24 23:42:16 | DEBUG | [20260724_234151] 信号异常 食品饮料ETF: All arrays must be of the same length
2026-07-24 23:42:16 | DEBUG | [20260724_234151] 信号异常 养殖ETF: All arrays must be of the same length
2026-07-24 23:42:16 | DEBUG | [20260724_234151] 信号异常 酒ETF: All arrays must be of the same length
2026-07-24 23:42:16 | DEBUG | [20260724_234151] 信号异常 家电ETF: All arrays must be of the same length
2026-07-24 23:42:16 | DEBUG | [20260724_234151] 信号异常 医药ETF: All arrays must be of the same length
2026-07-24 23:42:16 | DEBUG | [20260724_234151] 信号异常 创新药ETF: All arrays must be of the same length
2026-07-24 23:42:16 | DEBUG | [20260724_234151] 信号异常 医疗ETF: All arrays must be of the same length
2026-07-24 23:42:16 | DEBUG | [20260724_234151] 信号异常 计算机ETF: All arrays must be of the same length
2026-07-24 23:42:16 | DEBUG | [20260724_234151] 信号异常 人工智能ETF: All arrays must be of the same length
2026-07-24 23:42:16 | DEBUG | [20260724_234151] 信号异常 新能源车ETF: All arrays must be of the same length
2026-07-24 23:42:16 | DEBUG | [20260724_234151] 信号异常 电力ETF: All arrays must be of the same length
2026-07-24 23:42:16 | DEBUG | [20260724_234151] 信号异常 光伏ETF: All arrays must be of the same length
2026-07-24 23:42:16 | DEBUG | [20260724_234151] 信号异常 军工ETF: All arrays must be of the same length
2026-07-24 23:42:16 | DEBUG | [20260724_234151] 信号异常 国防ETF: All arrays must be of the same length
2026-07-24 23:42:16 | DEBUG | [20260724_234151] 信号异常 稀土ETF: All arrays must be of the same length
2026-07-24 23:42:16 | DEBUG | [20260724_234151] 信号异常 有色金属ETF: All arrays must be of the same length
2026-07-24 23:42:16 | DEBUG | [20260724_234151] 信号异常 煤炭ETF: All arrays must be of the same length
2026-07-24 23:42:16 | DEBUG | [20260724_234151] 信号异常 化工ETF: All arrays must be of the same length
2026-07-24 23:42:16 | DEBUG | [20260724_234151] 信号异常 钢铁ETF: All arrays must be of the same length
2026-07-24 23:42:16 | DEBUG | [20260724_234151] 信号异常 油气ETF: All arrays must be of the same length
2026-07-24 23:42:16 | DEBUG | [20260724_234151] 信号异常 传媒ETF: All arrays must be of the same length
2026-07-24 23:42:16 | DEBUG | [20260724_234151] 信号异常 游戏ETF: All arrays must be of the same length
2026-07-24 23:42:16 | DEBUG | [20260724_234151] 信号异常 机器人ETF: All arrays must be of the same length
2026-07-24 23:42:16 | DEBUG | [20260724_234151] 信号异常 汽车ETF: All arrays must be of the same length
2026-07-24 23:42:16 | DEBUG | [20260724_234151] 信号异常 基建ETF: All arrays must be of the same length
2026-07-24 23:42:16 | DEBUG | [20260724_234151] 信号异常 红利ETF: All arrays must be of the same length
2026-07-24 23:42:16 | DEBUG | [20260724_234151] 信号异常 中证红利ETF: All arrays must be of the same length
2026-07-24 23:42:16 | WARNING | [20260724_234151] 2026-05-25 回测异常: Account.holdings_value() missing 1 required positional argument: 'prices'
2026-07-24 23:42:16 | DEBUG | [20260724_234151] 信号异常 中证500ETF: All arrays must be of the same length
2026-07-24 23:42:16 | DEBUG | [20260724_234151] 信号异常 中证1000ETF: All arrays must be of the same length
2026-07-24 23:42:16 | DEBUG | [20260724_234151] 信号异常 银行ETF: All arrays must be of the same length
2026-07-24 23:42:16 | DEBUG | [20260724_234151] 信号异常 券商ETF: All arrays must be of the same length
2026-07-24 23:42:16 | DEBUG | [20260724_234151] 信号异常 房地产ETF: All arrays must be of the same length
2026-07-24 23:42:16 | DEBUG | [20260724_234151] 信号异常 食品饮料ETF: All arrays must be of the same length
2026-07-24 23:42:16 | DEBUG | [20260724_234151] 信号异常 养殖ETF: All arrays must be of the same length
2026-07-24 23:42:16 | DEBUG | [20260724_234151] 信号异常 酒ETF: All arrays must be of the same length
2026-07-24 23:42:16 | DEBUG | [20260724_234151] 信号异常 家电ETF: All arrays must be of the same length
2026-07-24 23:42:16 | DEBUG | [20260724_234151] 信号异常 医药ETF: All arrays must be of the same length
2026-07-24 23:42:16 | DEBUG | [20260724_234151] 信号异常 创新药ETF: All arrays must be of the same length
2026-07-24 23:42:16 | DEBUG | [20260724_234151] 信号异常 医疗ETF: All arrays must be of the same length
2026-07-24 23:42:16 | DEBUG | [20260724_234151] 信号异常 计算机ETF: All arrays must be of the same length
2026-07-24 23:42:16 | DEBUG | [20260724_234151] 信号异常 人工智能ETF: All arrays must be of the same length
2026-07-24 23:42:16 | DEBUG | [20260724_234151] 信号异常 新能源车ETF: All arrays must be of the same length
2026-07-24 23:42:16 | DEBUG | [20260724_234151] 信号异常 电力ETF: All arrays must be of the same length
2026-07-24 23:42:16 | DEBUG | [20260724_234151] 信号异常 光伏ETF: All arrays must be of the same length
2026-07-24 23:42:16 | DEBUG | [20260724_234151] 信号异常 军工ETF: All arrays must be of the same length
2026-07-24 23:42:16 | DEBUG | [20260724_234151] 信号异常 国防ETF: All arrays must be of the same length
2026-07-24 23:42:16 | DEBUG | [20260724_234151] 信号异常 稀土ETF: All arrays must be of the same length
2026-07-24 23:42:16 | DEBUG | [20260724_234151] 信号异常 有色金属ETF: All arrays must be of the same length
2026-07-24 23:42:16 | DEBUG | [20260724_234151] 信号异常 煤炭ETF: All arrays must be of the same length
2026-07-24 23:42:16 | DEBUG | [20260724_234151] 信号异常 化工ETF: All arrays must be of the same length
2026-07-24 23:42:16 | DEBUG | [20260724_234151] 信号异常 钢铁ETF: All arrays must be of the same length
2026-07-24 23:42:16 | DEBUG | [20260724_234151] 信号异常 油气ETF: All arrays must be of the same length
2026-07-24 23:42:16 | DEBUG | [20260724_234151] 信号异常 传媒ETF: All arrays must be of the same length
2026-07-24 23:42:16 | DEBUG | [20260724_234151] 信号异常 游戏ETF: All arrays must be of the same length
2026-07-24 23:42:16 | DEBUG | [20260724_234151] 信号异常 机器人ETF: All arrays must be of the same length
2026-07-24 23:42:16 | DEBUG | [20260724_234151] 信号异常 汽车ETF: All arrays must be of the same length
2026-07-24 23:42:16 | DEBUG | [20260724_234151] 信号异常 基建ETF: All arrays must be of the same length
2026-07-24 23:42:16 | DEBUG | [20260724_234151] 信号异常 红利ETF: All arrays must be of the same length
2026-07-24 23:42:16 | DEBUG | [20260724_234151] 信号异常 中证红利ETF: All arrays must be of the same length
2026-07-24 23:42:16 | WARNING | [20260724_234151] 2026-05-26 回测异常: Account.holdings_value() missing 1 required positional argument: 'prices'
2026-07-24 23:42:16 | DEBUG | [20260724_234151] 信号异常 中证500ETF: All arrays must be of the same length
2026-07-24 23:42:16 | DEBUG | [20260724_234151] 信号异常 中证1000ETF: All arrays must be of the same length
2026-07-24 23:42:16 | DEBUG | [20260724_234151] 信号异常 银行ETF: All arrays must be of the same length
2026-07-24 23:42:16 | DEBUG | [20260724_234151] 信号异常 券商ETF: All arrays must be of the same length
2026-07-24 23:42:16 | DEBUG | [20260724_234151] 信号异常 房地产ETF: All arrays must be of the same length
2026-07-24 23:42:16 | DEBUG | [20260724_234151] 信号异常 食品饮料ETF: All arrays must be of the same length
2026-07-24 23:42:16 | DEBUG | [20260724_234151] 信号异常 养殖ETF: All arrays must be of the same length
2026-07-24 23:42:16 | DEBUG | [20260724_234151] 信号异常 酒ETF: All arrays must be of the same length
2026-07-24 23:42:16 | DEBUG | [20260724_234151] 信号异常 家电ETF: All arrays must be of the same length
2026-07-24 23:42:16 | DEBUG | [20260724_234151] 信号异常 医药ETF: All arrays must be of the same length
2026-07-24 23:42:16 | DEBUG | [20260724_234151] 信号异常 创新药ETF: All arrays must be of the same length
2026-07-24 23:42:16 | DEBUG | [20260724_234151] 信号异常 医疗ETF: All arrays must be of the same length
2026-07-24 23:42:16 | DEBUG | [20260724_234151] 信号异常 计算机ETF: All arrays must be of the same length
2026-07-24 23:42:16 | DEBUG | [20260724_234151] 信号异常 人工智能ETF: All arrays must be of the same length
2026-07-24 23:42:16 | DEBUG | [20260724_234151] 信号异常 新能源车ETF: All arrays must be of the same length
2026-07-24 23:42:16 | DEBUG | [20260724_234151] 信号异常 电力ETF: All arrays must be of the same length
2026-07-24 23:42:16 | DEBUG | [20260724_234151] 信号异常 光伏ETF: All arrays must be of the same length
2026-07-24 23:42:16 | DEBUG | [20260724_234151] 信号异常 军工ETF: All arrays must be of the same length
2026-07-24 23:42:16 | DEBUG | [20260724_234151] 信号异常 国防ETF: All arrays must be of the same length
2026-07-24 23:42:16 | DEBUG | [20260724_234151] 信号异常 稀土ETF: All arrays must be of the same length
2026-07-24 23:42:16 | DEBUG | [20260724_234151] 信号异常 有色金属ETF: All arrays must be of the same length
2026-07-24 23:42:16 | DEBUG | [20260724_234151] 信号异常 煤炭ETF: All arrays must be of the same length
2026-07-24 23:42:16 | DEBUG | [20260724_234151] 信号异常 化工ETF: All arrays must be of the same length
2026-07-24 23:42:16 | DEBUG | [20260724_234151] 信号异常 钢铁ETF: All arrays must be of the same length
2026-07-24 23:42:16 | DEBUG | [20260724_234151] 信号异常 油气ETF: All arrays must be of the same length
2026-07-24 23:42:16 | DEBUG | [20260724_234151] 信号异常 传媒ETF: All arrays must be of the same length
2026-07-24 23:42:16 | DEBUG | [20260724_234151] 信号异常 游戏ETF: All arrays must be of the same length
2026-07-24 23:42:16 | DEBUG | [20260724_234151] 信号异常 机器人ETF: All arrays must be of the same length
2026-07-24 23:42:16 | DEBUG | [20260724_234151] 信号异常 汽车ETF: All arrays must be of the same length
2026-07-24 23:42:16 | DEBUG | [20260724_234151] 信号异常 基建ETF: All arrays must be of the same length
2026-07-24 23:42:16 | DEBUG | [20260724_234151] 信号异常 红利ETF: All arrays must be of the same length
2026-07-24 23:42:16 | DEBUG | [20260724_234151] 信号异常 中证红利ETF: All arrays must be of the same length
2026-07-24 23:42:16 | WARNING | [20260724_234151] 2026-05-27 回测异常: Account.holdings_value() missing 1 required positional argument: 'prices'
2026-07-24 23:42:16 | DEBUG | [20260724_234151] 信号异常 中证500ETF: All arrays must be of the same length
2026-07-24 23:42:16 | DEBUG | [20260724_234151] 信号异常 中证1000ETF: All arrays must be of the same length
2026-07-24 23:42:16 | DEBUG | [20260724_234151] 信号异常 银行ETF: All arrays must be of the same length
2026-07-24 23:42:16 | DEBUG | [20260724_234151] 信号异常 券商ETF: All arrays must be of the same length
2026-07-24 23:42:16 | DEBUG | [20260724_234151] 信号异常 房地产ETF: All arrays must be of the same length
2026-07-24 23:42:16 | DEBUG | [20260724_234151] 信号异常 食品饮料ETF: All arrays must be of the same length
2026-07-24 23:42:16 | DEBUG | [20260724_234151] 信号异常 养殖ETF: All arrays must be of the same length
2026-07-24 23:42:16 | DEBUG | [20260724_234151] 信号异常 酒ETF: All arrays must be of the same length
2026-07-24 23:42:16 | DEBUG | [20260724_234151] 信号异常 家电ETF: All arrays must be of the same length
2026-07-24 23:42:16 | DEBUG | [20260724_234151] 信号异常 医药ETF: All arrays must be of the same length
2026-07-24 23:42:16 | DEBUG | [20260724_234151] 信号异常 创新药ETF: All arrays must be of the same length
2026-07-24 23:42:16 | DEBUG | [20260724_234151] 信号异常 医疗ETF: All arrays must be of the same length
2026-07-24 23:42:16 | DEBUG | [20260724_234151] 信号异常 计算机ETF: All arrays must be of the same length
2026-07-24 23:42:16 | DEBUG | [20260724_234151] 信号异常 人工智能ETF: All arrays must be of the same length
2026-07-24 23:42:16 | DEBUG | [20260724_234151] 信号异常 新能源车ETF: All arrays must be of the same length
2026-07-24 23:42:16 | DEBUG | [20260724_234151] 信号异常 电力ETF: All arrays must be of the same length
2026-07-24 23:42:16 | DEBUG | [20260724_234151] 信号异常 光伏ETF: All arrays must be of the same length
2026-07-24 23:42:16 | DEBUG | [20260724_234151] 信号异常 军工ETF: All arrays must be of the same length
2026-07-24 23:42:16 | DEBUG | [20260724_234151] 信号异常 国防ETF: All arrays must be of the same length
2026-07-24 23:42:16 | DEBUG | [20260724_234151] 信号异常 稀土ETF: All arrays must be of the same length
2026-07-24 23:42:16 | DEBUG | [20260724_234151] 信号异常 有色金属ETF: All arrays must be of the same length
2026-07-24 23:42:16 | DEBUG | [20260724_234151] 信号异常 煤炭ETF: All arrays must be of the same length
2026-07-24 23:42:16 | DEBUG | [20260724_234151] 信号异常 化工ETF: All arrays must be of the same length
2026-07-24 23:42:16 | DEBUG | [20260724_234151] 信号异常 钢铁ETF: All arrays must be of the same length
2026-07-24 23:42:16 | DEBUG | [20260724_234151] 信号异常 油气ETF: All arrays must be of the same length
2026-07-24 23:42:16 | DEBUG | [20260724_234151] 信号异常 传媒ETF: All arrays must be of the same length
2026-07-24 23:42:16 | DEBUG | [20260724_234151] 信号异常 游戏ETF: All arrays must be of the same length
2026-07-24 23:42:16 | DEBUG | [20260724_234151] 信号异常 机器人ETF: All arrays must be of the same length
2026-07-24 23:42:16 | DEBUG | [20260724_234151] 信号异常 汽车ETF: All arrays must be of the same length
2026-07-24 23:42:16 | DEBUG | [20260724_234151] 信号异常 基建ETF: All arrays must be of the same length
2026-07-24 23:42:16 | DEBUG | [20260724_234151] 信号异常 红利ETF: All arrays must be of the same length
2026-07-24 23:42:16 | DEBUG | [20260724_234151] 信号异常 中证红利ETF: All arrays must be of the same length
2026-07-24 23:42:16 | WARNING | [20260724_234151] 2026-05-28 回测异常: Account.holdings_value() missing 1 required positional argument: 'prices'
2026-07-24 23:42:16 | DEBUG | [20260724_234151] 信号异常 中证500ETF: All arrays must be of the same length
2026-07-24 23:42:16 | DEBUG | [20260724_234151] 信号异常 中证1000ETF: All arrays must be of the same length
2026-07-24 23:42:16 | DEBUG | [20260724_234151] 信号异常 银行ETF: All arrays must be of the same length
2026-07-24 23:42:16 | DEBUG | [20260724_234151] 信号异常 券商ETF: All arrays must be of the same length
2026-07-24 23:42:16 | DEBUG | [20260724_234151] 信号异常 房地产ETF: All arrays must be of the same length
2026-07-24 23:42:16 | DEBUG | [20260724_234151] 信号异常 食品饮料ETF: All arrays must be of the same length
2026-07-24 23:42:16 | DEBUG | [20260724_234151] 信号异常 养殖ETF: All arrays must be of the same length
2026-07-24 23:42:16 | DEBUG | [20260724_234151] 信号异常 酒ETF: All arrays must be of the same length
2026-07-24 23:42:16 | DEBUG | [20260724_234151] 信号异常 家电ETF: All arrays must be of the same length
2026-07-24 23:42:16 | DEBUG | [20260724_234151] 信号异常 医药ETF: All arrays must be of the same length
2026-07-24 23:42:16 | DEBUG | [20260724_234151] 信号异常 创新药ETF: All arrays must be of the same length
2026-07-24 23:42:16 | DEBUG | [20260724_234151] 信号异常 医疗ETF: All arrays must be of the same length
2026-07-24 23:42:16 | DEBUG | [20260724_234151] 信号异常 计算机ETF: All arrays must be of the same length
2026-07-24 23:42:16 | DEBUG | [20260724_234151] 信号异常 人工智能ETF: All arrays must be of the same length
2026-07-24 23:42:16 | DEBUG | [20260724_234151] 信号异常 新能源车ETF: All arrays must be of the same length
2026-07-24 23:42:16 | DEBUG | [20260724_234151] 信号异常 电力ETF: All arrays must be of the same length
2026-07-24 23:42:16 | DEBUG | [20260724_234151] 信号异常 光伏ETF: All arrays must be of the same length
2026-07-24 23:42:16 | DEBUG | [20260724_234151] 信号异常 军工ETF: All arrays must be of the same length
2026-07-24 23:42:16 | DEBUG | [20260724_234151] 信号异常 国防ETF: All arrays must be of the same length
2026-07-24 23:42:16 | DEBUG | [20260724_234151] 信号异常 稀土ETF: All arrays must be of the same length
2026-07-24 23:42:16 | DEBUG | [20260724_234151] 信号异常 有色金属ETF: All arrays must be of the same length
2026-07-24 23:42:16 | DEBUG | [20260724_234151] 信号异常 煤炭ETF: All arrays must be of the same length
2026-07-24 23:42:16 | DEBUG | [20260724_234151] 信号异常 化工ETF: All arrays must be of the same length
2026-07-24 23:42:16 | DEBUG | [20260724_234151] 信号异常 钢铁ETF: All arrays must be of the same length
2026-07-24 23:42:16 | DEBUG | [20260724_234151] 信号异常 油气ETF: All arrays must be of the same length
2026-07-24 23:42:16 | DEBUG | [20260724_234151] 信号异常 传媒ETF: All arrays must be of the same length
2026-07-24 23:42:16 | DEBUG | [20260724_234151] 信号异常 游戏ETF: All arrays must be of the same length
2026-07-24 23:42:16 | DEBUG | [20260724_234151] 信号异常 机器人ETF: All arrays must be of the same length
2026-07-24 23:42:16 | DEBUG | [20260724_234151] 信号异常 汽车ETF: All arrays must be of the same length
2026-07-24 23:42:16 | DEBUG | [20260724_234151] 信号异常 基建ETF: All arrays must be of the same length
2026-07-24 23:42:16 | DEBUG | [20260724_234151] 信号异常 红利ETF: All arrays must be of the same length
2026-07-24 23:42:16 | DEBUG | [20260724_234151] 信号异常 中证红利ETF: All arrays must be of the same length
2026-07-24 23:42:16 | WARNING | [20260724_234151] 2026-05-29 回测异常: Account.holdings_value() missing 1 required positional argument: 'prices'
2026-07-24 23:42:16 | DEBUG | [20260724_234151] 信号异常 中证500ETF: All arrays must be of the same length
2026-07-24 23:42:16 | DEBUG | [20260724_234151] 信号异常 中证1000ETF: All arrays must be of the same length
2026-07-24 23:42:16 | DEBUG | [20260724_234151] 信号异常 银行ETF: All arrays must be of the same length
2026-07-24 23:42:16 | DEBUG | [20260724_234151] 信号异常 券商ETF: All arrays must be of the same length
2026-07-24 23:42:16 | DEBUG | [20260724_234151] 信号异常 房地产ETF: All arrays must be of the same length
2026-07-24 23:42:16 | DEBUG | [20260724_234151] 信号异常 食品饮料ETF: All arrays must be of the same length
2026-07-24 23:42:16 | DEBUG | [20260724_234151] 信号异常 养殖ETF: All arrays must be of the same length
2026-07-24 23:42:16 | DEBUG | [20260724_234151] 信号异常 酒ETF: All arrays must be of the same length
2026-07-24 23:42:16 | DEBUG | [20260724_234151] 信号异常 家电ETF: All arrays must be of the same length
2026-07-24 23:42:16 | DEBUG | [20260724_234151] 信号异常 医药ETF: All arrays must be of the same length
2026-07-24 23:42:16 | DEBUG | [20260724_234151] 信号异常 创新药ETF: All arrays must be of the same length
2026-07-24 23:42:16 | DEBUG | [20260724_234151] 信号异常 医疗ETF: All arrays must be of the same length
2026-07-24 23:42:16 | DEBUG | [20260724_234151] 信号异常 计算机ETF: All arrays must be of the same length
2026-07-24 23:42:16 | DEBUG | [20260724_234151] 信号异常 人工智能ETF: All arrays must be of the same length
2026-07-24 23:42:16 | DEBUG | [20260724_234151] 信号异常 新能源车ETF: All arrays must be of the same length
2026-07-24 23:42:16 | DEBUG | [20260724_234151] 信号异常 电力ETF: All arrays must be of the same length
2026-07-24 23:42:16 | DEBUG | [20260724_234151] 信号异常 光伏ETF: All arrays must be of the same length
2026-07-24 23:42:16 | DEBUG | [20260724_234151] 信号异常 军工ETF: All arrays must be of the same length
2026-07-24 23:42:16 | DEBUG | [20260724_234151] 信号异常 国防ETF: All arrays must be of the same length
2026-07-24 23:42:16 | DEBUG | [20260724_234151] 信号异常 稀土ETF: All arrays must be of the same length
2026-07-24 23:42:16 | DEBUG | [20260724_234151] 信号异常 有色金属ETF: All arrays must be of the same length
2026-07-24 23:42:16 | DEBUG | [20260724_234151] 信号异常 煤炭ETF: All arrays must be of the same length
2026-07-24 23:42:16 | DEBUG | [20260724_234151] 信号异常 化工ETF: All arrays must be of the same length
2026-07-24 23:42:16 | DEBUG | [20260724_234151] 信号异常 钢铁ETF: All arrays must be of the same length
2026-07-24 23:42:16 | DEBUG | [20260724_234151] 信号异常 油气ETF: All arrays must be of the same length
2026-07-24 23:42:16 | DEBUG | [20260724_234151] 信号异常 传媒ETF: All arrays must be of the same length
2026-07-24 23:42:16 | DEBUG | [20260724_234151] 信号异常 游戏ETF: All arrays must be of the same length
2026-07-24 23:42:16 | DEBUG | [20260724_234151] 信号异常 机器人ETF: All arrays must be of the same length
2026-07-24 23:42:16 | DEBUG | [20260724_234151] 信号异常 汽车ETF: All arrays must be of the same length
2026-07-24 23:42:16 | DEBUG | [20260724_234151] 信号异常 基建ETF: All arrays must be of the same length
2026-07-24 23:42:16 | DEBUG | [20260724_234151] 信号异常 红利ETF: All arrays must be of the same length
2026-07-24 23:42:16 | DEBUG | [20260724_234151] 信号异常 中证红利ETF: All arrays must be of the same length
2026-07-24 23:42:16 | WARNING | [20260724_234151] 2026-06-01 回测异常: Account.holdings_value() missing 1 required positional argument: 'prices'
2026-07-24 23:42:16 | DEBUG | [20260724_234151] 信号异常 中证500ETF: All arrays must be of the same length
2026-07-24 23:42:16 | DEBUG | [20260724_234151] 信号异常 中证1000ETF: All arrays must be of the same length
2026-07-24 23:42:16 | DEBUG | [20260724_234151] 信号异常 银行ETF: All arrays must be of the same length
2026-07-24 23:42:16 | DEBUG | [20260724_234151] 信号异常 券商ETF: All arrays must be of the same length
2026-07-24 23:42:16 | DEBUG | [20260724_234151] 信号异常 房地产ETF: All arrays must be of the same length
2026-07-24 23:42:16 | DEBUG | [20260724_234151] 信号异常 食品饮料ETF: All arrays must be of the same length
2026-07-24 23:42:16 | DEBUG | [20260724_234151] 信号异常 养殖ETF: All arrays must be of the same length
2026-07-24 23:42:16 | DEBUG | [20260724_234151] 信号异常 酒ETF: All arrays must be of the same length
2026-07-24 23:42:16 | DEBUG | [20260724_234151] 信号异常 家电ETF: All arrays must be of the same length
2026-07-24 23:42:16 | DEBUG | [20260724_234151] 信号异常 医药ETF: All arrays must be of the same length
2026-07-24 23:42:16 | DEBUG | [20260724_234151] 信号异常 创新药ETF: All arrays must be of the same length
2026-07-24 23:42:16 | DEBUG | [20260724_234151] 信号异常 医疗ETF: All arrays must be of the same length
2026-07-24 23:42:16 | DEBUG | [20260724_234151] 信号异常 计算机ETF: All arrays must be of the same length
2026-07-24 23:42:16 | DEBUG | [20260724_234151] 信号异常 人工智能ETF: All arrays must be of the same length
2026-07-24 23:42:16 | DEBUG | [20260724_234151] 信号异常 新能源车ETF: All arrays must be of the same length
2026-07-24 23:42:16 | DEBUG | [20260724_234151] 信号异常 电力ETF: All arrays must be of the same length
2026-07-24 23:42:16 | DEBUG | [20260724_234151] 信号异常 光伏ETF: All arrays must be of the same length
2026-07-24 23:42:16 | DEBUG | [20260724_234151] 信号异常 军工ETF: All arrays must be of the same length
2026-07-24 23:42:16 | DEBUG | [20260724_234151] 信号异常 国防ETF: All arrays must be of the same length
2026-07-24 23:42:16 | DEBUG | [20260724_234151] 信号异常 稀土ETF: All arrays must be of the same length
2026-07-24 23:42:16 | DEBUG | [20260724_234151] 信号异常 有色金属ETF: All arrays must be of the same length
2026-07-24 23:42:16 | DEBUG | [20260724_234151] 信号异常 煤炭ETF: All arrays must be of the same length
2026-07-24 23:42:16 | DEBUG | [20260724_234151] 信号异常 化工ETF: All arrays must be of the same length
2026-07-24 23:42:16 | DEBUG | [20260724_234151] 信号异常 钢铁ETF: All arrays must be of the same length
2026-07-24 23:42:16 | DEBUG | [20260724_234151] 信号异常 油气ETF: All arrays must be of the same length
2026-07-24 23:42:16 | DEBUG | [20260724_234151] 信号异常 传媒ETF: All arrays must be of the same length
2026-07-24 23:42:16 | DEBUG | [20260724_234151] 信号异常 游戏ETF: All arrays must be of the same length
2026-07-24 23:42:16 | DEBUG | [20260724_234151] 信号异常 机器人ETF: All arrays must be of the same length
2026-07-24 23:42:16 | DEBUG | [20260724_234151] 信号异常 汽车ETF: All arrays must be of the same length
2026-07-24 23:42:16 | DEBUG | [20260724_234151] 信号异常 基建ETF: All arrays must be of the same length
2026-07-24 23:42:16 | DEBUG | [20260724_234151] 信号异常 红利ETF: All arrays must be of the same length
2026-07-24 23:42:16 | DEBUG | [20260724_234151] 信号异常 中证红利ETF: All arrays must be of the same length
2026-07-24 23:42:16 | WARNING | [20260724_234151] 2026-06-02 回测异常: Account.holdings_value() missing 1 required positional argument: 'prices'
2026-07-24 23:42:16 | DEBUG | [20260724_234151] 信号异常 中证500ETF: All arrays must be of the same length
2026-07-24 23:42:16 | DEBUG | [20260724_234151] 信号异常 中证1000ETF: All arrays must be of the same length
2026-07-24 23:42:16 | DEBUG | [20260724_234151] 信号异常 银行ETF: All arrays must be of the same length
2026-07-24 23:42:16 | DEBUG | [20260724_234151] 信号异常 券商ETF: All arrays must be of the same length
2026-07-24 23:42:16 | DEBUG | [20260724_234151] 信号异常 房地产ETF: All arrays must be of the same length
2026-07-24 23:42:16 | DEBUG | [20260724_234151] 信号异常 食品饮料ETF: All arrays must be of the same length
2026-07-24 23:42:16 | DEBUG | [20260724_234151] 信号异常 养殖ETF: All arrays must be of the same length
2026-07-24 23:42:16 | DEBUG | [20260724_234151] 信号异常 酒ETF: All arrays must be of the same length
2026-07-24 23:42:16 | DEBUG | [20260724_234151] 信号异常 家电ETF: All arrays must be of the same length
2026-07-24 23:42:16 | DEBUG | [20260724_234151] 信号异常 医药ETF: All arrays must be of the same length
2026-07-24 23:42:16 | DEBUG | [20260724_234151] 信号异常 创新药ETF: All arrays must be of the same length
2026-07-24 23:42:16 | DEBUG | [20260724_234151] 信号异常 医疗ETF: All arrays must be of the same length
2026-07-24 23:42:16 | DEBUG | [20260724_234151] 信号异常 计算机ETF: All arrays must be of the same length
2026-07-24 23:42:16 | DEBUG | [20260724_234151] 信号异常 人工智能ETF: All arrays must be of the same length
2026-07-24 23:42:16 | DEBUG | [20260724_234151] 信号异常 新能源车ETF: All arrays must be of the same length
2026-07-24 23:42:16 | DEBUG | [20260724_234151] 信号异常 电力ETF: All arrays must be of the same length
2026-07-24 23:42:16 | DEBUG | [20260724_234151] 信号异常 光伏ETF: All arrays must be of the same length
2026-07-24 23:42:16 | DEBUG | [20260724_234151] 信号异常 军工ETF: All arrays must be of the same length
2026-07-24 23:42:16 | DEBUG | [20260724_234151] 信号异常 国防ETF: All arrays must be of the same length
2026-07-24 23:42:16 | DEBUG | [20260724_234151] 信号异常 稀土ETF: All arrays must be of the same length
2026-07-24 23:42:16 | DEBUG | [20260724_234151] 信号异常 有色金属ETF: All arrays must be of the same length
2026-07-24 23:42:16 | DEBUG | [20260724_234151] 信号异常 煤炭ETF: All arrays must be of the same length
2026-07-24 23:42:16 | DEBUG | [20260724_234151] 信号异常 化工ETF: All arrays must be of the same length
2026-07-24 23:42:16 | DEBUG | [20260724_234151] 信号异常 钢铁ETF: All arrays must be of the same length
2026-07-24 23:42:16 | DEBUG | [20260724_234151] 信号异常 油气ETF: All arrays must be of the same length
2026-07-24 23:42:16 | DEBUG | [20260724_234151] 信号异常 传媒ETF: All arrays must be of the same length
2026-07-24 23:42:16 | DEBUG | [20260724_234151] 信号异常 游戏ETF: All arrays must be of the same length
2026-07-24 23:42:16 | DEBUG | [20260724_234151] 信号异常 机器人ETF: All arrays must be of the same length
2026-07-24 23:42:16 | DEBUG | [20260724_234151] 信号异常 汽车ETF: All arrays must be of the same length
2026-07-24 23:42:16 | DEBUG | [20260724_234151] 信号异常 基建ETF: All arrays must be of the same length
2026-07-24 23:42:16 | DEBUG | [20260724_234151] 信号异常 红利ETF: All arrays must be of the same length
2026-07-24 23:42:16 | DEBUG | [20260724_234151] 信号异常 中证红利ETF: All arrays must be of the same length
2026-07-24 23:42:16 | WARNING | [20260724_234151] 2026-06-03 回测异常: Account.holdings_value() missing 1 required positional argument: 'prices'
2026-07-24 23:42:16 | DEBUG | [20260724_234151] 信号异常 中证500ETF: All arrays must be of the same length
2026-07-24 23:42:16 | DEBUG | [20260724_234151] 信号异常 中证1000ETF: All arrays must be of the same length
2026-07-24 23:42:16 | DEBUG | [20260724_234151] 信号异常 银行ETF: All arrays must be of the same length
2026-07-24 23:42:16 | DEBUG | [20260724_234151] 信号异常 券商ETF: All arrays must be of the same length
2026-07-24 23:42:16 | DEBUG | [20260724_234151] 信号异常 房地产ETF: All arrays must be of the same length
2026-07-24 23:42:16 | DEBUG | [20260724_234151] 信号异常 食品饮料ETF: All arrays must be of the same length
2026-07-24 23:42:16 | DEBUG | [20260724_234151] 信号异常 养殖ETF: All arrays must be of the same length
2026-07-24 23:42:16 | DEBUG | [20260724_234151] 信号异常 酒ETF: All arrays must be of the same length
2026-07-24 23:42:16 | DEBUG | [20260724_234151] 信号异常 家电ETF: All arrays must be of the same length
2026-07-24 23:42:16 | DEBUG | [20260724_234151] 信号异常 医药ETF: All arrays must be of the same length
2026-07-24 23:42:16 | DEBUG | [20260724_234151] 信号异常 创新药ETF: All arrays must be of the same length
2026-07-24 23:42:16 | DEBUG | [20260724_234151] 信号异常 医疗ETF: All arrays must be of the same length
2026-07-24 23:42:16 | DEBUG | [20260724_234151] 信号异常 计算机ETF: All arrays must be of the same length
2026-07-24 23:42:16 | DEBUG | [20260724_234151] 信号异常 人工智能ETF: All arrays must be of the same length
2026-07-24 23:42:16 | DEBUG | [20260724_234151] 信号异常 新能源车ETF: All arrays must be of the same length
2026-07-24 23:42:16 | DEBUG | [20260724_234151] 信号异常 电力ETF: All arrays must be of the same length
2026-07-24 23:42:16 | DEBUG | [20260724_234151] 信号异常 光伏ETF: All arrays must be of the same length
2026-07-24 23:42:16 | DEBUG | [20260724_234151] 信号异常 军工ETF: All arrays must be of the same length
2026-07-24 23:42:16 | DEBUG | [20260724_234151] 信号异常 国防ETF: All arrays must be of the same length
2026-07-24 23:42:16 | DEBUG | [20260724_234151] 信号异常 稀土ETF: All arrays must be of the same length
2026-07-24 23:42:16 | DEBUG | [20260724_234151] 信号异常 有色金属ETF: All arrays must be of the same length
2026-07-24 23:42:16 | DEBUG | [20260724_234151] 信号异常 煤炭ETF: All arrays must be of the same length
2026-07-24 23:42:16 | DEBUG | [20260724_234151] 信号异常 化工ETF: All arrays must be of the same length
2026-07-24 23:42:16 | DEBUG | [20260724_234151] 信号异常 钢铁ETF: All arrays must be of the same length
2026-07-24 23:42:16 | DEBUG | [20260724_234151] 信号异常 油气ETF: All arrays must be of the same length
2026-07-24 23:42:16 | DEBUG | [20260724_234151] 信号异常 传媒ETF: All arrays must be of the same length
2026-07-24 23:42:16 | DEBUG | [20260724_234151] 信号异常 游戏ETF: All arrays must be of the same length
2026-07-24 23:42:16 | DEBUG | [20260724_234151] 信号异常 机器人ETF: All arrays must be of the same length
2026-07-24 23:42:16 | DEBUG | [20260724_234151] 信号异常 汽车ETF: All arrays must be of the same length
2026-07-24 23:42:16 | DEBUG | [20260724_234151] 信号异常 基建ETF: All arrays must be of the same length
2026-07-24 23:42:16 | DEBUG | [20260724_234151] 信号异常 红利ETF: All arrays must be of the same length
2026-07-24 23:42:16 | DEBUG | [20260724_234151] 信号异常 中证红利ETF: All arrays must be of the same length
2026-07-24 23:42:16 | WARNING | [20260724_234151] 2026-06-04 回测异常: Account.holdings_value() missing 1 required positional argument: 'prices'
2026-07-24 23:42:16 | DEBUG | [20260724_234151] 信号异常 中证500ETF: All arrays must be of the same length
2026-07-24 23:42:16 | DEBUG | [20260724_234151] 信号异常 中证1000ETF: All arrays must be of the same length
2026-07-24 23:42:16 | DEBUG | [20260724_234151] 信号异常 银行ETF: All arrays must be of the same length
2026-07-24 23:42:16 | DEBUG | [20260724_234151] 信号异常 券商ETF: All arrays must be of the same length
2026-07-24 23:42:16 | DEBUG | [20260724_234151] 信号异常 房地产ETF: All arrays must be of the same length
2026-07-24 23:42:16 | DEBUG | [20260724_234151] 信号异常 食品饮料ETF: All arrays must be of the same length
2026-07-24 23:42:16 | DEBUG | [20260724_234151] 信号异常 养殖ETF: All arrays must be of the same length
2026-07-24 23:42:16 | DEBUG | [20260724_234151] 信号异常 酒ETF: All arrays must be of the same length
2026-07-24 23:42:16 | DEBUG | [20260724_234151] 信号异常 家电ETF: All arrays must be of the same length
2026-07-24 23:42:16 | DEBUG | [20260724_234151] 信号异常 医药ETF: All arrays must be of the same length
2026-07-24 23:42:16 | DEBUG | [20260724_234151] 信号异常 创新药ETF: All arrays must be of the same length
2026-07-24 23:42:16 | DEBUG | [20260724_234151] 信号异常 医疗ETF: All arrays must be of the same length
2026-07-24 23:42:16 | DEBUG | [20260724_234151] 信号异常 计算机ETF: All arrays must be of the same length
2026-07-24 23:42:16 | DEBUG | [20260724_234151] 信号异常 人工智能ETF: All arrays must be of the same length
2026-07-24 23:42:16 | DEBUG | [20260724_234151] 信号异常 新能源车ETF: All arrays must be of the same length
2026-07-24 23:42:16 | DEBUG | [20260724_234151] 信号异常 电力ETF: All arrays must be of the same length
2026-07-24 23:42:16 | DEBUG | [20260724_234151] 信号异常 光伏ETF: All arrays must be of the same length
2026-07-24 23:42:16 | DEBUG | [20260724_234151] 信号异常 军工ETF: All arrays must be of the same length
2026-07-24 23:42:16 | DEBUG | [20260724_234151] 信号异常 国防ETF: All arrays must be of the same length
2026-07-24 23:42:16 | DEBUG | [20260724_234151] 信号异常 稀土ETF: All arrays must be of the same length
2026-07-24 23:42:16 | DEBUG | [20260724_234151] 信号异常 有色金属ETF: All arrays must be of the same length
2026-07-24 23:42:16 | DEBUG | [20260724_234151] 信号异常 煤炭ETF: All arrays must be of the same length
2026-07-24 23:42:16 | DEBUG | [20260724_234151] 信号异常 化工ETF: All arrays must be of the same length
2026-07-24 23:42:16 | DEBUG | [20260724_234151] 信号异常 钢铁ETF: All arrays must be of the same length
2026-07-24 23:42:16 | DEBUG | [20260724_234151] 信号异常 油气ETF: All arrays must be of the same length
2026-07-24 23:42:16 | DEBUG | [20260724_234151] 信号异常 传媒ETF: All arrays must be of the same length
2026-07-24 23:42:16 | DEBUG | [20260724_234151] 信号异常 游戏ETF: All arrays must be of the same length
2026-07-24 23:42:16 | DEBUG | [20260724_234151] 信号异常 机器人ETF: All arrays must be of the same length
2026-07-24 23:42:16 | DEBUG | [20260724_234151] 信号异常 汽车ETF: All arrays must be of the same length
2026-07-24 23:42:16 | DEBUG | [20260724_234151] 信号异常 基建ETF: All arrays must be of the same length
2026-07-24 23:42:16 | DEBUG | [20260724_234151] 信号异常 红利ETF: All arrays must be of the same length
2026-07-24 23:42:16 | DEBUG | [20260724_234151] 信号异常 中证红利ETF: All arrays must be of the same length
2026-07-24 23:42:16 | WARNING | [20260724_234151] 2026-06-05 回测异常: Account.holdings_value() missing 1 required positional argument: 'prices'
2026-07-24 23:42:16 | DEBUG | [20260724_234151] 信号异常 中证500ETF: All arrays must be of the same length
2026-07-24 23:42:16 | DEBUG | [20260724_234151] 信号异常 中证1000ETF: All arrays must be of the same length
2026-07-24 23:42:16 | DEBUG | [20260724_234151] 信号异常 银行ETF: All arrays must be of the same length
2026-07-24 23:42:16 | DEBUG | [20260724_234151] 信号异常 券商ETF: All arrays must be of the same length
2026-07-24 23:42:16 | DEBUG | [20260724_234151] 信号异常 房地产ETF: All arrays must be of the same length
2026-07-24 23:42:16 | DEBUG | [20260724_234151] 信号异常 食品饮料ETF: All arrays must be of the same length
2026-07-24 23:42:16 | DEBUG | [20260724_234151] 信号异常 养殖ETF: All arrays must be of the same length
2026-07-24 23:42:16 | DEBUG | [20260724_234151] 信号异常 酒ETF: All arrays must be of the same length
2026-07-24 23:42:16 | DEBUG | [20260724_234151] 信号异常 家电ETF: All arrays must be of the same length
2026-07-24 23:42:16 | DEBUG | [20260724_234151] 信号异常 医药ETF: All arrays must be of the same length
2026-07-24 23:42:16 | DEBUG | [20260724_234151] 信号异常 创新药ETF: All arrays must be of the same length
2026-07-24 23:42:16 | DEBUG | [20260724_234151] 信号异常 医疗ETF: All arrays must be of the same length
2026-07-24 23:42:16 | DEBUG | [20260724_234151] 信号异常 计算机ETF: All arrays must be of the same length
2026-07-24 23:42:16 | DEBUG | [20260724_234151] 信号异常 人工智能ETF: All arrays must be of the same length
2026-07-24 23:42:16 | DEBUG | [20260724_234151] 信号异常 新能源车ETF: All arrays must be of the same length
2026-07-24 23:42:16 | DEBUG | [20260724_234151] 信号异常 电力ETF: All arrays must be of the same length
2026-07-24 23:42:16 | DEBUG | [20260724_234151] 信号异常 光伏ETF: All arrays must be of the same length
2026-07-24 23:42:16 | DEBUG | [20260724_234151] 信号异常 军工ETF: All arrays must be of the same length
2026-07-24 23:42:16 | DEBUG | [20260724_234151] 信号异常 国防ETF: All arrays must be of the same length
2026-07-24 23:42:16 | DEBUG | [20260724_234151] 信号异常 稀土ETF: All arrays must be of the same length
2026-07-24 23:42:16 | DEBUG | [20260724_234151] 信号异常 有色金属ETF: All arrays must be of the same length
2026-07-24 23:42:16 | DEBUG | [20260724_234151] 信号异常 煤炭ETF: All arrays must be of the same length
2026-07-24 23:42:16 | DEBUG | [20260724_234151] 信号异常 化工ETF: All arrays must be of the same length
2026-07-24 23:42:16 | DEBUG | [20260724_234151] 信号异常 钢铁ETF: All arrays must be of the same length
2026-07-24 23:42:16 | DEBUG | [20260724_234151] 信号异常 油气ETF: All arrays must be of the same length
2026-07-24 23:42:16 | DEBUG | [20260724_234151] 信号异常 传媒ETF: All arrays must be of the same length
2026-07-24 23:42:16 | DEBUG | [20260724_234151] 信号异常 游戏ETF: All arrays must be of the same length
2026-07-24 23:42:16 | DEBUG | [20260724_234151] 信号异常 机器人ETF: All arrays must be of the same length
2026-07-24 23:42:16 | DEBUG | [20260724_234151] 信号异常 汽车ETF: All arrays must be of the same length
2026-07-24 23:42:16 | DEBUG | [20260724_234151] 信号异常 基建ETF: All arrays must be of the same length
2026-07-24 23:42:16 | DEBUG | [20260724_234151] 信号异常 红利ETF: All arrays must be of the same length
2026-07-24 23:42:16 | DEBUG | [20260724_234151] 信号异常 中证红利ETF: All arrays must be of the same length
2026-07-24 23:42:16 | WARNING | [20260724_234151] 2026-06-08 回测异常: Account.holdings_value() missing 1 required positional argument: 'prices'
2026-07-24 23:42:16 | DEBUG | [20260724_234151] 信号异常 中证500ETF: All arrays must be of the same length
2026-07-24 23:42:16 | DEBUG | [20260724_234151] 信号异常 中证1000ETF: All arrays must be of the same length
2026-07-24 23:42:16 | DEBUG | [20260724_234151] 信号异常 银行ETF: All arrays must be of the same length
2026-07-24 23:42:16 | DEBUG | [20260724_234151] 信号异常 券商ETF: All arrays must be of the same length
2026-07-24 23:42:16 | DEBUG | [20260724_234151] 信号异常 房地产ETF: All arrays must be of the same length
2026-07-24 23:42:16 | DEBUG | [20260724_234151] 信号异常 食品饮料ETF: All arrays must be of the same length
2026-07-24 23:42:16 | DEBUG | [20260724_234151] 信号异常 养殖ETF: All arrays must be of the same length
2026-07-24 23:42:16 | DEBUG | [20260724_234151] 信号异常 酒ETF: All arrays must be of the same length
2026-07-24 23:42:16 | DEBUG | [20260724_234151] 信号异常 家电ETF: All arrays must be of the same length
2026-07-24 23:42:16 | DEBUG | [20260724_234151] 信号异常 医药ETF: All arrays must be of the same length
2026-07-24 23:42:16 | DEBUG | [20260724_234151] 信号异常 创新药ETF: All arrays must be of the same length
2026-07-24 23:42:16 | DEBUG | [20260724_234151] 信号异常 医疗ETF: All arrays must be of the same length
2026-07-24 23:42:16 | DEBUG | [20260724_234151] 信号异常 计算机ETF: All arrays must be of the same length
2026-07-24 23:42:16 | DEBUG | [20260724_234151] 信号异常 人工智能ETF: All arrays must be of the same length
2026-07-24 23:42:16 | DEBUG | [20260724_234151] 信号异常 新能源车ETF: All arrays must be of the same length
2026-07-24 23:42:16 | DEBUG | [20260724_234151] 信号异常 电力ETF: All arrays must be of the same length
2026-07-24 23:42:16 | DEBUG | [20260724_234151] 信号异常 光伏ETF: All arrays must be of the same length
2026-07-24 23:42:16 | DEBUG | [20260724_234151] 信号异常 军工ETF: All arrays must be of the same length
2026-07-24 23:42:16 | DEBUG | [20260724_234151] 信号异常 国防ETF: All arrays must be of the same length
2026-07-24 23:42:16 | DEBUG | [20260724_234151] 信号异常 稀土ETF: All arrays must be of the same length
2026-07-24 23:42:16 | DEBUG | [20260724_234151] 信号异常 有色金属ETF: All arrays must be of the same length
2026-07-24 23:42:16 | DEBUG | [20260724_234151] 信号异常 煤炭ETF: All arrays must be of the same length
2026-07-24 23:42:16 | DEBUG | [20260724_234151] 信号异常 化工ETF: All arrays must be of the same length
2026-07-24 23:42:16 | DEBUG | [20260724_234151] 信号异常 钢铁ETF: All arrays must be of the same length
2026-07-24 23:42:16 | DEBUG | [20260724_234151] 信号异常 油气ETF: All arrays must be of the same length
2026-07-24 23:42:17 | DEBUG | [20260724_234151] 信号异常 传媒ETF: All arrays must be of the same length
2026-07-24 23:42:17 | DEBUG | [20260724_234151] 信号异常 游戏ETF: All arrays must be of the same length
2026-07-24 23:42:17 | DEBUG | [20260724_234151] 信号异常 机器人ETF: All arrays must be of the same length
2026-07-24 23:42:17 | DEBUG | [20260724_234151] 信号异常 汽车ETF: All arrays must be of the same length
2026-07-24 23:42:17 | DEBUG | [20260724_234151] 信号异常 基建ETF: All arrays must be of the same length
2026-07-24 23:42:17 | DEBUG | [20260724_234151] 信号异常 红利ETF: All arrays must be of the same length
2026-07-24 23:42:17 | DEBUG | [20260724_234151] 信号异常 中证红利ETF: All arrays must be of the same length
2026-07-24 23:42:17 | WARNING | [20260724_234151] 2026-06-09 回测异常: Account.holdings_value() missing 1 required positional argument: 'prices'
2026-07-24 23:42:17 | DEBUG | [20260724_234151] 信号异常 中证500ETF: All arrays must be of the same length
2026-07-24 23:42:17 | DEBUG | [20260724_234151] 信号异常 中证1000ETF: All arrays must be of the same length
2026-07-24 23:42:17 | DEBUG | [20260724_234151] 信号异常 银行ETF: All arrays must be of the same length
2026-07-24 23:42:17 | DEBUG | [20260724_234151] 信号异常 券商ETF: All arrays must be of the same length
2026-07-24 23:42:17 | DEBUG | [20260724_234151] 信号异常 房地产ETF: All arrays must be of the same length
2026-07-24 23:42:17 | DEBUG | [20260724_234151] 信号异常 食品饮料ETF: All arrays must be of the same length
2026-07-24 23:42:17 | DEBUG | [20260724_234151] 信号异常 养殖ETF: All arrays must be of the same length
2026-07-24 23:42:17 | DEBUG | [20260724_234151] 信号异常 酒ETF: All arrays must be of the same length
2026-07-24 23:42:17 | DEBUG | [20260724_234151] 信号异常 家电ETF: All arrays must be of the same length
2026-07-24 23:42:17 | DEBUG | [20260724_234151] 信号异常 医药ETF: All arrays must be of the same length
2026-07-24 23:42:17 | DEBUG | [20260724_234151] 信号异常 创新药ETF: All arrays must be of the same length
2026-07-24 23:42:17 | DEBUG | [20260724_234151] 信号异常 医疗ETF: All arrays must be of the same length
2026-07-24 23:42:17 | DEBUG | [20260724_234151] 信号异常 计算机ETF: All arrays must be of the same length
2026-07-24 23:42:17 | DEBUG | [20260724_234151] 信号异常 人工智能ETF: All arrays must be of the same length
2026-07-24 23:42:17 | DEBUG | [20260724_234151] 信号异常 新能源车ETF: All arrays must be of the same length
2026-07-24 23:42:17 | DEBUG | [20260724_234151] 信号异常 电力ETF: All arrays must be of the same length
2026-07-24 23:42:17 | DEBUG | [20260724_234151] 信号异常 光伏ETF: All arrays must be of the same length
2026-07-24 23:42:17 | DEBUG | [20260724_234151] 信号异常 军工ETF: All arrays must be of the same length
2026-07-24 23:42:17 | DEBUG | [20260724_234151] 信号异常 国防ETF: All arrays must be of the same length
2026-07-24 23:42:17 | DEBUG | [20260724_234151] 信号异常 稀土ETF: All arrays must be of the same length
2026-07-24 23:42:17 | DEBUG | [20260724_234151] 信号异常 有色金属ETF: All arrays must be of the same length
2026-07-24 23:42:17 | DEBUG | [20260724_234151] 信号异常 煤炭ETF: All arrays must be of the same length
2026-07-24 23:42:17 | DEBUG | [20260724_234151] 信号异常 化工ETF: All arrays must be of the same length
2026-07-24 23:42:17 | DEBUG | [20260724_234151] 信号异常 钢铁ETF: All arrays must be of the same length
2026-07-24 23:42:17 | DEBUG | [20260724_234151] 信号异常 油气ETF: All arrays must be of the same length
2026-07-24 23:42:17 | DEBUG | [20260724_234151] 信号异常 传媒ETF: All arrays must be of the same length
2026-07-24 23:42:17 | DEBUG | [20260724_234151] 信号异常 游戏ETF: All arrays must be of the same length
2026-07-24 23:42:17 | DEBUG | [20260724_234151] 信号异常 机器人ETF: All arrays must be of the same length
2026-07-24 23:42:17 | DEBUG | [20260724_234151] 信号异常 汽车ETF: All arrays must be of the same length
2026-07-24 23:42:17 | DEBUG | [20260724_234151] 信号异常 基建ETF: All arrays must be of the same length
2026-07-24 23:42:17 | DEBUG | [20260724_234151] 信号异常 红利ETF: All arrays must be of the same length
2026-07-24 23:42:17 | DEBUG | [20260724_234151] 信号异常 中证红利ETF: All arrays must be of the same length
2026-07-24 23:42:17 | WARNING | [20260724_234151] 2026-06-10 回测异常: Account.holdings_value() missing 1 required positional argument: 'prices'
2026-07-24 23:42:17 | DEBUG | [20260724_234151] 信号异常 中证500ETF: All arrays must be of the same length
2026-07-24 23:42:17 | DEBUG | [20260724_234151] 信号异常 中证1000ETF: All arrays must be of the same length
2026-07-24 23:42:17 | DEBUG | [20260724_234151] 信号异常 银行ETF: All arrays must be of the same length
2026-07-24 23:42:17 | DEBUG | [20260724_234151] 信号异常 券商ETF: All arrays must be of the same length
2026-07-24 23:42:17 | DEBUG | [20260724_234151] 信号异常 房地产ETF: All arrays must be of the same length
2026-07-24 23:42:17 | DEBUG | [20260724_234151] 信号异常 食品饮料ETF: All arrays must be of the same length
2026-07-24 23:42:17 | DEBUG | [20260724_234151] 信号异常 养殖ETF: All arrays must be of the same length
2026-07-24 23:42:17 | DEBUG | [20260724_234151] 信号异常 酒ETF: All arrays must be of the same length
2026-07-24 23:42:17 | DEBUG | [20260724_234151] 信号异常 家电ETF: All arrays must be of the same length
2026-07-24 23:42:17 | DEBUG | [20260724_234151] 信号异常 医药ETF: All arrays must be of the same length
2026-07-24 23:42:17 | DEBUG | [20260724_234151] 信号异常 创新药ETF: All arrays must be of the same length
2026-07-24 23:42:17 | DEBUG | [20260724_234151] 信号异常 医疗ETF: All arrays must be of the same length
2026-07-24 23:42:17 | DEBUG | [20260724_234151] 信号异常 计算机ETF: All arrays must be of the same length
2026-07-24 23:42:17 | DEBUG | [20260724_234151] 信号异常 人工智能ETF: All arrays must be of the same length
2026-07-24 23:42:17 | DEBUG | [20260724_234151] 信号异常 新能源车ETF: All arrays must be of the same length
2026-07-24 23:42:17 | DEBUG | [20260724_234151] 信号异常 电力ETF: All arrays must be of the same length
2026-07-24 23:42:17 | DEBUG | [20260724_234151] 信号异常 光伏ETF: All arrays must be of the same length
2026-07-24 23:42:17 | DEBUG | [20260724_234151] 信号异常 军工ETF: All arrays must be of the same length
2026-07-24 23:42:17 | DEBUG | [20260724_234151] 信号异常 国防ETF: All arrays must be of the same length
2026-07-24 23:42:17 | DEBUG | [20260724_234151] 信号异常 稀土ETF: All arrays must be of the same length
2026-07-24 23:42:17 | DEBUG | [20260724_234151] 信号异常 有色金属ETF: All arrays must be of the same length
2026-07-24 23:42:17 | DEBUG | [20260724_234151] 信号异常 煤炭ETF: All arrays must be of the same length
2026-07-24 23:42:17 | DEBUG | [20260724_234151] 信号异常 化工ETF: All arrays must be of the same length
2026-07-24 23:42:17 | DEBUG | [20260724_234151] 信号异常 钢铁ETF: All arrays must be of the same length
2026-07-24 23:42:17 | DEBUG | [20260724_234151] 信号异常 油气ETF: All arrays must be of the same length
2026-07-24 23:42:17 | DEBUG | [20260724_234151] 信号异常 传媒ETF: All arrays must be of the same length
2026-07-24 23:42:17 | DEBUG | [20260724_234151] 信号异常 游戏ETF: All arrays must be of the same length
2026-07-24 23:42:17 | DEBUG | [20260724_234151] 信号异常 机器人ETF: All arrays must be of the same length
2026-07-24 23:42:17 | DEBUG | [20260724_234151] 信号异常 汽车ETF: All arrays must be of the same length
2026-07-24 23:42:17 | DEBUG | [20260724_234151] 信号异常 基建ETF: All arrays must be of the same length
2026-07-24 23:42:17 | DEBUG | [20260724_234151] 信号异常 红利ETF: All arrays must be of the same length
2026-07-24 23:42:17 | DEBUG | [20260724_234151] 信号异常 中证红利ETF: All arrays must be of the same length
2026-07-24 23:42:17 | WARNING | [20260724_234151] 2026-06-11 回测异常: Account.holdings_value() missing 1 required positional argument: 'prices'
2026-07-24 23:42:17 | DEBUG | [20260724_234151] 信号异常 中证500ETF: All arrays must be of the same length
2026-07-24 23:42:17 | DEBUG | [20260724_234151] 信号异常 中证1000ETF: All arrays must be of the same length
2026-07-24 23:42:17 | DEBUG | [20260724_234151] 信号异常 银行ETF: All arrays must be of the same length
2026-07-24 23:42:17 | DEBUG | [20260724_234151] 信号异常 券商ETF: All arrays must be of the same length
2026-07-24 23:42:17 | DEBUG | [20260724_234151] 信号异常 房地产ETF: All arrays must be of the same length
2026-07-24 23:42:17 | DEBUG | [20260724_234151] 信号异常 食品饮料ETF: All arrays must be of the same length
2026-07-24 23:42:17 | DEBUG | [20260724_234151] 信号异常 养殖ETF: All arrays must be of the same length
2026-07-24 23:42:17 | DEBUG | [20260724_234151] 信号异常 酒ETF: All arrays must be of the same length
2026-07-24 23:42:17 | DEBUG | [20260724_234151] 信号异常 家电ETF: All arrays must be of the same length
2026-07-24 23:42:17 | DEBUG | [20260724_234151] 信号异常 医药ETF: All arrays must be of the same length
2026-07-24 23:42:17 | DEBUG | [20260724_234151] 信号异常 创新药ETF: All arrays must be of the same length
2026-07-24 23:42:17 | DEBUG | [20260724_234151] 信号异常 医疗ETF: All arrays must be of the same length
2026-07-24 23:42:17 | DEBUG | [20260724_234151] 信号异常 计算机ETF: All arrays must be of the same length
2026-07-24 23:42:17 | DEBUG | [20260724_234151] 信号异常 人工智能ETF: All arrays must be of the same length
2026-07-24 23:42:17 | DEBUG | [20260724_234151] 信号异常 新能源车ETF: All arrays must be of the same length
2026-07-24 23:42:17 | DEBUG | [20260724_234151] 信号异常 电力ETF: All arrays must be of the same length
2026-07-24 23:42:17 | DEBUG | [20260724_234151] 信号异常 光伏ETF: All arrays must be of the same length
2026-07-24 23:42:17 | DEBUG | [20260724_234151] 信号异常 军工ETF: All arrays must be of the same length
2026-07-24 23:42:17 | DEBUG | [20260724_234151] 信号异常 国防ETF: All arrays must be of the same length
2026-07-24 23:42:17 | DEBUG | [20260724_234151] 信号异常 稀土ETF: All arrays must be of the same length
2026-07-24 23:42:17 | DEBUG | [20260724_234151] 信号异常 有色金属ETF: All arrays must be of the same length
2026-07-24 23:42:17 | DEBUG | [20260724_234151] 信号异常 煤炭ETF: All arrays must be of the same length
2026-07-24 23:42:17 | DEBUG | [20260724_234151] 信号异常 化工ETF: All arrays must be of the same length
2026-07-24 23:42:17 | DEBUG | [20260724_234151] 信号异常 钢铁ETF: All arrays must be of the same length
2026-07-24 23:42:17 | DEBUG | [20260724_234151] 信号异常 油气ETF: All arrays must be of the same length
2026-07-24 23:42:17 | DEBUG | [20260724_234151] 信号异常 传媒ETF: All arrays must be of the same length
2026-07-24 23:42:17 | DEBUG | [20260724_234151] 信号异常 游戏ETF: All arrays must be of the same length
2026-07-24 23:42:17 | DEBUG | [20260724_234151] 信号异常 机器人ETF: All arrays must be of the same length
2026-07-24 23:42:17 | DEBUG | [20260724_234151] 信号异常 汽车ETF: All arrays must be of the same length
2026-07-24 23:42:17 | DEBUG | [20260724_234151] 信号异常 基建ETF: All arrays must be of the same length
2026-07-24 23:42:17 | DEBUG | [20260724_234151] 信号异常 红利ETF: All arrays must be of the same length
2026-07-24 23:42:17 | DEBUG | [20260724_234151] 信号异常 中证红利ETF: All arrays must be of the same length
2026-07-24 23:42:17 | WARNING | [20260724_234151] 2026-06-12 回测异常: Account.holdings_value() missing 1 required positional argument: 'prices'
2026-07-24 23:42:17 | DEBUG | [20260724_234151] 信号异常 中证500ETF: All arrays must be of the same length
2026-07-24 23:42:17 | DEBUG | [20260724_234151] 信号异常 中证1000ETF: All arrays must be of the same length
2026-07-24 23:42:17 | DEBUG | [20260724_234151] 信号异常 银行ETF: All arrays must be of the same length
2026-07-24 23:42:17 | DEBUG | [20260724_234151] 信号异常 券商ETF: All arrays must be of the same length
2026-07-24 23:42:17 | DEBUG | [20260724_234151] 信号异常 房地产ETF: All arrays must be of the same length
2026-07-24 23:42:17 | DEBUG | [20260724_234151] 信号异常 食品饮料ETF: All arrays must be of the same length
2026-07-24 23:42:17 | DEBUG | [20260724_234151] 信号异常 养殖ETF: All arrays must be of the same length
2026-07-24 23:42:17 | DEBUG | [20260724_234151] 信号异常 酒ETF: All arrays must be of the same length
2026-07-24 23:42:17 | DEBUG | [20260724_234151] 信号异常 家电ETF: All arrays must be of the same length
2026-07-24 23:42:17 | DEBUG | [20260724_234151] 信号异常 医药ETF: All arrays must be of the same length
2026-07-24 23:42:17 | DEBUG | [20260724_234151] 信号异常 创新药ETF: All arrays must be of the same length
2026-07-24 23:42:17 | DEBUG | [20260724_234151] 信号异常 医疗ETF: All arrays must be of the same length
2026-07-24 23:42:17 | DEBUG | [20260724_234151] 信号异常 计算机ETF: All arrays must be of the same length
2026-07-24 23:42:17 | DEBUG | [20260724_234151] 信号异常 人工智能ETF: All arrays must be of the same length
2026-07-24 23:42:17 | DEBUG | [20260724_234151] 信号异常 新能源车ETF: All arrays must be of the same length
2026-07-24 23:42:17 | DEBUG | [20260724_234151] 信号异常 电力ETF: All arrays must be of the same length
2026-07-24 23:42:17 | DEBUG | [20260724_234151] 信号异常 光伏ETF: All arrays must be of the same length
2026-07-24 23:42:17 | DEBUG | [20260724_234151] 信号异常 军工ETF: All arrays must be of the same length
2026-07-24 23:42:17 | DEBUG | [20260724_234151] 信号异常 国防ETF: All arrays must be of the same length
2026-07-24 23:42:17 | DEBUG | [20260724_234151] 信号异常 稀土ETF: All arrays must be of the same length
2026-07-24 23:42:17 | DEBUG | [20260724_234151] 信号异常 有色金属ETF: All arrays must be of the same length
2026-07-24 23:42:17 | DEBUG | [20260724_234151] 信号异常 煤炭ETF: All arrays must be of the same length
2026-07-24 23:42:17 | DEBUG | [20260724_234151] 信号异常 化工ETF: All arrays must be of the same length
2026-07-24 23:42:17 | DEBUG | [20260724_234151] 信号异常 钢铁ETF: All arrays must be of the same length
2026-07-24 23:42:17 | DEBUG | [20260724_234151] 信号异常 油气ETF: All arrays must be of the same length
2026-07-24 23:42:17 | DEBUG | [20260724_234151] 信号异常 传媒ETF: All arrays must be of the same length
2026-07-24 23:42:17 | DEBUG | [20260724_234151] 信号异常 游戏ETF: All arrays must be of the same length
2026-07-24 23:42:17 | DEBUG | [20260724_234151] 信号异常 机器人ETF: All arrays must be of the same length
2026-07-24 23:42:17 | DEBUG | [20260724_234151] 信号异常 汽车ETF: All arrays must be of the same length
2026-07-24 23:42:17 | DEBUG | [20260724_234151] 信号异常 基建ETF: All arrays must be of the same length
2026-07-24 23:42:17 | DEBUG | [20260724_234151] 信号异常 红利ETF: All arrays must be of the same length
2026-07-24 23:42:17 | DEBUG | [20260724_234151] 信号异常 中证红利ETF: All arrays must be of the same length
2026-07-24 23:42:17 | WARNING | [20260724_234151] 2026-06-15 回测异常: Account.holdings_value() missing 1 required positional argument: 'prices'
2026-07-24 23:42:17 | DEBUG | [20260724_234151] 信号异常 中证500ETF: All arrays must be of the same length
2026-07-24 23:42:17 | DEBUG | [20260724_234151] 信号异常 中证1000ETF: All arrays must be of the same length
2026-07-24 23:42:17 | DEBUG | [20260724_234151] 信号异常 银行ETF: All arrays must be of the same length
2026-07-24 23:42:17 | DEBUG | [20260724_234151] 信号异常 券商ETF: All arrays must be of the same length
2026-07-24 23:42:17 | DEBUG | [20260724_234151] 信号异常 房地产ETF: All arrays must be of the same length
2026-07-24 23:42:17 | DEBUG | [20260724_234151] 信号异常 食品饮料ETF: All arrays must be of the same length
2026-07-24 23:42:17 | DEBUG | [20260724_234151] 信号异常 养殖ETF: All arrays must be of the same length
2026-07-24 23:42:17 | DEBUG | [20260724_234151] 信号异常 酒ETF: All arrays must be of the same length
2026-07-24 23:42:17 | DEBUG | [20260724_234151] 信号异常 家电ETF: All arrays must be of the same length
2026-07-24 23:42:17 | DEBUG | [20260724_234151] 信号异常 医药ETF: All arrays must be of the same length
2026-07-24 23:42:17 | DEBUG | [20260724_234151] 信号异常 创新药ETF: All arrays must be of the same length
2026-07-24 23:42:17 | DEBUG | [20260724_234151] 信号异常 医疗ETF: All arrays must be of the same length
2026-07-24 23:42:17 | DEBUG | [20260724_234151] 信号异常 计算机ETF: All arrays must be of the same length
2026-07-24 23:42:17 | DEBUG | [20260724_234151] 信号异常 人工智能ETF: All arrays must be of the same length
2026-07-24 23:42:17 | DEBUG | [20260724_234151] 信号异常 新能源车ETF: All arrays must be of the same length
2026-07-24 23:42:17 | DEBUG | [20260724_234151] 信号异常 电力ETF: All arrays must be of the same length
2026-07-24 23:42:17 | DEBUG | [20260724_234151] 信号异常 光伏ETF: All arrays must be of the same length
2026-07-24 23:42:17 | DEBUG | [20260724_234151] 信号异常 军工ETF: All arrays must be of the same length
2026-07-24 23:42:17 | DEBUG | [20260724_234151] 信号异常 国防ETF: All arrays must be of the same length
2026-07-24 23:42:17 | DEBUG | [20260724_234151] 信号异常 稀土ETF: All arrays must be of the same length
2026-07-24 23:42:17 | DEBUG | [20260724_234151] 信号异常 有色金属ETF: All arrays must be of the same length
2026-07-24 23:42:17 | DEBUG | [20260724_234151] 信号异常 煤炭ETF: All arrays must be of the same length
2026-07-24 23:42:17 | DEBUG | [20260724_234151] 信号异常 化工ETF: All arrays must be of the same length
2026-07-24 23:42:17 | DEBUG | [20260724_234151] 信号异常 钢铁ETF: All arrays must be of the same length
2026-07-24 23:42:17 | DEBUG | [20260724_234151] 信号异常 油气ETF: All arrays must be of the same length
2026-07-24 23:42:17 | DEBUG | [20260724_234151] 信号异常 传媒ETF: All arrays must be of the same length
2026-07-24 23:42:17 | DEBUG | [20260724_234151] 信号异常 游戏ETF: All arrays must be of the same length
2026-07-24 23:42:17 | DEBUG | [20260724_234151] 信号异常 机器人ETF: All arrays must be of the same length
2026-07-24 23:42:17 | DEBUG | [20260724_234151] 信号异常 汽车ETF: All arrays must be of the same length
2026-07-24 23:42:17 | DEBUG | [20260724_234151] 信号异常 基建ETF: All arrays must be of the same length
2026-07-24 23:42:17 | DEBUG | [20260724_234151] 信号异常 红利ETF: All arrays must be of the same length
2026-07-24 23:42:17 | DEBUG | [20260724_234151] 信号异常 中证红利ETF: All arrays must be of the same length
2026-07-24 23:42:17 | WARNING | [20260724_234151] 2026-06-16 回测异常: Account.holdings_value() missing 1 required positional argument: 'prices'
2026-07-24 23:42:17 | DEBUG | [20260724_234151] 信号异常 中证500ETF: All arrays must be of the same length
2026-07-24 23:42:17 | DEBUG | [20260724_234151] 信号异常 中证1000ETF: All arrays must be of the same length
2026-07-24 23:42:17 | DEBUG | [20260724_234151] 信号异常 银行ETF: All arrays must be of the same length
2026-07-24 23:42:17 | DEBUG | [20260724_234151] 信号异常 券商ETF: All arrays must be of the same length
2026-07-24 23:42:17 | DEBUG | [20260724_234151] 信号异常 房地产ETF: All arrays must be of the same length
2026-07-24 23:42:17 | DEBUG | [20260724_234151] 信号异常 食品饮料ETF: All arrays must be of the same length
2026-07-24 23:42:17 | DEBUG | [20260724_234151] 信号异常 养殖ETF: All arrays must be of the same length
2026-07-24 23:42:17 | DEBUG | [20260724_234151] 信号异常 酒ETF: All arrays must be of the same length
2026-07-24 23:42:17 | DEBUG | [20260724_234151] 信号异常 家电ETF: All arrays must be of the same length
2026-07-24 23:42:17 | DEBUG | [20260724_234151] 信号异常 医药ETF: All arrays must be of the same length
2026-07-24 23:42:17 | DEBUG | [20260724_234151] 信号异常 创新药ETF: All arrays must be of the same length
2026-07-24 23:42:17 | DEBUG | [20260724_234151] 信号异常 医疗ETF: All arrays must be of the same length
2026-07-24 23:42:17 | DEBUG | [20260724_234151] 信号异常 计算机ETF: All arrays must be of the same length
2026-07-24 23:42:17 | DEBUG | [20260724_234151] 信号异常 人工智能ETF: All arrays must be of the same length
2026-07-24 23:42:17 | DEBUG | [20260724_234151] 信号异常 新能源车ETF: All arrays must be of the same length
2026-07-24 23:42:17 | DEBUG | [20260724_234151] 信号异常 电力ETF: All arrays must be of the same length
2026-07-24 23:42:17 | DEBUG | [20260724_234151] 信号异常 光伏ETF: All arrays must be of the same length
2026-07-24 23:42:17 | DEBUG | [20260724_234151] 信号异常 军工ETF: All arrays must be of the same length
2026-07-24 23:42:17 | DEBUG | [20260724_234151] 信号异常 国防ETF: All arrays must be of the same length
2026-07-24 23:42:17 | DEBUG | [20260724_234151] 信号异常 稀土ETF: All arrays must be of the same length
2026-07-24 23:42:17 | DEBUG | [20260724_234151] 信号异常 有色金属ETF: All arrays must be of the same length
2026-07-24 23:42:17 | DEBUG | [20260724_234151] 信号异常 煤炭ETF: All arrays must be of the same length
2026-07-24 23:42:17 | DEBUG | [20260724_234151] 信号异常 化工ETF: All arrays must be of the same length
2026-07-24 23:42:17 | DEBUG | [20260724_234151] 信号异常 钢铁ETF: All arrays must be of the same length
2026-07-24 23:42:17 | DEBUG | [20260724_234151] 信号异常 油气ETF: All arrays must be of the same length
2026-07-24 23:42:17 | DEBUG | [20260724_234151] 信号异常 传媒ETF: All arrays must be of the same length
2026-07-24 23:42:17 | DEBUG | [20260724_234151] 信号异常 游戏ETF: All arrays must be of the same length
2026-07-24 23:42:17 | DEBUG | [20260724_234151] 信号异常 机器人ETF: All arrays must be of the same length
2026-07-24 23:42:17 | DEBUG | [20260724_234151] 信号异常 汽车ETF: All arrays must be of the same length
2026-07-24 23:42:17 | DEBUG | [20260724_234151] 信号异常 基建ETF: All arrays must be of the same length
2026-07-24 23:42:17 | DEBUG | [20260724_234151] 信号异常 红利ETF: All arrays must be of the same length
2026-07-24 23:42:17 | DEBUG | [20260724_234151] 信号异常 中证红利ETF: All arrays must be of the same length
2026-07-24 23:42:17 | WARNING | [20260724_234151] 2026-06-17 回测异常: Account.holdings_value() missing 1 required positional argument: 'prices'
2026-07-24 23:42:17 | DEBUG | [20260724_234151] 信号异常 中证500ETF: All arrays must be of the same length
2026-07-24 23:42:17 | DEBUG | [20260724_234151] 信号异常 中证1000ETF: All arrays must be of the same length
2026-07-24 23:42:17 | DEBUG | [20260724_234151] 信号异常 银行ETF: All arrays must be of the same length
2026-07-24 23:42:17 | DEBUG | [20260724_234151] 信号异常 券商ETF: All arrays must be of the same length
2026-07-24 23:42:17 | DEBUG | [20260724_234151] 信号异常 房地产ETF: All arrays must be of the same length
2026-07-24 23:42:17 | DEBUG | [20260724_234151] 信号异常 食品饮料ETF: All arrays must be of the same length
2026-07-24 23:42:17 | DEBUG | [20260724_234151] 信号异常 养殖ETF: All arrays must be of the same length
2026-07-24 23:42:17 | DEBUG | [20260724_234151] 信号异常 酒ETF: All arrays must be of the same length
2026-07-24 23:42:17 | DEBUG | [20260724_234151] 信号异常 家电ETF: All arrays must be of the same length
2026-07-24 23:42:17 | DEBUG | [20260724_234151] 信号异常 医药ETF: All arrays must be of the same length
2026-07-24 23:42:17 | DEBUG | [20260724_234151] 信号异常 创新药ETF: All arrays must be of the same length
2026-07-24 23:42:17 | DEBUG | [20260724_234151] 信号异常 医疗ETF: All arrays must be of the same length
2026-07-24 23:42:17 | DEBUG | [20260724_234151] 信号异常 计算机ETF: All arrays must be of the same length
2026-07-24 23:42:17 | DEBUG | [20260724_234151] 信号异常 人工智能ETF: All arrays must be of the same length
2026-07-24 23:42:17 | DEBUG | [20260724_234151] 信号异常 新能源车ETF: All arrays must be of the same length
2026-07-24 23:42:17 | DEBUG | [20260724_234151] 信号异常 电力ETF: All arrays must be of the same length
2026-07-24 23:42:17 | DEBUG | [20260724_234151] 信号异常 光伏ETF: All arrays must be of the same length
2026-07-24 23:42:17 | DEBUG | [20260724_234151] 信号异常 军工ETF: All arrays must be of the same length
2026-07-24 23:42:17 | DEBUG | [20260724_234151] 信号异常 国防ETF: All arrays must be of the same length
2026-07-24 23:42:17 | DEBUG | [20260724_234151] 信号异常 稀土ETF: All arrays must be of the same length
2026-07-24 23:42:17 | DEBUG | [20260724_234151] 信号异常 有色金属ETF: All arrays must be of the same length
2026-07-24 23:42:17 | DEBUG | [20260724_234151] 信号异常 煤炭ETF: All arrays must be of the same length
2026-07-24 23:42:17 | DEBUG | [20260724_234151] 信号异常 化工ETF: All arrays must be of the same length
2026-07-24 23:42:17 | DEBUG | [20260724_234151] 信号异常 钢铁ETF: All arrays must be of the same length
2026-07-24 23:42:17 | DEBUG | [20260724_234151] 信号异常 油气ETF: All arrays must be of the same length
2026-07-24 23:42:17 | DEBUG | [20260724_234151] 信号异常 传媒ETF: All arrays must be of the same length
2026-07-24 23:42:17 | DEBUG | [20260724_234151] 信号异常 游戏ETF: All arrays must be of the same length
2026-07-24 23:42:17 | DEBUG | [20260724_234151] 信号异常 机器人ETF: All arrays must be of the same length
2026-07-24 23:42:17 | DEBUG | [20260724_234151] 信号异常 汽车ETF: All arrays must be of the same length
2026-07-24 23:42:17 | DEBUG | [20260724_234151] 信号异常 基建ETF: All arrays must be of the same length
2026-07-24 23:42:17 | DEBUG | [20260724_234151] 信号异常 红利ETF: All arrays must be of the same length
2026-07-24 23:42:17 | DEBUG | [20260724_234151] 信号异常 中证红利ETF: All arrays must be of the same length
2026-07-24 23:42:17 | WARNING | [20260724_234151] 2026-06-18 回测异常: Account.holdings_value() missing 1 required positional argument: 'prices'
2026-07-24 23:42:17 | DEBUG | [20260724_234151] 信号异常 中证500ETF: All arrays must be of the same length
2026-07-24 23:42:17 | DEBUG | [20260724_234151] 信号异常 中证1000ETF: All arrays must be of the same length
2026-07-24 23:42:17 | DEBUG | [20260724_234151] 信号异常 银行ETF: All arrays must be of the same length
2026-07-24 23:42:17 | DEBUG | [20260724_234151] 信号异常 券商ETF: All arrays must be of the same length
2026-07-24 23:42:17 | DEBUG | [20260724_234151] 信号异常 房地产ETF: All arrays must be of the same length
2026-07-24 23:42:17 | DEBUG | [20260724_234151] 信号异常 食品饮料ETF: All arrays must be of the same length
2026-07-24 23:42:17 | DEBUG | [20260724_234151] 信号异常 养殖ETF: All arrays must be of the same length
2026-07-24 23:42:17 | DEBUG | [20260724_234151] 信号异常 酒ETF: All arrays must be of the same length
2026-07-24 23:42:17 | DEBUG | [20260724_234151] 信号异常 家电ETF: All arrays must be of the same length
2026-07-24 23:42:17 | DEBUG | [20260724_234151] 信号异常 医药ETF: All arrays must be of the same length
2026-07-24 23:42:17 | DEBUG | [20260724_234151] 信号异常 创新药ETF: All arrays must be of the same length
2026-07-24 23:42:17 | DEBUG | [20260724_234151] 信号异常 医疗ETF: All arrays must be of the same length
2026-07-24 23:42:17 | DEBUG | [20260724_234151] 信号异常 计算机ETF: All arrays must be of the same length
2026-07-24 23:42:17 | DEBUG | [20260724_234151] 信号异常 人工智能ETF: All arrays must be of the same length
2026-07-24 23:42:17 | DEBUG | [20260724_234151] 信号异常 新能源车ETF: All arrays must be of the same length
2026-07-24 23:42:17 | DEBUG | [20260724_234151] 信号异常 电力ETF: All arrays must be of the same length
2026-07-24 23:42:17 | DEBUG | [20260724_234151] 信号异常 光伏ETF: All arrays must be of the same length
2026-07-24 23:42:17 | DEBUG | [20260724_234151] 信号异常 军工ETF: All arrays must be of the same length
2026-07-24 23:42:17 | DEBUG | [20260724_234151] 信号异常 国防ETF: All arrays must be of the same length
2026-07-24 23:42:17 | DEBUG | [20260724_234151] 信号异常 稀土ETF: All arrays must be of the same length
2026-07-24 23:42:17 | DEBUG | [20260724_234151] 信号异常 有色金属ETF: All arrays must be of the same length
2026-07-24 23:42:17 | DEBUG | [20260724_234151] 信号异常 煤炭ETF: All arrays must be of the same length
2026-07-24 23:42:17 | DEBUG | [20260724_234151] 信号异常 化工ETF: All arrays must be of the same length
2026-07-24 23:42:17 | DEBUG | [20260724_234151] 信号异常 钢铁ETF: All arrays must be of the same length
2026-07-24 23:42:17 | DEBUG | [20260724_234151] 信号异常 油气ETF: All arrays must be of the same length
2026-07-24 23:42:17 | DEBUG | [20260724_234151] 信号异常 传媒ETF: All arrays must be of the same length
2026-07-24 23:42:17 | DEBUG | [20260724_234151] 信号异常 游戏ETF: All arrays must be of the same length
2026-07-24 23:42:17 | DEBUG | [20260724_234151] 信号异常 机器人ETF: All arrays must be of the same length
2026-07-24 23:42:17 | DEBUG | [20260724_234151] 信号异常 汽车ETF: All arrays must be of the same length
2026-07-24 23:42:17 | DEBUG | [20260724_234151] 信号异常 基建ETF: All arrays must be of the same length
2026-07-24 23:42:17 | DEBUG | [20260724_234151] 信号异常 红利ETF: All arrays must be of the same length
2026-07-24 23:42:17 | DEBUG | [20260724_234151] 信号异常 中证红利ETF: All arrays must be of the same length
2026-07-24 23:42:17 | WARNING | [20260724_234151] 2026-06-22 回测异常: Account.holdings_value() missing 1 required positional argument: 'prices'
2026-07-24 23:42:17 | DEBUG | [20260724_234151] 信号异常 中证500ETF: All arrays must be of the same length
2026-07-24 23:42:17 | DEBUG | [20260724_234151] 信号异常 中证1000ETF: All arrays must be of the same length
2026-07-24 23:42:17 | DEBUG | [20260724_234151] 信号异常 银行ETF: All arrays must be of the same length
2026-07-24 23:42:17 | DEBUG | [20260724_234151] 信号异常 券商ETF: All arrays must be of the same length
2026-07-24 23:42:17 | DEBUG | [20260724_234151] 信号异常 房地产ETF: All arrays must be of the same length
2026-07-24 23:42:17 | DEBUG | [20260724_234151] 信号异常 食品饮料ETF: All arrays must be of the same length
2026-07-24 23:42:17 | DEBUG | [20260724_234151] 信号异常 养殖ETF: All arrays must be of the same length
2026-07-24 23:42:17 | DEBUG | [20260724_234151] 信号异常 酒ETF: All arrays must be of the same length
2026-07-24 23:42:17 | DEBUG | [20260724_234151] 信号异常 家电ETF: All arrays must be of the same length
2026-07-24 23:42:17 | DEBUG | [20260724_234151] 信号异常 医药ETF: All arrays must be of the same length
2026-07-24 23:42:17 | DEBUG | [20260724_234151] 信号异常 创新药ETF: All arrays must be of the same length
2026-07-24 23:42:17 | DEBUG | [20260724_234151] 信号异常 医疗ETF: All arrays must be of the same length
2026-07-24 23:42:17 | DEBUG | [20260724_234151] 信号异常 计算机ETF: All arrays must be of the same length
2026-07-24 23:42:17 | DEBUG | [20260724_234151] 信号异常 人工智能ETF: All arrays must be of the same length
2026-07-24 23:42:17 | DEBUG | [20260724_234151] 信号异常 新能源车ETF: All arrays must be of the same length
2026-07-24 23:42:17 | DEBUG | [20260724_234151] 信号异常 电力ETF: All arrays must be of the same length
2026-07-24 23:42:17 | DEBUG | [20260724_234151] 信号异常 光伏ETF: All arrays must be of the same length
2026-07-24 23:42:17 | DEBUG | [20260724_234151] 信号异常 军工ETF: All arrays must be of the same length
2026-07-24 23:42:17 | DEBUG | [20260724_234151] 信号异常 国防ETF: All arrays must be of the same length
2026-07-24 23:42:17 | DEBUG | [20260724_234151] 信号异常 稀土ETF: All arrays must be of the same length
2026-07-24 23:42:17 | DEBUG | [20260724_234151] 信号异常 有色金属ETF: All arrays must be of the same length
2026-07-24 23:42:17 | DEBUG | [20260724_234151] 信号异常 煤炭ETF: All arrays must be of the same length
2026-07-24 23:42:17 | DEBUG | [20260724_234151] 信号异常 化工ETF: All arrays must be of the same length
2026-07-24 23:42:17 | DEBUG | [20260724_234151] 信号异常 钢铁ETF: All arrays must be of the same length
2026-07-24 23:42:17 | DEBUG | [20260724_234151] 信号异常 油气ETF: All arrays must be of the same length
2026-07-24 23:42:17 | DEBUG | [20260724_234151] 信号异常 传媒ETF: All arrays must be of the same length
2026-07-24 23:42:17 | DEBUG | [20260724_234151] 信号异常 游戏ETF: All arrays must be of the same length
2026-07-24 23:42:17 | DEBUG | [20260724_234151] 信号异常 机器人ETF: All arrays must be of the same length
2026-07-24 23:42:17 | DEBUG | [20260724_234151] 信号异常 汽车ETF: All arrays must be of the same length
2026-07-24 23:42:17 | DEBUG | [20260724_234151] 信号异常 基建ETF: All arrays must be of the same length
2026-07-24 23:42:17 | DEBUG | [20260724_234151] 信号异常 红利ETF: All arrays must be of the same length
2026-07-24 23:42:17 | DEBUG | [20260724_234151] 信号异常 中证红利ETF: All arrays must be of the same length
2026-07-24 23:42:17 | WARNING | [20260724_234151] 2026-06-23 回测异常: Account.holdings_value() missing 1 required positional argument: 'prices'
2026-07-24 23:42:17 | DEBUG | [20260724_234151] 信号异常 中证500ETF: All arrays must be of the same length
2026-07-24 23:42:17 | DEBUG | [20260724_234151] 信号异常 中证1000ETF: All arrays must be of the same length
2026-07-24 23:42:17 | DEBUG | [20260724_234151] 信号异常 银行ETF: All arrays must be of the same length
2026-07-24 23:42:17 | DEBUG | [20260724_234151] 信号异常 券商ETF: All arrays must be of the same length
2026-07-24 23:42:17 | DEBUG | [20260724_234151] 信号异常 房地产ETF: All arrays must be of the same length
2026-07-24 23:42:17 | DEBUG | [20260724_234151] 信号异常 食品饮料ETF: All arrays must be of the same length
2026-07-24 23:42:17 | DEBUG | [20260724_234151] 信号异常 养殖ETF: All arrays must be of the same length
2026-07-24 23:42:17 | DEBUG | [20260724_234151] 信号异常 酒ETF: All arrays must be of the same length
2026-07-24 23:42:17 | DEBUG | [20260724_234151] 信号异常 家电ETF: All arrays must be of the same length
2026-07-24 23:42:17 | DEBUG | [20260724_234151] 信号异常 医药ETF: All arrays must be of the same length
2026-07-24 23:42:17 | DEBUG | [20260724_234151] 信号异常 创新药ETF: All arrays must be of the same length
2026-07-24 23:42:17 | DEBUG | [20260724_234151] 信号异常 医疗ETF: All arrays must be of the same length
2026-07-24 23:42:17 | DEBUG | [20260724_234151] 信号异常 计算机ETF: All arrays must be of the same length
2026-07-24 23:42:17 | DEBUG | [20260724_234151] 信号异常 人工智能ETF: All arrays must be of the same length
2026-07-24 23:42:17 | DEBUG | [20260724_234151] 信号异常 新能源车ETF: All arrays must be of the same length
2026-07-24 23:42:17 | DEBUG | [20260724_234151] 信号异常 电力ETF: All arrays must be of the same length
2026-07-24 23:42:17 | DEBUG | [20260724_234151] 信号异常 光伏ETF: All arrays must be of the same length
2026-07-24 23:42:17 | DEBUG | [20260724_234151] 信号异常 军工ETF: All arrays must be of the same length
2026-07-24 23:42:17 | DEBUG | [20260724_234151] 信号异常 国防ETF: All arrays must be of the same length
2026-07-24 23:42:17 | DEBUG | [20260724_234151] 信号异常 稀土ETF: All arrays must be of the same length
2026-07-24 23:42:17 | DEBUG | [20260724_234151] 信号异常 有色金属ETF: All arrays must be of the same length
2026-07-24 23:42:17 | DEBUG | [20260724_234151] 信号异常 煤炭ETF: All arrays must be of the same length
2026-07-24 23:42:17 | DEBUG | [20260724_234151] 信号异常 化工ETF: All arrays must be of the same length
2026-07-24 23:42:17 | DEBUG | [20260724_234151] 信号异常 钢铁ETF: All arrays must be of the same length
2026-07-24 23:42:17 | DEBUG | [20260724_234151] 信号异常 油气ETF: All arrays must be of the same length
2026-07-24 23:42:17 | DEBUG | [20260724_234151] 信号异常 传媒ETF: All arrays must be of the same length
2026-07-24 23:42:17 | DEBUG | [20260724_234151] 信号异常 游戏ETF: All arrays must be of the same length
2026-07-24 23:42:17 | DEBUG | [20260724_234151] 信号异常 机器人ETF: All arrays must be of the same length
2026-07-24 23:42:17 | DEBUG | [20260724_234151] 信号异常 汽车ETF: All arrays must be of the same length
2026-07-24 23:42:17 | DEBUG | [20260724_234151] 信号异常 基建ETF: All arrays must be of the same length
2026-07-24 23:42:17 | DEBUG | [20260724_234151] 信号异常 红利ETF: All arrays must be of the same length
2026-07-24 23:42:17 | DEBUG | [20260724_234151] 信号异常 中证红利ETF: All arrays must be of the same length
2026-07-24 23:42:17 | WARNING | [20260724_234151] 2026-06-24 回测异常: Account.holdings_value() missing 1 required positional argument: 'prices'
2026-07-24 23:42:17 | DEBUG | [20260724_234151] 信号异常 中证500ETF: All arrays must be of the same length
2026-07-24 23:42:17 | DEBUG | [20260724_234151] 信号异常 中证1000ETF: All arrays must be of the same length
2026-07-24 23:42:17 | DEBUG | [20260724_234151] 信号异常 银行ETF: All arrays must be of the same length
2026-07-24 23:42:17 | DEBUG | [20260724_234151] 信号异常 券商ETF: All arrays must be of the same length
2026-07-24 23:42:17 | DEBUG | [20260724_234151] 信号异常 房地产ETF: All arrays must be of the same length
2026-07-24 23:42:17 | DEBUG | [20260724_234151] 信号异常 食品饮料ETF: All arrays must be of the same length
2026-07-24 23:42:17 | DEBUG | [20260724_234151] 信号异常 养殖ETF: All arrays must be of the same length
2026-07-24 23:42:17 | DEBUG | [20260724_234151] 信号异常 酒ETF: All arrays must be of the same length
2026-07-24 23:42:17 | DEBUG | [20260724_234151] 信号异常 家电ETF: All arrays must be of the same length
2026-07-24 23:42:17 | DEBUG | [20260724_234151] 信号异常 医药ETF: All arrays must be of the same length
2026-07-24 23:42:17 | DEBUG | [20260724_234151] 信号异常 创新药ETF: All arrays must be of the same length
2026-07-24 23:42:17 | DEBUG | [20260724_234151] 信号异常 医疗ETF: All arrays must be of the same length
2026-07-24 23:42:17 | DEBUG | [20260724_234151] 信号异常 计算机ETF: All arrays must be of the same length
2026-07-24 23:42:17 | DEBUG | [20260724_234151] 信号异常 人工智能ETF: All arrays must be of the same length
2026-07-24 23:42:17 | DEBUG | [20260724_234151] 信号异常 新能源车ETF: All arrays must be of the same length
2026-07-24 23:42:17 | DEBUG | [20260724_234151] 信号异常 电力ETF: All arrays must be of the same length
2026-07-24 23:42:17 | DEBUG | [20260724_234151] 信号异常 光伏ETF: All arrays must be of the same length
2026-07-24 23:42:17 | DEBUG | [20260724_234151] 信号异常 军工ETF: All arrays must be of the same length
2026-07-24 23:42:17 | DEBUG | [20260724_234151] 信号异常 国防ETF: All arrays must be of the same length
2026-07-24 23:42:17 | DEBUG | [20260724_234151] 信号异常 稀土ETF: All arrays must be of the same length
2026-07-24 23:42:17 | DEBUG | [20260724_234151] 信号异常 有色金属ETF: All arrays must be of the same length
2026-07-24 23:42:17 | DEBUG | [20260724_234151] 信号异常 煤炭ETF: All arrays must be of the same length
2026-07-24 23:42:17 | DEBUG | [20260724_234151] 信号异常 化工ETF: All arrays must be of the same length
2026-07-24 23:42:17 | DEBUG | [20260724_234151] 信号异常 钢铁ETF: All arrays must be of the same length
2026-07-24 23:42:17 | DEBUG | [20260724_234151] 信号异常 油气ETF: All arrays must be of the same length
2026-07-24 23:42:17 | DEBUG | [20260724_234151] 信号异常 传媒ETF: All arrays must be of the same length
2026-07-24 23:42:17 | DEBUG | [20260724_234151] 信号异常 游戏ETF: All arrays must be of the same length
2026-07-24 23:42:17 | DEBUG | [20260724_234151] 信号异常 机器人ETF: All arrays must be of the same length
2026-07-24 23:42:17 | DEBUG | [20260724_234151] 信号异常 汽车ETF: All arrays must be of the same length
2026-07-24 23:42:17 | DEBUG | [20260724_234151] 信号异常 基建ETF: All arrays must be of the same length
2026-07-24 23:42:17 | DEBUG | [20260724_234151] 信号异常 红利ETF: All arrays must be of the same length
2026-07-24 23:42:17 | DEBUG | [20260724_234151] 信号异常 中证红利ETF: All arrays must be of the same length
2026-07-24 23:42:17 | WARNING | [20260724_234151] 2026-06-25 回测异常: Account.holdings_value() missing 1 required positional argument: 'prices'
2026-07-24 23:42:17 | DEBUG | [20260724_234151] 信号异常 中证500ETF: All arrays must be of the same length
2026-07-24 23:42:17 | DEBUG | [20260724_234151] 信号异常 中证1000ETF: All arrays must be of the same length
2026-07-24 23:42:17 | DEBUG | [20260724_234151] 信号异常 银行ETF: All arrays must be of the same length
2026-07-24 23:42:17 | DEBUG | [20260724_234151] 信号异常 券商ETF: All arrays must be of the same length
2026-07-24 23:42:17 | DEBUG | [20260724_234151] 信号异常 房地产ETF: All arrays must be of the same length
2026-07-24 23:42:17 | DEBUG | [20260724_234151] 信号异常 食品饮料ETF: All arrays must be of the same length
2026-07-24 23:42:17 | DEBUG | [20260724_234151] 信号异常 养殖ETF: All arrays must be of the same length
2026-07-24 23:42:17 | DEBUG | [20260724_234151] 信号异常 酒ETF: All arrays must be of the same length
2026-07-24 23:42:17 | DEBUG | [20260724_234151] 信号异常 家电ETF: All arrays must be of the same length
2026-07-24 23:42:17 | DEBUG | [20260724_234151] 信号异常 医药ETF: All arrays must be of the same length
2026-07-24 23:42:17 | DEBUG | [20260724_234151] 信号异常 创新药ETF: All arrays must be of the same length
2026-07-24 23:42:17 | DEBUG | [20260724_234151] 信号异常 医疗ETF: All arrays must be of the same length
2026-07-24 23:42:17 | DEBUG | [20260724_234151] 信号异常 计算机ETF: All arrays must be of the same length
2026-07-24 23:42:17 | DEBUG | [20260724_234151] 信号异常 人工智能ETF: All arrays must be of the same length
2026-07-24 23:42:17 | DEBUG | [20260724_234151] 信号异常 新能源车ETF: All arrays must be of the same length
2026-07-24 23:42:17 | DEBUG | [20260724_234151] 信号异常 电力ETF: All arrays must be of the same length
2026-07-24 23:42:17 | DEBUG | [20260724_234151] 信号异常 光伏ETF: All arrays must be of the same length
2026-07-24 23:42:17 | DEBUG | [20260724_234151] 信号异常 军工ETF: All arrays must be of the same length
2026-07-24 23:42:17 | DEBUG | [20260724_234151] 信号异常 国防ETF: All arrays must be of the same length
2026-07-24 23:42:17 | DEBUG | [20260724_234151] 信号异常 稀土ETF: All arrays must be of the same length
2026-07-24 23:42:17 | DEBUG | [20260724_234151] 信号异常 有色金属ETF: All arrays must be of the same length
2026-07-24 23:42:17 | DEBUG | [20260724_234151] 信号异常 煤炭ETF: All arrays must be of the same length
2026-07-24 23:42:17 | DEBUG | [20260724_234151] 信号异常 化工ETF: All arrays must be of the same length
2026-07-24 23:42:17 | DEBUG | [20260724_234151] 信号异常 钢铁ETF: All arrays must be of the same length
2026-07-24 23:42:17 | DEBUG | [20260724_234151] 信号异常 油气ETF: All arrays must be of the same length
2026-07-24 23:42:17 | DEBUG | [20260724_234151] 信号异常 传媒ETF: All arrays must be of the same length
2026-07-24 23:42:17 | DEBUG | [20260724_234151] 信号异常 游戏ETF: All arrays must be of the same length
2026-07-24 23:42:17 | DEBUG | [20260724_234151] 信号异常 机器人ETF: All arrays must be of the same length
2026-07-24 23:42:17 | DEBUG | [20260724_234151] 信号异常 汽车ETF: All arrays must be of the same length
2026-07-24 23:42:17 | DEBUG | [20260724_234151] 信号异常 基建ETF: All arrays must be of the same length
2026-07-24 23:42:17 | DEBUG | [20260724_234151] 信号异常 红利ETF: All arrays must be of the same length
2026-07-24 23:42:17 | DEBUG | [20260724_234151] 信号异常 中证红利ETF: All arrays must be of the same length
2026-07-24 23:42:17 | WARNING | [20260724_234151] 2026-06-26 回测异常: Account.holdings_value() missing 1 required positional argument: 'prices'
2026-07-24 23:42:17 | DEBUG | [20260724_234151] 信号异常 中证500ETF: All arrays must be of the same length
2026-07-24 23:42:17 | DEBUG | [20260724_234151] 信号异常 中证1000ETF: All arrays must be of the same length
2026-07-24 23:42:17 | DEBUG | [20260724_234151] 信号异常 银行ETF: All arrays must be of the same length
2026-07-24 23:42:17 | DEBUG | [20260724_234151] 信号异常 券商ETF: All arrays must be of the same length
2026-07-24 23:42:17 | DEBUG | [20260724_234151] 信号异常 房地产ETF: All arrays must be of the same length
2026-07-24 23:42:17 | DEBUG | [20260724_234151] 信号异常 食品饮料ETF: All arrays must be of the same length
2026-07-24 23:42:17 | DEBUG | [20260724_234151] 信号异常 养殖ETF: All arrays must be of the same length
2026-07-24 23:42:17 | DEBUG | [20260724_234151] 信号异常 酒ETF: All arrays must be of the same length
2026-07-24 23:42:17 | DEBUG | [20260724_234151] 信号异常 家电ETF: All arrays must be of the same length
2026-07-24 23:42:17 | DEBUG | [20260724_234151] 信号异常 医药ETF: All arrays must be of the same length
2026-07-24 23:42:17 | DEBUG | [20260724_234151] 信号异常 创新药ETF: All arrays must be of the same length
2026-07-24 23:42:17 | DEBUG | [20260724_234151] 信号异常 医疗ETF: All arrays must be of the same length
2026-07-24 23:42:17 | DEBUG | [20260724_234151] 信号异常 计算机ETF: All arrays must be of the same length
2026-07-24 23:42:17 | DEBUG | [20260724_234151] 信号异常 人工智能ETF: All arrays must be of the same length
2026-07-24 23:42:17 | DEBUG | [20260724_234151] 信号异常 新能源车ETF: All arrays must be of the same length
2026-07-24 23:42:17 | DEBUG | [20260724_234151] 信号异常 电力ETF: All arrays must be of the same length
2026-07-24 23:42:17 | DEBUG | [20260724_234151] 信号异常 光伏ETF: All arrays must be of the same length
2026-07-24 23:42:17 | DEBUG | [20260724_234151] 信号异常 军工ETF: All arrays must be of the same length
2026-07-24 23:42:17 | DEBUG | [20260724_234151] 信号异常 国防ETF: All arrays must be of the same length
2026-07-24 23:42:17 | DEBUG | [20260724_234151] 信号异常 稀土ETF: All arrays must be of the same length
2026-07-24 23:42:17 | DEBUG | [20260724_234151] 信号异常 有色金属ETF: All arrays must be of the same length
2026-07-24 23:42:17 | DEBUG | [20260724_234151] 信号异常 煤炭ETF: All arrays must be of the same length
2026-07-24 23:42:17 | DEBUG | [20260724_234151] 信号异常 化工ETF: All arrays must be of the same length
2026-07-24 23:42:17 | DEBUG | [20260724_234151] 信号异常 钢铁ETF: All arrays must be of the same length
2026-07-24 23:42:17 | DEBUG | [20260724_234151] 信号异常 油气ETF: All arrays must be of the same length
2026-07-24 23:42:17 | DEBUG | [20260724_234151] 信号异常 传媒ETF: All arrays must be of the same length
2026-07-24 23:42:17 | DEBUG | [20260724_234151] 信号异常 游戏ETF: All arrays must be of the same length
2026-07-24 23:42:17 | DEBUG | [20260724_234151] 信号异常 机器人ETF: All arrays must be of the same length
2026-07-24 23:42:17 | DEBUG | [20260724_234151] 信号异常 汽车ETF: All arrays must be of the same length
2026-07-24 23:42:17 | DEBUG | [20260724_234151] 信号异常 基建ETF: All arrays must be of the same length
2026-07-24 23:42:17 | DEBUG | [20260724_234151] 信号异常 红利ETF: All arrays must be of the same length
2026-07-24 23:42:17 | DEBUG | [20260724_234151] 信号异常 中证红利ETF: All arrays must be of the same length
2026-07-24 23:42:18 | WARNING | [20260724_234151] 2026-06-29 回测异常: Account.holdings_value() missing 1 required positional argument: 'prices'
2026-07-24 23:42:18 | DEBUG | [20260724_234151] 信号异常 中证500ETF: All arrays must be of the same length
2026-07-24 23:42:18 | DEBUG | [20260724_234151] 信号异常 中证1000ETF: All arrays must be of the same length
2026-07-24 23:42:18 | DEBUG | [20260724_234151] 信号异常 银行ETF: All arrays must be of the same length
2026-07-24 23:42:18 | DEBUG | [20260724_234151] 信号异常 券商ETF: All arrays must be of the same length
2026-07-24 23:42:18 | DEBUG | [20260724_234151] 信号异常 房地产ETF: All arrays must be of the same length
2026-07-24 23:42:18 | DEBUG | [20260724_234151] 信号异常 食品饮料ETF: All arrays must be of the same length
2026-07-24 23:42:18 | DEBUG | [20260724_234151] 信号异常 养殖ETF: All arrays must be of the same length
2026-07-24 23:42:18 | DEBUG | [20260724_234151] 信号异常 酒ETF: All arrays must be of the same length
2026-07-24 23:42:18 | DEBUG | [20260724_234151] 信号异常 家电ETF: All arrays must be of the same length
2026-07-24 23:42:18 | DEBUG | [20260724_234151] 信号异常 医药ETF: All arrays must be of the same length
2026-07-24 23:42:18 | DEBUG | [20260724_234151] 信号异常 创新药ETF: All arrays must be of the same length
2026-07-24 23:42:18 | DEBUG | [20260724_234151] 信号异常 医疗ETF: All arrays must be of the same length
2026-07-24 23:42:18 | DEBUG | [20260724_234151] 信号异常 计算机ETF: All arrays must be of the same length
2026-07-24 23:42:18 | DEBUG | [20260724_234151] 信号异常 人工智能ETF: All arrays must be of the same length
2026-07-24 23:42:18 | DEBUG | [20260724_234151] 信号异常 新能源车ETF: All arrays must be of the same length
2026-07-24 23:42:18 | DEBUG | [20260724_234151] 信号异常 电力ETF: All arrays must be of the same length
2026-07-24 23:42:18 | DEBUG | [20260724_234151] 信号异常 光伏ETF: All arrays must be of the same length
2026-07-24 23:42:18 | DEBUG | [20260724_234151] 信号异常 军工ETF: All arrays must be of the same length
2026-07-24 23:42:18 | DEBUG | [20260724_234151] 信号异常 国防ETF: All arrays must be of the same length
2026-07-24 23:42:18 | DEBUG | [20260724_234151] 信号异常 稀土ETF: All arrays must be of the same length
2026-07-24 23:42:18 | DEBUG | [20260724_234151] 信号异常 有色金属ETF: All arrays must be of the same length
2026-07-24 23:42:18 | DEBUG | [20260724_234151] 信号异常 煤炭ETF: All arrays must be of the same length
2026-07-24 23:42:18 | DEBUG | [20260724_234151] 信号异常 化工ETF: All arrays must be of the same length
2026-07-24 23:42:18 | DEBUG | [20260724_234151] 信号异常 钢铁ETF: All arrays must be of the same length
2026-07-24 23:42:18 | DEBUG | [20260724_234151] 信号异常 油气ETF: All arrays must be of the same length
2026-07-24 23:42:18 | DEBUG | [20260724_234151] 信号异常 传媒ETF: All arrays must be of the same length
2026-07-24 23:42:18 | DEBUG | [20260724_234151] 信号异常 游戏ETF: All arrays must be of the same length
2026-07-24 23:42:18 | DEBUG | [20260724_234151] 信号异常 机器人ETF: All arrays must be of the same length
2026-07-24 23:42:18 | DEBUG | [20260724_234151] 信号异常 汽车ETF: All arrays must be of the same length
2026-07-24 23:42:18 | DEBUG | [20260724_234151] 信号异常 基建ETF: All arrays must be of the same length
2026-07-24 23:42:18 | DEBUG | [20260724_234151] 信号异常 红利ETF: All arrays must be of the same length
2026-07-24 23:42:18 | DEBUG | [20260724_234151] 信号异常 中证红利ETF: All arrays must be of the same length
2026-07-24 23:42:18 | WARNING | [20260724_234151] 2026-06-30 回测异常: Account.holdings_value() missing 1 required positional argument: 'prices'
2026-07-24 23:42:18 | DEBUG | [20260724_234151] 信号异常 中证500ETF: All arrays must be of the same length
2026-07-24 23:42:18 | DEBUG | [20260724_234151] 信号异常 中证1000ETF: All arrays must be of the same length
2026-07-24 23:42:18 | DEBUG | [20260724_234151] 信号异常 银行ETF: All arrays must be of the same length
2026-07-24 23:42:18 | DEBUG | [20260724_234151] 信号异常 券商ETF: All arrays must be of the same length
2026-07-24 23:42:18 | DEBUG | [20260724_234151] 信号异常 房地产ETF: All arrays must be of the same length
2026-07-24 23:42:18 | DEBUG | [20260724_234151] 信号异常 食品饮料ETF: All arrays must be of the same length
2026-07-24 23:42:18 | DEBUG | [20260724_234151] 信号异常 养殖ETF: All arrays must be of the same length
2026-07-24 23:42:18 | DEBUG | [20260724_234151] 信号异常 酒ETF: All arrays must be of the same length
2026-07-24 23:42:18 | DEBUG | [20260724_234151] 信号异常 家电ETF: All arrays must be of the same length
2026-07-24 23:42:18 | DEBUG | [20260724_234151] 信号异常 医药ETF: All arrays must be of the same length
2026-07-24 23:42:18 | DEBUG | [20260724_234151] 信号异常 创新药ETF: All arrays must be of the same length
2026-07-24 23:42:18 | DEBUG | [20260724_234151] 信号异常 医疗ETF: All arrays must be of the same length
2026-07-24 23:42:18 | DEBUG | [20260724_234151] 信号异常 计算机ETF: All arrays must be of the same length
2026-07-24 23:42:18 | DEBUG | [20260724_234151] 信号异常 人工智能ETF: All arrays must be of the same length
2026-07-24 23:42:18 | DEBUG | [20260724_234151] 信号异常 新能源车ETF: All arrays must be of the same length
2026-07-24 23:42:18 | DEBUG | [20260724_234151] 信号异常 电力ETF: All arrays must be of the same length
2026-07-24 23:42:18 | DEBUG | [20260724_234151] 信号异常 光伏ETF: All arrays must be of the same length
2026-07-24 23:42:18 | DEBUG | [20260724_234151] 信号异常 军工ETF: All arrays must be of the same length
2026-07-24 23:42:18 | DEBUG | [20260724_234151] 信号异常 国防ETF: All arrays must be of the same length
2026-07-24 23:42:18 | DEBUG | [20260724_234151] 信号异常 稀土ETF: All arrays must be of the same length
2026-07-24 23:42:18 | DEBUG | [20260724_234151] 信号异常 有色金属ETF: All arrays must be of the same length
2026-07-24 23:42:18 | DEBUG | [20260724_234151] 信号异常 煤炭ETF: All arrays must be of the same length
2026-07-24 23:42:18 | DEBUG | [20260724_234151] 信号异常 化工ETF: All arrays must be of the same length
2026-07-24 23:42:18 | DEBUG | [20260724_234151] 信号异常 钢铁ETF: All arrays must be of the same length
2026-07-24 23:42:18 | DEBUG | [20260724_234151] 信号异常 油气ETF: All arrays must be of the same length
2026-07-24 23:42:18 | DEBUG | [20260724_234151] 信号异常 传媒ETF: All arrays must be of the same length
2026-07-24 23:42:18 | DEBUG | [20260724_234151] 信号异常 游戏ETF: All arrays must be of the same length
2026-07-24 23:42:18 | DEBUG | [20260724_234151] 信号异常 机器人ETF: All arrays must be of the same length
2026-07-24 23:42:18 | DEBUG | [20260724_234151] 信号异常 汽车ETF: All arrays must be of the same length
2026-07-24 23:42:18 | DEBUG | [20260724_234151] 信号异常 基建ETF: All arrays must be of the same length
2026-07-24 23:42:18 | DEBUG | [20260724_234151] 信号异常 红利ETF: All arrays must be of the same length
2026-07-24 23:42:18 | DEBUG | [20260724_234151] 信号异常 中证红利ETF: All arrays must be of the same length
2026-07-24 23:42:18 | WARNING | [20260724_234151] 2026-07-01 回测异常: Account.holdings_value() missing 1 required positional argument: 'prices'
2026-07-24 23:42:18 | DEBUG | [20260724_234151] 信号异常 中证500ETF: All arrays must be of the same length
2026-07-24 23:42:18 | DEBUG | [20260724_234151] 信号异常 中证1000ETF: All arrays must be of the same length
2026-07-24 23:42:18 | DEBUG | [20260724_234151] 信号异常 银行ETF: All arrays must be of the same length
2026-07-24 23:42:18 | DEBUG | [20260724_234151] 信号异常 券商ETF: All arrays must be of the same length
2026-07-24 23:42:18 | DEBUG | [20260724_234151] 信号异常 房地产ETF: All arrays must be of the same length
2026-07-24 23:42:18 | DEBUG | [20260724_234151] 信号异常 食品饮料ETF: All arrays must be of the same length
2026-07-24 23:42:18 | DEBUG | [20260724_234151] 信号异常 养殖ETF: All arrays must be of the same length
2026-07-24 23:42:18 | DEBUG | [20260724_234151] 信号异常 酒ETF: All arrays must be of the same length
2026-07-24 23:42:18 | DEBUG | [20260724_234151] 信号异常 家电ETF: All arrays must be of the same length
2026-07-24 23:42:18 | DEBUG | [20260724_234151] 信号异常 医药ETF: All arrays must be of the same length
2026-07-24 23:42:18 | DEBUG | [20260724_234151] 信号异常 创新药ETF: All arrays must be of the same length
2026-07-24 23:42:18 | DEBUG | [20260724_234151] 信号异常 医疗ETF: All arrays must be of the same length
2026-07-24 23:42:18 | DEBUG | [20260724_234151] 信号异常 计算机ETF: All arrays must be of the same length
2026-07-24 23:42:18 | DEBUG | [20260724_234151] 信号异常 人工智能ETF: All arrays must be of the same length
2026-07-24 23:42:18 | DEBUG | [20260724_234151] 信号异常 新能源车ETF: All arrays must be of the same length
2026-07-24 23:42:18 | DEBUG | [20260724_234151] 信号异常 电力ETF: All arrays must be of the same length
2026-07-24 23:42:18 | DEBUG | [20260724_234151] 信号异常 光伏ETF: All arrays must be of the same length
2026-07-24 23:42:18 | DEBUG | [20260724_234151] 信号异常 军工ETF: All arrays must be of the same length
2026-07-24 23:42:18 | DEBUG | [20260724_234151] 信号异常 国防ETF: All arrays must be of the same length
2026-07-24 23:42:18 | DEBUG | [20260724_234151] 信号异常 稀土ETF: All arrays must be of the same length
2026-07-24 23:42:18 | DEBUG | [20260724_234151] 信号异常 有色金属ETF: All arrays must be of the same length
2026-07-24 23:42:18 | DEBUG | [20260724_234151] 信号异常 煤炭ETF: All arrays must be of the same length
2026-07-24 23:42:18 | DEBUG | [20260724_234151] 信号异常 化工ETF: All arrays must be of the same length
2026-07-24 23:42:18 | DEBUG | [20260724_234151] 信号异常 钢铁ETF: All arrays must be of the same length
2026-07-24 23:42:18 | DEBUG | [20260724_234151] 信号异常 油气ETF: All arrays must be of the same length
2026-07-24 23:42:18 | DEBUG | [20260724_234151] 信号异常 传媒ETF: All arrays must be of the same length
2026-07-24 23:42:18 | DEBUG | [20260724_234151] 信号异常 游戏ETF: All arrays must be of the same length
2026-07-24 23:42:18 | DEBUG | [20260724_234151] 信号异常 机器人ETF: All arrays must be of the same length
2026-07-24 23:42:18 | DEBUG | [20260724_234151] 信号异常 汽车ETF: All arrays must be of the same length
2026-07-24 23:42:18 | DEBUG | [20260724_234151] 信号异常 基建ETF: All arrays must be of the same length
2026-07-24 23:42:18 | DEBUG | [20260724_234151] 信号异常 红利ETF: All arrays must be of the same length
2026-07-24 23:42:18 | DEBUG | [20260724_234151] 信号异常 中证红利ETF: All arrays must be of the same length
2026-07-24 23:42:18 | WARNING | [20260724_234151] 2026-07-02 回测异常: Account.holdings_value() missing 1 required positional argument: 'prices'
2026-07-24 23:42:18 | DEBUG | [20260724_234151] 信号异常 中证500ETF: All arrays must be of the same length
2026-07-24 23:42:18 | DEBUG | [20260724_234151] 信号异常 中证1000ETF: All arrays must be of the same length
2026-07-24 23:42:18 | DEBUG | [20260724_234151] 信号异常 银行ETF: All arrays must be of the same length
2026-07-24 23:42:18 | DEBUG | [20260724_234151] 信号异常 券商ETF: All arrays must be of the same length
2026-07-24 23:42:18 | DEBUG | [20260724_234151] 信号异常 房地产ETF: All arrays must be of the same length
2026-07-24 23:42:18 | DEBUG | [20260724_234151] 信号异常 食品饮料ETF: All arrays must be of the same length
2026-07-24 23:42:18 | DEBUG | [20260724_234151] 信号异常 养殖ETF: All arrays must be of the same length
2026-07-24 23:42:18 | DEBUG | [20260724_234151] 信号异常 酒ETF: All arrays must be of the same length
2026-07-24 23:42:18 | DEBUG | [20260724_234151] 信号异常 家电ETF: All arrays must be of the same length
2026-07-24 23:42:18 | DEBUG | [20260724_234151] 信号异常 医药ETF: All arrays must be of the same length
2026-07-24 23:42:18 | DEBUG | [20260724_234151] 信号异常 创新药ETF: All arrays must be of the same length
2026-07-24 23:42:18 | DEBUG | [20260724_234151] 信号异常 医疗ETF: All arrays must be of the same length
2026-07-24 23:42:18 | DEBUG | [20260724_234151] 信号异常 计算机ETF: All arrays must be of the same length
2026-07-24 23:42:18 | DEBUG | [20260724_234151] 信号异常 人工智能ETF: All arrays must be of the same length
2026-07-24 23:42:18 | DEBUG | [20260724_234151] 信号异常 新能源车ETF: All arrays must be of the same length
2026-07-24 23:42:18 | DEBUG | [20260724_234151] 信号异常 电力ETF: All arrays must be of the same length
2026-07-24 23:42:18 | DEBUG | [20260724_234151] 信号异常 光伏ETF: All arrays must be of the same length
2026-07-24 23:42:18 | DEBUG | [20260724_234151] 信号异常 军工ETF: All arrays must be of the same length
2026-07-24 23:42:18 | DEBUG | [20260724_234151] 信号异常 国防ETF: All arrays must be of the same length
2026-07-24 23:42:18 | DEBUG | [20260724_234151] 信号异常 稀土ETF: All arrays must be of the same length
2026-07-24 23:42:18 | DEBUG | [20260724_234151] 信号异常 有色金属ETF: All arrays must be of the same length
2026-07-24 23:42:18 | DEBUG | [20260724_234151] 信号异常 煤炭ETF: All arrays must be of the same length
2026-07-24 23:42:18 | DEBUG | [20260724_234151] 信号异常 化工ETF: All arrays must be of the same length
2026-07-24 23:42:18 | DEBUG | [20260724_234151] 信号异常 钢铁ETF: All arrays must be of the same length
2026-07-24 23:42:18 | DEBUG | [20260724_234151] 信号异常 油气ETF: All arrays must be of the same length
2026-07-24 23:42:18 | DEBUG | [20260724_234151] 信号异常 传媒ETF: All arrays must be of the same length
2026-07-24 23:42:18 | DEBUG | [20260724_234151] 信号异常 游戏ETF: All arrays must be of the same length
2026-07-24 23:42:18 | DEBUG | [20260724_234151] 信号异常 机器人ETF: All arrays must be of the same length
2026-07-24 23:42:18 | DEBUG | [20260724_234151] 信号异常 汽车ETF: All arrays must be of the same length
2026-07-24 23:42:18 | DEBUG | [20260724_234151] 信号异常 基建ETF: All arrays must be of the same length
2026-07-24 23:42:18 | DEBUG | [20260724_234151] 信号异常 红利ETF: All arrays must be of the same length
2026-07-24 23:42:18 | DEBUG | [20260724_234151] 信号异常 中证红利ETF: All arrays must be of the same length
2026-07-24 23:42:18 | WARNING | [20260724_234151] 2026-07-03 回测异常: Account.holdings_value() missing 1 required positional argument: 'prices'
2026-07-24 23:42:18 | DEBUG | [20260724_234151] 信号异常 中证500ETF: All arrays must be of the same length
2026-07-24 23:42:18 | DEBUG | [20260724_234151] 信号异常 中证1000ETF: All arrays must be of the same length
2026-07-24 23:42:18 | DEBUG | [20260724_234151] 信号异常 银行ETF: All arrays must be of the same length
2026-07-24 23:42:18 | DEBUG | [20260724_234151] 信号异常 券商ETF: All arrays must be of the same length
2026-07-24 23:42:18 | DEBUG | [20260724_234151] 信号异常 房地产ETF: All arrays must be of the same length
2026-07-24 23:42:18 | DEBUG | [20260724_234151] 信号异常 食品饮料ETF: All arrays must be of the same length
2026-07-24 23:42:18 | DEBUG | [20260724_234151] 信号异常 养殖ETF: All arrays must be of the same length
2026-07-24 23:42:18 | DEBUG | [20260724_234151] 信号异常 酒ETF: All arrays must be of the same length
2026-07-24 23:42:18 | DEBUG | [20260724_234151] 信号异常 家电ETF: All arrays must be of the same length
2026-07-24 23:42:18 | DEBUG | [20260724_234151] 信号异常 医药ETF: All arrays must be of the same length
2026-07-24 23:42:18 | DEBUG | [20260724_234151] 信号异常 创新药ETF: All arrays must be of the same length
2026-07-24 23:42:18 | DEBUG | [20260724_234151] 信号异常 医疗ETF: All arrays must be of the same length
2026-07-24 23:42:18 | DEBUG | [20260724_234151] 信号异常 计算机ETF: All arrays must be of the same length
2026-07-24 23:42:18 | DEBUG | [20260724_234151] 信号异常 人工智能ETF: All arrays must be of the same length
2026-07-24 23:42:18 | DEBUG | [20260724_234151] 信号异常 新能源车ETF: All arrays must be of the same length
2026-07-24 23:42:18 | DEBUG | [20260724_234151] 信号异常 电力ETF: All arrays must be of the same length
2026-07-24 23:42:18 | DEBUG | [20260724_234151] 信号异常 光伏ETF: All arrays must be of the same length
2026-07-24 23:42:18 | DEBUG | [20260724_234151] 信号异常 军工ETF: All arrays must be of the same length
2026-07-24 23:42:18 | DEBUG | [20260724_234151] 信号异常 国防ETF: All arrays must be of the same length
2026-07-24 23:42:18 | DEBUG | [20260724_234151] 信号异常 稀土ETF: All arrays must be of the same length
2026-07-24 23:42:18 | DEBUG | [20260724_234151] 信号异常 有色金属ETF: All arrays must be of the same length
2026-07-24 23:42:18 | DEBUG | [20260724_234151] 信号异常 煤炭ETF: All arrays must be of the same length
2026-07-24 23:42:18 | DEBUG | [20260724_234151] 信号异常 化工ETF: All arrays must be of the same length
2026-07-24 23:42:18 | DEBUG | [20260724_234151] 信号异常 钢铁ETF: All arrays must be of the same length
2026-07-24 23:42:18 | DEBUG | [20260724_234151] 信号异常 油气ETF: All arrays must be of the same length
2026-07-24 23:42:18 | DEBUG | [20260724_234151] 信号异常 传媒ETF: All arrays must be of the same length
2026-07-24 23:42:18 | DEBUG | [20260724_234151] 信号异常 游戏ETF: All arrays must be of the same length
2026-07-24 23:42:18 | DEBUG | [20260724_234151] 信号异常 机器人ETF: All arrays must be of the same length
2026-07-24 23:42:18 | DEBUG | [20260724_234151] 信号异常 汽车ETF: All arrays must be of the same length
2026-07-24 23:42:18 | DEBUG | [20260724_234151] 信号异常 基建ETF: All arrays must be of the same length
2026-07-24 23:42:18 | DEBUG | [20260724_234151] 信号异常 红利ETF: All arrays must be of the same length
2026-07-24 23:42:18 | DEBUG | [20260724_234151] 信号异常 中证红利ETF: All arrays must be of the same length
2026-07-24 23:42:18 | WARNING | [20260724_234151] 2026-07-06 回测异常: Account.holdings_value() missing 1 required positional argument: 'prices'
2026-07-24 23:42:18 | DEBUG | [20260724_234151] 信号异常 中证500ETF: All arrays must be of the same length
2026-07-24 23:42:18 | DEBUG | [20260724_234151] 信号异常 中证1000ETF: All arrays must be of the same length
2026-07-24 23:42:18 | DEBUG | [20260724_234151] 信号异常 银行ETF: All arrays must be of the same length
2026-07-24 23:42:18 | DEBUG | [20260724_234151] 信号异常 券商ETF: All arrays must be of the same length
2026-07-24 23:42:18 | DEBUG | [20260724_234151] 信号异常 房地产ETF: All arrays must be of the same length
2026-07-24 23:42:18 | DEBUG | [20260724_234151] 信号异常 食品饮料ETF: All arrays must be of the same length
2026-07-24 23:42:18 | DEBUG | [20260724_234151] 信号异常 养殖ETF: All arrays must be of the same length
2026-07-24 23:42:18 | DEBUG | [20260724_234151] 信号异常 酒ETF: All arrays must be of the same length
2026-07-24 23:42:18 | DEBUG | [20260724_234151] 信号异常 家电ETF: All arrays must be of the same length
2026-07-24 23:42:18 | DEBUG | [20260724_234151] 信号异常 医药ETF: All arrays must be of the same length
2026-07-24 23:42:18 | DEBUG | [20260724_234151] 信号异常 创新药ETF: All arrays must be of the same length
2026-07-24 23:42:18 | DEBUG | [20260724_234151] 信号异常 医疗ETF: All arrays must be of the same length
2026-07-24 23:42:18 | DEBUG | [20260724_234151] 信号异常 计算机ETF: All arrays must be of the same length
2026-07-24 23:42:18 | DEBUG | [20260724_234151] 信号异常 人工智能ETF: All arrays must be of the same length
2026-07-24 23:42:18 | DEBUG | [20260724_234151] 信号异常 新能源车ETF: All arrays must be of the same length
2026-07-24 23:42:18 | DEBUG | [20260724_234151] 信号异常 电力ETF: All arrays must be of the same length
2026-07-24 23:42:18 | DEBUG | [20260724_234151] 信号异常 光伏ETF: All arrays must be of the same length
2026-07-24 23:42:18 | DEBUG | [20260724_234151] 信号异常 军工ETF: All arrays must be of the same length
2026-07-24 23:42:18 | DEBUG | [20260724_234151] 信号异常 国防ETF: All arrays must be of the same length
2026-07-24 23:42:18 | DEBUG | [20260724_234151] 信号异常 稀土ETF: All arrays must be of the same length
2026-07-24 23:42:18 | DEBUG | [20260724_234151] 信号异常 有色金属ETF: All arrays must be of the same length
2026-07-24 23:42:18 | DEBUG | [20260724_234151] 信号异常 煤炭ETF: All arrays must be of the same length
2026-07-24 23:42:18 | DEBUG | [20260724_234151] 信号异常 化工ETF: All arrays must be of the same length
2026-07-24 23:42:18 | DEBUG | [20260724_234151] 信号异常 钢铁ETF: All arrays must be of the same length
2026-07-24 23:42:18 | DEBUG | [20260724_234151] 信号异常 油气ETF: All arrays must be of the same length
2026-07-24 23:42:18 | DEBUG | [20260724_234151] 信号异常 传媒ETF: All arrays must be of the same length
2026-07-24 23:42:18 | DEBUG | [20260724_234151] 信号异常 游戏ETF: All arrays must be of the same length
2026-07-24 23:42:18 | DEBUG | [20260724_234151] 信号异常 机器人ETF: All arrays must be of the same length
2026-07-24 23:42:18 | DEBUG | [20260724_234151] 信号异常 汽车ETF: All arrays must be of the same length
2026-07-24 23:42:18 | DEBUG | [20260724_234151] 信号异常 基建ETF: All arrays must be of the same length
2026-07-24 23:42:18 | DEBUG | [20260724_234151] 信号异常 红利ETF: All arrays must be of the same length
2026-07-24 23:42:18 | DEBUG | [20260724_234151] 信号异常 中证红利ETF: All arrays must be of the same length
2026-07-24 23:42:18 | WARNING | [20260724_234151] 2026-07-07 回测异常: Account.holdings_value() missing 1 required positional argument: 'prices'
2026-07-24 23:42:18 | DEBUG | [20260724_234151] 信号异常 中证500ETF: All arrays must be of the same length
2026-07-24 23:42:18 | DEBUG | [20260724_234151] 信号异常 中证1000ETF: All arrays must be of the same length
2026-07-24 23:42:18 | DEBUG | [20260724_234151] 信号异常 银行ETF: All arrays must be of the same length
2026-07-24 23:42:18 | DEBUG | [20260724_234151] 信号异常 券商ETF: All arrays must be of the same length
2026-07-24 23:42:18 | DEBUG | [20260724_234151] 信号异常 房地产ETF: All arrays must be of the same length
2026-07-24 23:42:18 | DEBUG | [20260724_234151] 信号异常 食品饮料ETF: All arrays must be of the same length
2026-07-24 23:42:18 | DEBUG | [20260724_234151] 信号异常 养殖ETF: All arrays must be of the same length
2026-07-24 23:42:18 | DEBUG | [20260724_234151] 信号异常 酒ETF: All arrays must be of the same length
2026-07-24 23:42:18 | DEBUG | [20260724_234151] 信号异常 家电ETF: All arrays must be of the same length
2026-07-24 23:42:18 | DEBUG | [20260724_234151] 信号异常 医药ETF: All arrays must be of the same length
2026-07-24 23:42:18 | DEBUG | [20260724_234151] 信号异常 创新药ETF: All arrays must be of the same length
2026-07-24 23:42:18 | DEBUG | [20260724_234151] 信号异常 医疗ETF: All arrays must be of the same length
2026-07-24 23:42:18 | DEBUG | [20260724_234151] 信号异常 计算机ETF: All arrays must be of the same length
2026-07-24 23:42:18 | DEBUG | [20260724_234151] 信号异常 人工智能ETF: All arrays must be of the same length
2026-07-24 23:42:18 | DEBUG | [20260724_234151] 信号异常 新能源车ETF: All arrays must be of the same length
2026-07-24 23:42:18 | DEBUG | [20260724_234151] 信号异常 电力ETF: All arrays must be of the same length
2026-07-24 23:42:18 | DEBUG | [20260724_234151] 信号异常 光伏ETF: All arrays must be of the same length
2026-07-24 23:42:18 | DEBUG | [20260724_234151] 信号异常 军工ETF: All arrays must be of the same length
2026-07-24 23:42:18 | DEBUG | [20260724_234151] 信号异常 国防ETF: All arrays must be of the same length
2026-07-24 23:42:18 | DEBUG | [20260724_234151] 信号异常 稀土ETF: All arrays must be of the same length
2026-07-24 23:42:18 | DEBUG | [20260724_234151] 信号异常 有色金属ETF: All arrays must be of the same length
2026-07-24 23:42:18 | DEBUG | [20260724_234151] 信号异常 煤炭ETF: All arrays must be of the same length
2026-07-24 23:42:18 | DEBUG | [20260724_234151] 信号异常 化工ETF: All arrays must be of the same length
2026-07-24 23:42:18 | DEBUG | [20260724_234151] 信号异常 钢铁ETF: All arrays must be of the same length
2026-07-24 23:42:18 | DEBUG | [20260724_234151] 信号异常 油气ETF: All arrays must be of the same length
2026-07-24 23:42:18 | DEBUG | [20260724_234151] 信号异常 传媒ETF: All arrays must be of the same length
2026-07-24 23:42:18 | DEBUG | [20260724_234151] 信号异常 游戏ETF: All arrays must be of the same length
2026-07-24 23:42:18 | DEBUG | [20260724_234151] 信号异常 机器人ETF: All arrays must be of the same length
2026-07-24 23:42:18 | DEBUG | [20260724_234151] 信号异常 汽车ETF: All arrays must be of the same length
2026-07-24 23:42:18 | DEBUG | [20260724_234151] 信号异常 基建ETF: All arrays must be of the same length
2026-07-24 23:42:18 | DEBUG | [20260724_234151] 信号异常 红利ETF: All arrays must be of the same length
2026-07-24 23:42:18 | DEBUG | [20260724_234151] 信号异常 中证红利ETF: All arrays must be of the same length
2026-07-24 23:42:18 | WARNING | [20260724_234151] 2026-07-08 回测异常: Account.holdings_value() missing 1 required positional argument: 'prices'
2026-07-24 23:42:18 | DEBUG | [20260724_234151] 信号异常 中证500ETF: All arrays must be of the same length
2026-07-24 23:42:18 | DEBUG | [20260724_234151] 信号异常 中证1000ETF: All arrays must be of the same length
2026-07-24 23:42:18 | DEBUG | [20260724_234151] 信号异常 银行ETF: All arrays must be of the same length
2026-07-24 23:42:18 | DEBUG | [20260724_234151] 信号异常 券商ETF: All arrays must be of the same length
2026-07-24 23:42:18 | DEBUG | [20260724_234151] 信号异常 房地产ETF: All arrays must be of the same length
2026-07-24 23:42:18 | DEBUG | [20260724_234151] 信号异常 食品饮料ETF: All arrays must be of the same length
2026-07-24 23:42:18 | DEBUG | [20260724_234151] 信号异常 养殖ETF: All arrays must be of the same length
2026-07-24 23:42:18 | DEBUG | [20260724_234151] 信号异常 酒ETF: All arrays must be of the same length
2026-07-24 23:42:18 | DEBUG | [20260724_234151] 信号异常 家电ETF: All arrays must be of the same length
2026-07-24 23:42:18 | DEBUG | [20260724_234151] 信号异常 医药ETF: All arrays must be of the same length
2026-07-24 23:42:18 | DEBUG | [20260724_234151] 信号异常 创新药ETF: All arrays must be of the same length
2026-07-24 23:42:18 | DEBUG | [20260724_234151] 信号异常 医疗ETF: All arrays must be of the same length
2026-07-24 23:42:18 | DEBUG | [20260724_234151] 信号异常 计算机ETF: All arrays must be of the same length
2026-07-24 23:42:18 | DEBUG | [20260724_234151] 信号异常 人工智能ETF: All arrays must be of the same length
2026-07-24 23:42:18 | DEBUG | [20260724_234151] 信号异常 新能源车ETF: All arrays must be of the same length
2026-07-24 23:42:18 | DEBUG | [20260724_234151] 信号异常 电力ETF: All arrays must be of the same length
2026-07-24 23:42:18 | DEBUG | [20260724_234151] 信号异常 光伏ETF: All arrays must be of the same length
2026-07-24 23:42:18 | DEBUG | [20260724_234151] 信号异常 军工ETF: All arrays must be of the same length
2026-07-24 23:42:18 | DEBUG | [20260724_234151] 信号异常 国防ETF: All arrays must be of the same length
2026-07-24 23:42:18 | DEBUG | [20260724_234151] 信号异常 稀土ETF: All arrays must be of the same length
2026-07-24 23:42:18 | DEBUG | [20260724_234151] 信号异常 有色金属ETF: All arrays must be of the same length
2026-07-24 23:42:18 | DEBUG | [20260724_234151] 信号异常 煤炭ETF: All arrays must be of the same length
2026-07-24 23:42:18 | DEBUG | [20260724_234151] 信号异常 化工ETF: All arrays must be of the same length
2026-07-24 23:42:18 | DEBUG | [20260724_234151] 信号异常 钢铁ETF: All arrays must be of the same length
2026-07-24 23:42:18 | DEBUG | [20260724_234151] 信号异常 油气ETF: All arrays must be of the same length
2026-07-24 23:42:18 | DEBUG | [20260724_234151] 信号异常 传媒ETF: All arrays must be of the same length
2026-07-24 23:42:18 | DEBUG | [20260724_234151] 信号异常 游戏ETF: All arrays must be of the same length
2026-07-24 23:42:18 | DEBUG | [20260724_234151] 信号异常 机器人ETF: All arrays must be of the same length
2026-07-24 23:42:18 | DEBUG | [20260724_234151] 信号异常 汽车ETF: All arrays must be of the same length
2026-07-24 23:42:18 | DEBUG | [20260724_234151] 信号异常 基建ETF: All arrays must be of the same length
2026-07-24 23:42:18 | DEBUG | [20260724_234151] 信号异常 红利ETF: All arrays must be of the same length
2026-07-24 23:42:18 | DEBUG | [20260724_234151] 信号异常 中证红利ETF: All arrays must be of the same length
2026-07-24 23:42:18 | WARNING | [20260724_234151] 2026-07-09 回测异常: Account.holdings_value() missing 1 required positional argument: 'prices'
2026-07-24 23:42:18 | DEBUG | [20260724_234151] 信号异常 中证500ETF: All arrays must be of the same length
2026-07-24 23:42:18 | DEBUG | [20260724_234151] 信号异常 中证1000ETF: All arrays must be of the same length
2026-07-24 23:42:18 | DEBUG | [20260724_234151] 信号异常 银行ETF: All arrays must be of the same length
2026-07-24 23:42:18 | DEBUG | [20260724_234151] 信号异常 券商ETF: All arrays must be of the same length
2026-07-24 23:42:18 | DEBUG | [20260724_234151] 信号异常 房地产ETF: All arrays must be of the same length
2026-07-24 23:42:18 | DEBUG | [20260724_234151] 信号异常 食品饮料ETF: All arrays must be of the same length
2026-07-24 23:42:18 | DEBUG | [20260724_234151] 信号异常 养殖ETF: All arrays must be of the same length
2026-07-24 23:42:18 | DEBUG | [20260724_234151] 信号异常 酒ETF: All arrays must be of the same length
2026-07-24 23:42:18 | DEBUG | [20260724_234151] 信号异常 家电ETF: All arrays must be of the same length
2026-07-24 23:42:18 | DEBUG | [20260724_234151] 信号异常 医药ETF: All arrays must be of the same length
2026-07-24 23:42:18 | DEBUG | [20260724_234151] 信号异常 创新药ETF: All arrays must be of the same length
2026-07-24 23:42:18 | DEBUG | [20260724_234151] 信号异常 医疗ETF: All arrays must be of the same length
2026-07-24 23:42:18 | DEBUG | [20260724_234151] 信号异常 计算机ETF: All arrays must be of the same length
2026-07-24 23:42:18 | DEBUG | [20260724_234151] 信号异常 人工智能ETF: All arrays must be of the same length
2026-07-24 23:42:18 | DEBUG | [20260724_234151] 信号异常 新能源车ETF: All arrays must be of the same length
2026-07-24 23:42:18 | DEBUG | [20260724_234151] 信号异常 电力ETF: All arrays must be of the same length
2026-07-24 23:42:18 | DEBUG | [20260724_234151] 信号异常 光伏ETF: All arrays must be of the same length
2026-07-24 23:42:18 | DEBUG | [20260724_234151] 信号异常 军工ETF: All arrays must be of the same length
2026-07-24 23:42:18 | DEBUG | [20260724_234151] 信号异常 国防ETF: All arrays must be of the same length
2026-07-24 23:42:18 | DEBUG | [20260724_234151] 信号异常 稀土ETF: All arrays must be of the same length
2026-07-24 23:42:18 | DEBUG | [20260724_234151] 信号异常 有色金属ETF: All arrays must be of the same length
2026-07-24 23:42:18 | DEBUG | [20260724_234151] 信号异常 煤炭ETF: All arrays must be of the same length
2026-07-24 23:42:18 | DEBUG | [20260724_234151] 信号异常 化工ETF: All arrays must be of the same length
2026-07-24 23:42:18 | DEBUG | [20260724_234151] 信号异常 钢铁ETF: All arrays must be of the same length
2026-07-24 23:42:18 | DEBUG | [20260724_234151] 信号异常 油气ETF: All arrays must be of the same length
2026-07-24 23:42:18 | DEBUG | [20260724_234151] 信号异常 传媒ETF: All arrays must be of the same length
2026-07-24 23:42:18 | DEBUG | [20260724_234151] 信号异常 游戏ETF: All arrays must be of the same length
2026-07-24 23:42:18 | DEBUG | [20260724_234151] 信号异常 机器人ETF: All arrays must be of the same length
2026-07-24 23:42:18 | DEBUG | [20260724_234151] 信号异常 汽车ETF: All arrays must be of the same length
2026-07-24 23:42:18 | DEBUG | [20260724_234151] 信号异常 基建ETF: All arrays must be of the same length
2026-07-24 23:42:18 | DEBUG | [20260724_234151] 信号异常 红利ETF: All arrays must be of the same length
2026-07-24 23:42:18 | DEBUG | [20260724_234151] 信号异常 中证红利ETF: All arrays must be of the same length
2026-07-24 23:42:18 | WARNING | [20260724_234151] 2026-07-10 回测异常: Account.holdings_value() missing 1 required positional argument: 'prices'
2026-07-24 23:42:18 | DEBUG | [20260724_234151] 信号异常 中证500ETF: All arrays must be of the same length
2026-07-24 23:42:18 | DEBUG | [20260724_234151] 信号异常 中证1000ETF: All arrays must be of the same length
2026-07-24 23:42:18 | DEBUG | [20260724_234151] 信号异常 银行ETF: All arrays must be of the same length
2026-07-24 23:42:18 | DEBUG | [20260724_234151] 信号异常 券商ETF: All arrays must be of the same length
2026-07-24 23:42:18 | DEBUG | [20260724_234151] 信号异常 房地产ETF: All arrays must be of the same length
2026-07-24 23:42:18 | DEBUG | [20260724_234151] 信号异常 食品饮料ETF: All arrays must be of the same length
2026-07-24 23:42:18 | DEBUG | [20260724_234151] 信号异常 养殖ETF: All arrays must be of the same length
2026-07-24 23:42:18 | DEBUG | [20260724_234151] 信号异常 酒ETF: All arrays must be of the same length
2026-07-24 23:42:18 | DEBUG | [20260724_234151] 信号异常 家电ETF: All arrays must be of the same length
2026-07-24 23:42:18 | DEBUG | [20260724_234151] 信号异常 医药ETF: All arrays must be of the same length
2026-07-24 23:42:18 | DEBUG | [20260724_234151] 信号异常 创新药ETF: All arrays must be of the same length
2026-07-24 23:42:18 | DEBUG | [20260724_234151] 信号异常 医疗ETF: All arrays must be of the same length
2026-07-24 23:42:18 | DEBUG | [20260724_234151] 信号异常 计算机ETF: All arrays must be of the same length
2026-07-24 23:42:18 | DEBUG | [20260724_234151] 信号异常 人工智能ETF: All arrays must be of the same length
2026-07-24 23:42:18 | DEBUG | [20260724_234151] 信号异常 新能源车ETF: All arrays must be of the same length
2026-07-24 23:42:18 | DEBUG | [20260724_234151] 信号异常 电力ETF: All arrays must be of the same length
2026-07-24 23:42:18 | DEBUG | [20260724_234151] 信号异常 光伏ETF: All arrays must be of the same length
2026-07-24 23:42:18 | DEBUG | [20260724_234151] 信号异常 军工ETF: All arrays must be of the same length
2026-07-24 23:42:18 | DEBUG | [20260724_234151] 信号异常 国防ETF: All arrays must be of the same length
2026-07-24 23:42:18 | DEBUG | [20260724_234151] 信号异常 稀土ETF: All arrays must be of the same length
2026-07-24 23:42:18 | DEBUG | [20260724_234151] 信号异常 有色金属ETF: All arrays must be of the same length
2026-07-24 23:42:18 | DEBUG | [20260724_234151] 信号异常 煤炭ETF: All arrays must be of the same length
2026-07-24 23:42:18 | DEBUG | [20260724_234151] 信号异常 化工ETF: All arrays must be of the same length
2026-07-24 23:42:18 | DEBUG | [20260724_234151] 信号异常 钢铁ETF: All arrays must be of the same length
2026-07-24 23:42:18 | DEBUG | [20260724_234151] 信号异常 油气ETF: All arrays must be of the same length
2026-07-24 23:42:18 | DEBUG | [20260724_234151] 信号异常 传媒ETF: All arrays must be of the same length
2026-07-24 23:42:18 | DEBUG | [20260724_234151] 信号异常 游戏ETF: All arrays must be of the same length
2026-07-24 23:42:18 | DEBUG | [20260724_234151] 信号异常 机器人ETF: All arrays must be of the same length
2026-07-24 23:42:18 | DEBUG | [20260724_234151] 信号异常 汽车ETF: All arrays must be of the same length
2026-07-24 23:42:18 | DEBUG | [20260724_234151] 信号异常 基建ETF: All arrays must be of the same length
2026-07-24 23:42:18 | DEBUG | [20260724_234151] 信号异常 红利ETF: All arrays must be of the same length
2026-07-24 23:42:18 | DEBUG | [20260724_234151] 信号异常 中证红利ETF: All arrays must be of the same length
2026-07-24 23:42:18 | WARNING | [20260724_234151] 2026-07-13 回测异常: Account.holdings_value() missing 1 required positional argument: 'prices'
2026-07-24 23:42:18 | DEBUG | [20260724_234151] 信号异常 中证500ETF: All arrays must be of the same length
2026-07-24 23:42:18 | DEBUG | [20260724_234151] 信号异常 中证1000ETF: All arrays must be of the same length
2026-07-24 23:42:18 | DEBUG | [20260724_234151] 信号异常 银行ETF: All arrays must be of the same length
2026-07-24 23:42:18 | DEBUG | [20260724_234151] 信号异常 券商ETF: All arrays must be of the same length
2026-07-24 23:42:18 | DEBUG | [20260724_234151] 信号异常 房地产ETF: All arrays must be of the same length
2026-07-24 23:42:18 | DEBUG | [20260724_234151] 信号异常 食品饮料ETF: All arrays must be of the same length
2026-07-24 23:42:18 | DEBUG | [20260724_234151] 信号异常 养殖ETF: All arrays must be of the same length
2026-07-24 23:42:18 | DEBUG | [20260724_234151] 信号异常 酒ETF: All arrays must be of the same length
2026-07-24 23:42:18 | DEBUG | [20260724_234151] 信号异常 家电ETF: All arrays must be of the same length
2026-07-24 23:42:18 | DEBUG | [20260724_234151] 信号异常 医药ETF: All arrays must be of the same length
2026-07-24 23:42:18 | DEBUG | [20260724_234151] 信号异常 创新药ETF: All arrays must be of the same length
2026-07-24 23:42:18 | DEBUG | [20260724_234151] 信号异常 医疗ETF: All arrays must be of the same length
2026-07-24 23:42:18 | DEBUG | [20260724_234151] 信号异常 计算机ETF: All arrays must be of the same length
2026-07-24 23:42:18 | DEBUG | [20260724_234151] 信号异常 人工智能ETF: All arrays must be of the same length
2026-07-24 23:42:18 | DEBUG | [20260724_234151] 信号异常 新能源车ETF: All arrays must be of the same length
2026-07-24 23:42:18 | DEBUG | [20260724_234151] 信号异常 电力ETF: All arrays must be of the same length
2026-07-24 23:42:18 | DEBUG | [20260724_234151] 信号异常 光伏ETF: All arrays must be of the same length
2026-07-24 23:42:18 | DEBUG | [20260724_234151] 信号异常 军工ETF: All arrays must be of the same length
2026-07-24 23:42:18 | DEBUG | [20260724_234151] 信号异常 国防ETF: All arrays must be of the same length
2026-07-24 23:42:18 | DEBUG | [20260724_234151] 信号异常 稀土ETF: All arrays must be of the same length
2026-07-24 23:42:18 | DEBUG | [20260724_234151] 信号异常 有色金属ETF: All arrays must be of the same length
2026-07-24 23:42:18 | DEBUG | [20260724_234151] 信号异常 煤炭ETF: All arrays must be of the same length
2026-07-24 23:42:18 | DEBUG | [20260724_234151] 信号异常 化工ETF: All arrays must be of the same length
2026-07-24 23:42:18 | DEBUG | [20260724_234151] 信号异常 钢铁ETF: All arrays must be of the same length
2026-07-24 23:42:18 | DEBUG | [20260724_234151] 信号异常 油气ETF: All arrays must be of the same length
2026-07-24 23:42:18 | DEBUG | [20260724_234151] 信号异常 传媒ETF: All arrays must be of the same length
2026-07-24 23:42:18 | DEBUG | [20260724_234151] 信号异常 游戏ETF: All arrays must be of the same length
2026-07-24 23:42:18 | DEBUG | [20260724_234151] 信号异常 机器人ETF: All arrays must be of the same length
2026-07-24 23:42:18 | DEBUG | [20260724_234151] 信号异常 汽车ETF: All arrays must be of the same length
2026-07-24 23:42:18 | DEBUG | [20260724_234151] 信号异常 基建ETF: All arrays must be of the same length
2026-07-24 23:42:18 | DEBUG | [20260724_234151] 信号异常 红利ETF: All arrays must be of the same length
2026-07-24 23:42:18 | DEBUG | [20260724_234151] 信号异常 中证红利ETF: All arrays must be of the same length
2026-07-24 23:42:18 | WARNING | [20260724_234151] 2026-07-14 回测异常: Account.holdings_value() missing 1 required positional argument: 'prices'
2026-07-24 23:42:18 | DEBUG | [20260724_234151] 信号异常 中证500ETF: All arrays must be of the same length
2026-07-24 23:42:18 | DEBUG | [20260724_234151] 信号异常 中证1000ETF: All arrays must be of the same length
2026-07-24 23:42:18 | DEBUG | [20260724_234151] 信号异常 银行ETF: All arrays must be of the same length
2026-07-24 23:42:18 | DEBUG | [20260724_234151] 信号异常 券商ETF: All arrays must be of the same length
2026-07-24 23:42:18 | DEBUG | [20260724_234151] 信号异常 房地产ETF: All arrays must be of the same length
2026-07-24 23:42:18 | DEBUG | [20260724_234151] 信号异常 食品饮料ETF: All arrays must be of the same length
2026-07-24 23:42:18 | DEBUG | [20260724_234151] 信号异常 养殖ETF: All arrays must be of the same length
2026-07-24 23:42:18 | DEBUG | [20260724_234151] 信号异常 酒ETF: All arrays must be of the same length
2026-07-24 23:42:18 | DEBUG | [20260724_234151] 信号异常 家电ETF: All arrays must be of the same length
2026-07-24 23:42:18 | DEBUG | [20260724_234151] 信号异常 医药ETF: All arrays must be of the same length
2026-07-24 23:42:18 | DEBUG | [20260724_234151] 信号异常 创新药ETF: All arrays must be of the same length
2026-07-24 23:42:18 | DEBUG | [20260724_234151] 信号异常 医疗ETF: All arrays must be of the same length
2026-07-24 23:42:18 | DEBUG | [20260724_234151] 信号异常 计算机ETF: All arrays must be of the same length
2026-07-24 23:42:18 | DEBUG | [20260724_234151] 信号异常 人工智能ETF: All arrays must be of the same length
2026-07-24 23:42:18 | DEBUG | [20260724_234151] 信号异常 新能源车ETF: All arrays must be of the same length
2026-07-24 23:42:18 | DEBUG | [20260724_234151] 信号异常 电力ETF: All arrays must be of the same length
2026-07-24 23:42:18 | DEBUG | [20260724_234151] 信号异常 光伏ETF: All arrays must be of the same length
2026-07-24 23:42:18 | DEBUG | [20260724_234151] 信号异常 军工ETF: All arrays must be of the same length
2026-07-24 23:42:18 | DEBUG | [20260724_234151] 信号异常 国防ETF: All arrays must be of the same length
2026-07-24 23:42:18 | DEBUG | [20260724_234151] 信号异常 稀土ETF: All arrays must be of the same length
2026-07-24 23:42:18 | DEBUG | [20260724_234151] 信号异常 有色金属ETF: All arrays must be of the same length
2026-07-24 23:42:18 | DEBUG | [20260724_234151] 信号异常 煤炭ETF: All arrays must be of the same length
2026-07-24 23:42:18 | DEBUG | [20260724_234151] 信号异常 化工ETF: All arrays must be of the same length
2026-07-24 23:42:18 | DEBUG | [20260724_234151] 信号异常 钢铁ETF: All arrays must be of the same length
2026-07-24 23:42:18 | DEBUG | [20260724_234151] 信号异常 油气ETF: All arrays must be of the same length
2026-07-24 23:42:18 | DEBUG | [20260724_234151] 信号异常 传媒ETF: All arrays must be of the same length
2026-07-24 23:42:18 | DEBUG | [20260724_234151] 信号异常 游戏ETF: All arrays must be of the same length
2026-07-24 23:42:18 | DEBUG | [20260724_234151] 信号异常 机器人ETF: All arrays must be of the same length
2026-07-24 23:42:18 | DEBUG | [20260724_234151] 信号异常 汽车ETF: All arrays must be of the same length
2026-07-24 23:42:18 | DEBUG | [20260724_234151] 信号异常 基建ETF: All arrays must be of the same length
2026-07-24 23:42:18 | DEBUG | [20260724_234151] 信号异常 红利ETF: All arrays must be of the same length
2026-07-24 23:42:18 | DEBUG | [20260724_234151] 信号异常 中证红利ETF: All arrays must be of the same length
2026-07-24 23:42:18 | WARNING | [20260724_234151] 2026-07-15 回测异常: Account.holdings_value() missing 1 required positional argument: 'prices'
2026-07-24 23:42:18 | DEBUG | [20260724_234151] 信号异常 中证500ETF: All arrays must be of the same length
2026-07-24 23:42:18 | DEBUG | [20260724_234151] 信号异常 中证1000ETF: All arrays must be of the same length
2026-07-24 23:42:18 | DEBUG | [20260724_234151] 信号异常 银行ETF: All arrays must be of the same length
2026-07-24 23:42:19 | DEBUG | [20260724_234151] 信号异常 券商ETF: All arrays must be of the same length
2026-07-24 23:42:19 | DEBUG | [20260724_234151] 信号异常 房地产ETF: All arrays must be of the same length
2026-07-24 23:42:19 | DEBUG | [20260724_234151] 信号异常 食品饮料ETF: All arrays must be of the same length
2026-07-24 23:42:19 | DEBUG | [20260724_234151] 信号异常 养殖ETF: All arrays must be of the same length
2026-07-24 23:42:19 | DEBUG | [20260724_234151] 信号异常 酒ETF: All arrays must be of the same length
2026-07-24 23:42:19 | DEBUG | [20260724_234151] 信号异常 家电ETF: All arrays must be of the same length
2026-07-24 23:42:19 | DEBUG | [20260724_234151] 信号异常 医药ETF: All arrays must be of the same length
2026-07-24 23:42:19 | DEBUG | [20260724_234151] 信号异常 创新药ETF: All arrays must be of the same length
2026-07-24 23:42:19 | DEBUG | [20260724_234151] 信号异常 医疗ETF: All arrays must be of the same length
2026-07-24 23:42:19 | DEBUG | [20260724_234151] 信号异常 计算机ETF: All arrays must be of the same length
2026-07-24 23:42:19 | DEBUG | [20260724_234151] 信号异常 人工智能ETF: All arrays must be of the same length
2026-07-24 23:42:19 | DEBUG | [20260724_234151] 信号异常 新能源车ETF: All arrays must be of the same length
2026-07-24 23:42:19 | DEBUG | [20260724_234151] 信号异常 电力ETF: All arrays must be of the same length
2026-07-24 23:42:19 | DEBUG | [20260724_234151] 信号异常 光伏ETF: All arrays must be of the same length
2026-07-24 23:42:19 | DEBUG | [20260724_234151] 信号异常 军工ETF: All arrays must be of the same length
2026-07-24 23:42:19 | DEBUG | [20260724_234151] 信号异常 国防ETF: All arrays must be of the same length
2026-07-24 23:42:19 | DEBUG | [20260724_234151] 信号异常 稀土ETF: All arrays must be of the same length
2026-07-24 23:42:19 | DEBUG | [20260724_234151] 信号异常 有色金属ETF: All arrays must be of the same length
2026-07-24 23:42:19 | DEBUG | [20260724_234151] 信号异常 煤炭ETF: All arrays must be of the same length
2026-07-24 23:42:19 | DEBUG | [20260724_234151] 信号异常 化工ETF: All arrays must be of the same length
2026-07-24 23:42:19 | DEBUG | [20260724_234151] 信号异常 钢铁ETF: All arrays must be of the same length
2026-07-24 23:42:19 | DEBUG | [20260724_234151] 信号异常 油气ETF: All arrays must be of the same length
2026-07-24 23:42:19 | DEBUG | [20260724_234151] 信号异常 传媒ETF: All arrays must be of the same length
2026-07-24 23:42:19 | DEBUG | [20260724_234151] 信号异常 游戏ETF: All arrays must be of the same length
2026-07-24 23:42:19 | DEBUG | [20260724_234151] 信号异常 机器人ETF: All arrays must be of the same length
2026-07-24 23:42:19 | DEBUG | [20260724_234151] 信号异常 汽车ETF: All arrays must be of the same length
2026-07-24 23:42:19 | DEBUG | [20260724_234151] 信号异常 基建ETF: All arrays must be of the same length
2026-07-24 23:42:19 | DEBUG | [20260724_234151] 信号异常 红利ETF: All arrays must be of the same length
2026-07-24 23:42:19 | DEBUG | [20260724_234151] 信号异常 中证红利ETF: All arrays must be of the same length
2026-07-24 23:42:19 | WARNING | [20260724_234151] 2026-07-16 回测异常: Account.holdings_value() missing 1 required positional argument: 'prices'
2026-07-24 23:42:19 | DEBUG | [20260724_234151] 信号异常 中证500ETF: All arrays must be of the same length
2026-07-24 23:42:19 | DEBUG | [20260724_234151] 信号异常 中证1000ETF: All arrays must be of the same length
2026-07-24 23:42:19 | DEBUG | [20260724_234151] 信号异常 银行ETF: All arrays must be of the same length
2026-07-24 23:42:19 | DEBUG | [20260724_234151] 信号异常 券商ETF: All arrays must be of the same length
2026-07-24 23:42:19 | DEBUG | [20260724_234151] 信号异常 房地产ETF: All arrays must be of the same length
2026-07-24 23:42:19 | DEBUG | [20260724_234151] 信号异常 食品饮料ETF: All arrays must be of the same length
2026-07-24 23:42:19 | DEBUG | [20260724_234151] 信号异常 养殖ETF: All arrays must be of the same length
2026-07-24 23:42:19 | DEBUG | [20260724_234151] 信号异常 酒ETF: All arrays must be of the same length
2026-07-24 23:42:19 | DEBUG | [20260724_234151] 信号异常 家电ETF: All arrays must be of the same length
2026-07-24 23:42:19 | DEBUG | [20260724_234151] 信号异常 医药ETF: All arrays must be of the same length
2026-07-24 23:42:19 | DEBUG | [20260724_234151] 信号异常 创新药ETF: All arrays must be of the same length
2026-07-24 23:42:19 | DEBUG | [20260724_234151] 信号异常 医疗ETF: All arrays must be of the same length
2026-07-24 23:42:19 | DEBUG | [20260724_234151] 信号异常 计算机ETF: All arrays must be of the same length
2026-07-24 23:42:19 | DEBUG | [20260724_234151] 信号异常 人工智能ETF: All arrays must be of the same length
2026-07-24 23:42:19 | DEBUG | [20260724_234151] 信号异常 新能源车ETF: All arrays must be of the same length
2026-07-24 23:42:19 | DEBUG | [20260724_234151] 信号异常 电力ETF: All arrays must be of the same length
2026-07-24 23:42:19 | DEBUG | [20260724_234151] 信号异常 光伏ETF: All arrays must be of the same length
2026-07-24 23:42:19 | DEBUG | [20260724_234151] 信号异常 军工ETF: All arrays must be of the same length
2026-07-24 23:42:19 | DEBUG | [20260724_234151] 信号异常 国防ETF: All arrays must be of the same length
2026-07-24 23:42:19 | DEBUG | [20260724_234151] 信号异常 稀土ETF: All arrays must be of the same length
2026-07-24 23:42:19 | DEBUG | [20260724_234151] 信号异常 有色金属ETF: All arrays must be of the same length
2026-07-24 23:42:19 | DEBUG | [20260724_234151] 信号异常 煤炭ETF: All arrays must be of the same length
2026-07-24 23:42:19 | DEBUG | [20260724_234151] 信号异常 化工ETF: All arrays must be of the same length
2026-07-24 23:42:19 | DEBUG | [20260724_234151] 信号异常 钢铁ETF: All arrays must be of the same length
2026-07-24 23:42:19 | DEBUG | [20260724_234151] 信号异常 油气ETF: All arrays must be of the same length
2026-07-24 23:42:19 | DEBUG | [20260724_234151] 信号异常 传媒ETF: All arrays must be of the same length
2026-07-24 23:42:19 | DEBUG | [20260724_234151] 信号异常 游戏ETF: All arrays must be of the same length
2026-07-24 23:42:19 | DEBUG | [20260724_234151] 信号异常 机器人ETF: All arrays must be of the same length
2026-07-24 23:42:19 | DEBUG | [20260724_234151] 信号异常 汽车ETF: All arrays must be of the same length
2026-07-24 23:42:19 | DEBUG | [20260724_234151] 信号异常 基建ETF: All arrays must be of the same length
2026-07-24 23:42:19 | DEBUG | [20260724_234151] 信号异常 红利ETF: All arrays must be of the same length
2026-07-24 23:42:19 | DEBUG | [20260724_234151] 信号异常 中证红利ETF: All arrays must be of the same length
2026-07-24 23:42:19 | WARNING | [20260724_234151] 2026-07-17 回测异常: Account.holdings_value() missing 1 required positional argument: 'prices'
2026-07-24 23:42:19 | DEBUG | [20260724_234151] 信号异常 中证500ETF: All arrays must be of the same length
2026-07-24 23:42:19 | DEBUG | [20260724_234151] 信号异常 中证1000ETF: All arrays must be of the same length
2026-07-24 23:42:19 | DEBUG | [20260724_234151] 信号异常 银行ETF: All arrays must be of the same length
2026-07-24 23:42:19 | DEBUG | [20260724_234151] 信号异常 券商ETF: All arrays must be of the same length
2026-07-24 23:42:19 | DEBUG | [20260724_234151] 信号异常 房地产ETF: All arrays must be of the same length
2026-07-24 23:42:19 | DEBUG | [20260724_234151] 信号异常 食品饮料ETF: All arrays must be of the same length
2026-07-24 23:42:19 | DEBUG | [20260724_234151] 信号异常 养殖ETF: All arrays must be of the same length
2026-07-24 23:42:19 | DEBUG | [20260724_234151] 信号异常 酒ETF: All arrays must be of the same length
2026-07-24 23:42:19 | DEBUG | [20260724_234151] 信号异常 家电ETF: All arrays must be of the same length
2026-07-24 23:42:19 | DEBUG | [20260724_234151] 信号异常 医药ETF: All arrays must be of the same length
2026-07-24 23:42:19 | DEBUG | [20260724_234151] 信号异常 创新药ETF: All arrays must be of the same length
2026-07-24 23:42:19 | DEBUG | [20260724_234151] 信号异常 医疗ETF: All arrays must be of the same length
2026-07-24 23:42:19 | DEBUG | [20260724_234151] 信号异常 计算机ETF: All arrays must be of the same length
2026-07-24 23:42:19 | DEBUG | [20260724_234151] 信号异常 人工智能ETF: All arrays must be of the same length
2026-07-24 23:42:19 | DEBUG | [20260724_234151] 信号异常 新能源车ETF: All arrays must be of the same length
2026-07-24 23:42:19 | DEBUG | [20260724_234151] 信号异常 电力ETF: All arrays must be of the same length
2026-07-24 23:42:19 | DEBUG | [20260724_234151] 信号异常 光伏ETF: All arrays must be of the same length
2026-07-24 23:42:19 | DEBUG | [20260724_234151] 信号异常 军工ETF: All arrays must be of the same length
2026-07-24 23:42:19 | DEBUG | [20260724_234151] 信号异常 国防ETF: All arrays must be of the same length
2026-07-24 23:42:19 | DEBUG | [20260724_234151] 信号异常 稀土ETF: All arrays must be of the same length
2026-07-24 23:42:19 | DEBUG | [20260724_234151] 信号异常 有色金属ETF: All arrays must be of the same length
2026-07-24 23:42:19 | DEBUG | [20260724_234151] 信号异常 煤炭ETF: All arrays must be of the same length
2026-07-24 23:42:19 | DEBUG | [20260724_234151] 信号异常 化工ETF: All arrays must be of the same length
2026-07-24 23:42:19 | DEBUG | [20260724_234151] 信号异常 钢铁ETF: All arrays must be of the same length
2026-07-24 23:42:19 | DEBUG | [20260724_234151] 信号异常 油气ETF: All arrays must be of the same length
2026-07-24 23:42:19 | DEBUG | [20260724_234151] 信号异常 传媒ETF: All arrays must be of the same length
2026-07-24 23:42:19 | DEBUG | [20260724_234151] 信号异常 游戏ETF: All arrays must be of the same length
2026-07-24 23:42:19 | DEBUG | [20260724_234151] 信号异常 机器人ETF: All arrays must be of the same length
2026-07-24 23:42:19 | DEBUG | [20260724_234151] 信号异常 汽车ETF: All arrays must be of the same length
2026-07-24 23:42:19 | DEBUG | [20260724_234151] 信号异常 基建ETF: All arrays must be of the same length
2026-07-24 23:42:19 | DEBUG | [20260724_234151] 信号异常 红利ETF: All arrays must be of the same length
2026-07-24 23:42:19 | DEBUG | [20260724_234151] 信号异常 中证红利ETF: All arrays must be of the same length
2026-07-24 23:42:19 | WARNING | [20260724_234151] 2026-07-20 回测异常: Account.holdings_value() missing 1 required positional argument: 'prices'
2026-07-24 23:42:19 | DEBUG | [20260724_234151] 信号异常 中证500ETF: All arrays must be of the same length
2026-07-24 23:42:19 | DEBUG | [20260724_234151] 信号异常 中证1000ETF: All arrays must be of the same length
2026-07-24 23:42:19 | DEBUG | [20260724_234151] 信号异常 银行ETF: All arrays must be of the same length
2026-07-24 23:42:19 | DEBUG | [20260724_234151] 信号异常 券商ETF: All arrays must be of the same length
2026-07-24 23:42:19 | DEBUG | [20260724_234151] 信号异常 房地产ETF: All arrays must be of the same length
2026-07-24 23:42:19 | DEBUG | [20260724_234151] 信号异常 食品饮料ETF: All arrays must be of the same length
2026-07-24 23:42:19 | DEBUG | [20260724_234151] 信号异常 养殖ETF: All arrays must be of the same length
2026-07-24 23:42:19 | DEBUG | [20260724_234151] 信号异常 酒ETF: All arrays must be of the same length
2026-07-24 23:42:19 | DEBUG | [20260724_234151] 信号异常 家电ETF: All arrays must be of the same length
2026-07-24 23:42:19 | DEBUG | [20260724_234151] 信号异常 医药ETF: All arrays must be of the same length
2026-07-24 23:42:19 | DEBUG | [20260724_234151] 信号异常 创新药ETF: All arrays must be of the same length
2026-07-24 23:42:19 | DEBUG | [20260724_234151] 信号异常 医疗ETF: All arrays must be of the same length
2026-07-24 23:42:19 | DEBUG | [20260724_234151] 信号异常 计算机ETF: All arrays must be of the same length
2026-07-24 23:42:19 | DEBUG | [20260724_234151] 信号异常 人工智能ETF: All arrays must be of the same length
2026-07-24 23:42:19 | DEBUG | [20260724_234151] 信号异常 新能源车ETF: All arrays must be of the same length
2026-07-24 23:42:19 | DEBUG | [20260724_234151] 信号异常 电力ETF: All arrays must be of the same length
2026-07-24 23:42:19 | DEBUG | [20260724_234151] 信号异常 光伏ETF: All arrays must be of the same length
2026-07-24 23:42:19 | DEBUG | [20260724_234151] 信号异常 军工ETF: All arrays must be of the same length
2026-07-24 23:42:19 | DEBUG | [20260724_234151] 信号异常 国防ETF: All arrays must be of the same length
2026-07-24 23:42:19 | DEBUG | [20260724_234151] 信号异常 稀土ETF: All arrays must be of the same length
2026-07-24 23:42:19 | DEBUG | [20260724_234151] 信号异常 有色金属ETF: All arrays must be of the same length
2026-07-24 23:42:19 | DEBUG | [20260724_234151] 信号异常 煤炭ETF: All arrays must be of the same length
2026-07-24 23:42:19 | DEBUG | [20260724_234151] 信号异常 化工ETF: All arrays must be of the same length
2026-07-24 23:42:19 | DEBUG | [20260724_234151] 信号异常 钢铁ETF: All arrays must be of the same length
2026-07-24 23:42:19 | DEBUG | [20260724_234151] 信号异常 油气ETF: All arrays must be of the same length
2026-07-24 23:42:19 | DEBUG | [20260724_234151] 信号异常 传媒ETF: All arrays must be of the same length
2026-07-24 23:42:19 | DEBUG | [20260724_234151] 信号异常 游戏ETF: All arrays must be of the same length
2026-07-24 23:42:19 | DEBUG | [20260724_234151] 信号异常 机器人ETF: All arrays must be of the same length
2026-07-24 23:42:19 | DEBUG | [20260724_234151] 信号异常 汽车ETF: All arrays must be of the same length
2026-07-24 23:42:19 | DEBUG | [20260724_234151] 信号异常 基建ETF: All arrays must be of the same length
2026-07-24 23:42:19 | DEBUG | [20260724_234151] 信号异常 红利ETF: All arrays must be of the same length
2026-07-24 23:42:19 | DEBUG | [20260724_234151] 信号异常 中证红利ETF: All arrays must be of the same length
2026-07-24 23:42:19 | WARNING | [20260724_234151] 2026-07-21 回测异常: Account.holdings_value() missing 1 required positional argument: 'prices'
2026-07-24 23:42:19 | DEBUG | [20260724_234151] 信号异常 中证500ETF: All arrays must be of the same length
2026-07-24 23:42:19 | DEBUG | [20260724_234151] 信号异常 中证1000ETF: All arrays must be of the same length
2026-07-24 23:42:19 | DEBUG | [20260724_234151] 信号异常 银行ETF: All arrays must be of the same length
2026-07-24 23:42:19 | DEBUG | [20260724_234151] 信号异常 券商ETF: All arrays must be of the same length
2026-07-24 23:42:19 | DEBUG | [20260724_234151] 信号异常 房地产ETF: All arrays must be of the same length
2026-07-24 23:42:19 | DEBUG | [20260724_234151] 信号异常 食品饮料ETF: All arrays must be of the same length
2026-07-24 23:42:19 | DEBUG | [20260724_234151] 信号异常 养殖ETF: All arrays must be of the same length
2026-07-24 23:42:19 | DEBUG | [20260724_234151] 信号异常 酒ETF: All arrays must be of the same length
2026-07-24 23:42:19 | DEBUG | [20260724_234151] 信号异常 家电ETF: All arrays must be of the same length
2026-07-24 23:42:19 | DEBUG | [20260724_234151] 信号异常 医药ETF: All arrays must be of the same length
2026-07-24 23:42:19 | DEBUG | [20260724_234151] 信号异常 创新药ETF: All arrays must be of the same length
2026-07-24 23:42:19 | DEBUG | [20260724_234151] 信号异常 医疗ETF: All arrays must be of the same length
2026-07-24 23:42:19 | DEBUG | [20260724_234151] 信号异常 计算机ETF: All arrays must be of the same length
2026-07-24 23:42:19 | DEBUG | [20260724_234151] 信号异常 人工智能ETF: All arrays must be of the same length
2026-07-24 23:42:19 | DEBUG | [20260724_234151] 信号异常 新能源车ETF: All arrays must be of the same length
2026-07-24 23:42:19 | DEBUG | [20260724_234151] 信号异常 电力ETF: All arrays must be of the same length
2026-07-24 23:42:19 | DEBUG | [20260724_234151] 信号异常 光伏ETF: All arrays must be of the same length
2026-07-24 23:42:19 | DEBUG | [20260724_234151] 信号异常 军工ETF: All arrays must be of the same length
2026-07-24 23:42:19 | DEBUG | [20260724_234151] 信号异常 国防ETF: All arrays must be of the same length
2026-07-24 23:42:19 | DEBUG | [20260724_234151] 信号异常 稀土ETF: All arrays must be of the same length
2026-07-24 23:42:19 | DEBUG | [20260724_234151] 信号异常 有色金属ETF: All arrays must be of the same length
2026-07-24 23:42:19 | DEBUG | [20260724_234151] 信号异常 煤炭ETF: All arrays must be of the same length
2026-07-24 23:42:19 | DEBUG | [20260724_234151] 信号异常 化工ETF: All arrays must be of the same length
2026-07-24 23:42:19 | DEBUG | [20260724_234151] 信号异常 钢铁ETF: All arrays must be of the same length
2026-07-24 23:42:19 | DEBUG | [20260724_234151] 信号异常 油气ETF: All arrays must be of the same length
2026-07-24 23:42:19 | DEBUG | [20260724_234151] 信号异常 传媒ETF: All arrays must be of the same length
2026-07-24 23:42:19 | DEBUG | [20260724_234151] 信号异常 游戏ETF: All arrays must be of the same length
2026-07-24 23:42:19 | DEBUG | [20260724_234151] 信号异常 机器人ETF: All arrays must be of the same length
2026-07-24 23:42:19 | DEBUG | [20260724_234151] 信号异常 汽车ETF: All arrays must be of the same length
2026-07-24 23:42:19 | DEBUG | [20260724_234151] 信号异常 基建ETF: All arrays must be of the same length
2026-07-24 23:42:19 | DEBUG | [20260724_234151] 信号异常 红利ETF: All arrays must be of the same length
2026-07-24 23:42:19 | DEBUG | [20260724_234151] 信号异常 中证红利ETF: All arrays must be of the same length
2026-07-24 23:42:19 | WARNING | [20260724_234151] 2026-07-22 回测异常: Account.holdings_value() missing 1 required positional argument: 'prices'
2026-07-24 23:42:19 | DEBUG | [20260724_234151] 信号异常 中证500ETF: All arrays must be of the same length
2026-07-24 23:42:19 | DEBUG | [20260724_234151] 信号异常 中证1000ETF: All arrays must be of the same length
2026-07-24 23:42:19 | DEBUG | [20260724_234151] 信号异常 银行ETF: All arrays must be of the same length
2026-07-24 23:42:19 | DEBUG | [20260724_234151] 信号异常 券商ETF: All arrays must be of the same length
2026-07-24 23:42:19 | DEBUG | [20260724_234151] 信号异常 房地产ETF: All arrays must be of the same length
2026-07-24 23:42:19 | DEBUG | [20260724_234151] 信号异常 食品饮料ETF: All arrays must be of the same length
2026-07-24 23:42:19 | DEBUG | [20260724_234151] 信号异常 养殖ETF: All arrays must be of the same length
2026-07-24 23:42:19 | DEBUG | [20260724_234151] 信号异常 酒ETF: All arrays must be of the same length
2026-07-24 23:42:19 | DEBUG | [20260724_234151] 信号异常 家电ETF: All arrays must be of the same length
2026-07-24 23:42:19 | DEBUG | [20260724_234151] 信号异常 医药ETF: All arrays must be of the same length
2026-07-24 23:42:19 | DEBUG | [20260724_234151] 信号异常 创新药ETF: All arrays must be of the same length
2026-07-24 23:42:19 | DEBUG | [20260724_234151] 信号异常 医疗ETF: All arrays must be of the same length
2026-07-24 23:42:19 | DEBUG | [20260724_234151] 信号异常 计算机ETF: All arrays must be of the same length
2026-07-24 23:42:19 | DEBUG | [20260724_234151] 信号异常 人工智能ETF: All arrays must be of the same length
2026-07-24 23:42:19 | DEBUG | [20260724_234151] 信号异常 新能源车ETF: All arrays must be of the same length
2026-07-24 23:42:19 | DEBUG | [20260724_234151] 信号异常 电力ETF: All arrays must be of the same length
2026-07-24 23:42:19 | DEBUG | [20260724_234151] 信号异常 光伏ETF: All arrays must be of the same length
2026-07-24 23:42:19 | DEBUG | [20260724_234151] 信号异常 军工ETF: All arrays must be of the same length
2026-07-24 23:42:19 | DEBUG | [20260724_234151] 信号异常 国防ETF: All arrays must be of the same length
2026-07-24 23:42:19 | DEBUG | [20260724_234151] 信号异常 稀土ETF: All arrays must be of the same length
2026-07-24 23:42:19 | DEBUG | [20260724_234151] 信号异常 有色金属ETF: All arrays must be of the same length
2026-07-24 23:42:19 | DEBUG | [20260724_234151] 信号异常 煤炭ETF: All arrays must be of the same length
2026-07-24 23:42:19 | DEBUG | [20260724_234151] 信号异常 化工ETF: All arrays must be of the same length
2026-07-24 23:42:19 | DEBUG | [20260724_234151] 信号异常 钢铁ETF: All arrays must be of the same length
2026-07-24 23:42:19 | DEBUG | [20260724_234151] 信号异常 油气ETF: All arrays must be of the same length
2026-07-24 23:42:19 | DEBUG | [20260724_234151] 信号异常 传媒ETF: All arrays must be of the same length
2026-07-24 23:42:19 | DEBUG | [20260724_234151] 信号异常 游戏ETF: All arrays must be of the same length
2026-07-24 23:42:19 | DEBUG | [20260724_234151] 信号异常 机器人ETF: All arrays must be of the same length
2026-07-24 23:42:19 | DEBUG | [20260724_234151] 信号异常 汽车ETF: All arrays must be of the same length
2026-07-24 23:42:19 | DEBUG | [20260724_234151] 信号异常 基建ETF: All arrays must be of the same length
2026-07-24 23:42:19 | DEBUG | [20260724_234151] 信号异常 红利ETF: All arrays must be of the same length
2026-07-24 23:42:19 | DEBUG | [20260724_234151] 信号异常 中证红利ETF: All arrays must be of the same length
2026-07-24 23:42:19 | WARNING | [20260724_234151] 2026-07-23 回测异常: Account.holdings_value() missing 1 required positional argument: 'prices'
2026-07-24 23:42:19 | DEBUG | [20260724_234151] 信号异常 中证500ETF: All arrays must be of the same length
2026-07-24 23:42:19 | DEBUG | [20260724_234151] 信号异常 中证1000ETF: All arrays must be of the same length
2026-07-24 23:42:19 | DEBUG | [20260724_234151] 信号异常 银行ETF: All arrays must be of the same length
2026-07-24 23:42:19 | DEBUG | [20260724_234151] 信号异常 券商ETF: All arrays must be of the same length
2026-07-24 23:42:19 | DEBUG | [20260724_234151] 信号异常 房地产ETF: All arrays must be of the same length
2026-07-24 23:42:19 | DEBUG | [20260724_234151] 信号异常 食品饮料ETF: All arrays must be of the same length
2026-07-24 23:42:19 | DEBUG | [20260724_234151] 信号异常 养殖ETF: All arrays must be of the same length
2026-07-24 23:42:19 | DEBUG | [20260724_234151] 信号异常 酒ETF: All arrays must be of the same length
2026-07-24 23:42:19 | DEBUG | [20260724_234151] 信号异常 家电ETF: All arrays must be of the same length
2026-07-24 23:42:19 | DEBUG | [20260724_234151] 信号异常 医药ETF: All arrays must be of the same length
2026-07-24 23:42:19 | DEBUG | [20260724_234151] 信号异常 创新药ETF: All arrays must be of the same length
2026-07-24 23:42:19 | DEBUG | [20260724_234151] 信号异常 医疗ETF: All arrays must be of the same length
2026-07-24 23:42:19 | DEBUG | [20260724_234151] 信号异常 计算机ETF: All arrays must be of the same length
2026-07-24 23:42:19 | DEBUG | [20260724_234151] 信号异常 人工智能ETF: All arrays must be of the same length
2026-07-24 23:42:19 | DEBUG | [20260724_234151] 信号异常 新能源车ETF: All arrays must be of the same length
2026-07-24 23:42:19 | DEBUG | [20260724_234151] 信号异常 电力ETF: All arrays must be of the same length
2026-07-24 23:42:19 | DEBUG | [20260724_234151] 信号异常 光伏ETF: All arrays must be of the same length
2026-07-24 23:42:19 | DEBUG | [20260724_234151] 信号异常 军工ETF: All arrays must be of the same length
2026-07-24 23:42:19 | DEBUG | [20260724_234151] 信号异常 国防ETF: All arrays must be of the same length
2026-07-24 23:42:19 | DEBUG | [20260724_234151] 信号异常 稀土ETF: All arrays must be of the same length
2026-07-24 23:42:19 | DEBUG | [20260724_234151] 信号异常 有色金属ETF: All arrays must be of the same length
2026-07-24 23:42:19 | DEBUG | [20260724_234151] 信号异常 煤炭ETF: All arrays must be of the same length
2026-07-24 23:42:19 | DEBUG | [20260724_234151] 信号异常 化工ETF: All arrays must be of the same length
2026-07-24 23:42:19 | DEBUG | [20260724_234151] 信号异常 钢铁ETF: All arrays must be of the same length
2026-07-24 23:42:19 | DEBUG | [20260724_234151] 信号异常 油气ETF: All arrays must be of the same length
2026-07-24 23:42:19 | DEBUG | [20260724_234151] 信号异常 传媒ETF: All arrays must be of the same length
2026-07-24 23:42:19 | DEBUG | [20260724_234151] 信号异常 游戏ETF: All arrays must be of the same length
2026-07-24 23:42:19 | DEBUG | [20260724_234151] 信号异常 机器人ETF: All arrays must be of the same length
2026-07-24 23:42:19 | DEBUG | [20260724_234151] 信号异常 汽车ETF: All arrays must be of the same length
2026-07-24 23:42:19 | DEBUG | [20260724_234151] 信号异常 基建ETF: All arrays must be of the same length
2026-07-24 23:42:19 | DEBUG | [20260724_234151] 信号异常 红利ETF: All arrays must be of the same length
2026-07-24 23:42:19 | DEBUG | [20260724_234151] 信号异常 中证红利ETF: All arrays must be of the same length
2026-07-24 23:42:19 | WARNING | [20260724_234151] 2026-07-24 回测异常: Account.holdings_value() missing 1 required positional argument: 'prices'
